Check_ID,Meal_Period,Item_Code,Item,Qty,Net_Revenue,Approved_Cost,Classic_CM
JUL26-00001,Brunch,F01,Ribeye Steak,1,45.0,17.0,28.0
JUL26-00008,Brunch,F01,Ribeye Steak,1,45.0,17.0,28.0
JUL26-00015,Brunch,F01,Ribeye Steak,1,45.0,17.0,28.0
JUL26-00022,Brunch,F01,Ribeye Steak,1,45.0,17.0,28.0
JUL26-00029,Brunch,F01,Ribeye Steak,1,45.0,17.0,28.0
JUL26-00036,Brunch,F01,Ribeye Steak,1,45.0,17.0,28.0
JUL26-00043,Brunch,F01,Ribeye Steak,1,45.0,17.0,28.0
JUL26-00050,Brunch,F01,Ribeye Steak,1,45.0,17.0,28.0
JUL26-00057,Brunch,F01,Ribeye Steak,1,45.0,17.0,28.0
JUL26-00064,Brunch,F01,Ribeye Steak,1,45.0,17.0,28.0
JUL26-00071,Brunch,F01,Ribeye Steak,1,45.0,17.0,28.0
JUL26-00078,Brunch,F01,Ribeye Steak,1,45.0,17.0,28.0
JUL26-00085,Brunch,F01,Ribeye Steak,1,45.0,17.0,28.0
JUL26-00092,Brunch,F01,Ribeye Steak,1,45.0,17.0,28.0
JUL26-00099,Brunch,F01,Ribeye Steak,1,45.0,17.0,28.0
JUL26-00106,Brunch,F01,Ribeye Steak,1,45.0,17.0,28.0
JUL26-00113,Brunch,F01,Ribeye Steak,1,45.0,17.0,28.0
JUL26-00120,Brunch,F01,Ribeye Steak,1,45.0,17.0,28.0
JUL26-00127,Brunch,F01,Ribeye Steak,1,45.0,17.0,28.0
JUL26-00134,Brunch,F01,Ribeye Steak,1,45.0,17.0,28.0
JUL26-00141,Brunch,F01,Ribeye Steak,1,45.0,17.0,28.0
JUL26-00148,Brunch,F01,Ribeye Steak,1,45.0,17.0,28.0
JUL26-00155,Brunch,F01,Ribeye Steak,1,45.0,17.0,28.0
JUL26-00162,Brunch,F01,Ribeye Steak,1,45.0,17.0,28.0
JUL26-00169,Brunch,F01,Ribeye Steak,1,45.0,17.0,28.0
JUL26-00176,Brunch,F01,Ribeye Steak,1,45.0,17.0,28.0
JUL26-00183,Brunch,F01,Ribeye Steak,1,45.0,17.0,28.0
JUL26-00190,Brunch,F01,Ribeye Steak,1,45.0,17.0,28.0
JUL26-00197,Brunch,F01,Ribeye Steak,1,45.0,17.0,28.0
JUL26-00204,Brunch,F01,Ribeye Steak,1,45.0,17.0,28.0
JUL26-00211,Brunch,F01,Ribeye Steak,1,45.0,17.0,28.0
JUL26-00218,Brunch,F01,Ribeye Steak,1,45.0,17.0,28.0
JUL26-00225,Brunch,F01,Ribeye Steak,1,45.0,17.0,28.0
JUL26-00232,Brunch,F01,Ribeye Steak,1,45.0,17.0,28.0
JUL26-00239,Brunch,F01,Ribeye Steak,1,45.0,17.0,28.0
JUL26-00246,Brunch,F01,Ribeye Steak,1,45.0,17.0,28.0
JUL26-00253,Brunch,F01,Ribeye Steak,1,45.0,17.0,28.0
JUL26-00260,Brunch,F01,Ribeye Steak,1,45.0,17.0,28.0
JUL26-00267,Brunch,F01,Ribeye Steak,1,45.0,17.0,28.0
JUL26-00274,Brunch,F01,Ribeye Steak,1,45.0,17.0,28.0
JUL26-00281,Brunch,F01,Ribeye Steak,1,45.0,17.0,28.0
JUL26-00288,Brunch,F01,Ribeye Steak,1,45.0,17.0,28.0
JUL26-00295,Brunch,F01,Ribeye Steak,1,45.0,17.0,28.0
JUL26-00302,Brunch,F01,Ribeye Steak,1,45.0,17.0,28.0
JUL26-00309,Brunch,F01,Ribeye Steak,1,45.0,17.0,28.0
JUL26-00316,Brunch,F01,Ribeye Steak,1,45.0,17.0,28.0
JUL26-00323,Brunch,F01,Ribeye Steak,1,45.0,17.0,28.0
JUL26-00330,Brunch,F01,Ribeye Steak,1,45.0,17.0,28.0
JUL26-00337,Brunch,F01,Ribeye Steak,1,45.0,17.0,28.0
JUL26-00344,Brunch,F01,Ribeye Steak,1,45.0,17.0,28.0
JUL26-00351,Brunch,F01,Ribeye Steak,1,45.0,17.0,28.0
JUL26-00358,Brunch,F01,Ribeye Steak,1,45.0,17.0,28.0
JUL26-00365,Brunch,F01,Ribeye Steak,1,45.0,17.0,28.0
JUL26-00372,Brunch,F01,Ribeye Steak,1,45.0,17.0,28.0
JUL26-00379,Brunch,F01,Ribeye Steak,1,45.0,17.0,28.0
JUL26-00386,Brunch,F01,Ribeye Steak,1,45.0,17.0,28.0
JUL26-00393,Brunch,F01,Ribeye Steak,1,45.0,17.0,28.0
JUL26-00400,Brunch,F01,Ribeye Steak,1,45.0,17.0,28.0
JUL26-00407,Brunch,F01,Ribeye Steak,1,45.0,17.0,28.0
JUL26-00414,Brunch,F01,Ribeye Steak,1,45.0,17.0,28.0
JUL26-00421,Brunch,F01,Ribeye Steak,1,45.0,17.0,28.0
JUL26-00428,Brunch,F01,Ribeye Steak,1,45.0,17.0,28.0
JUL26-00435,Brunch,F01,Ribeye Steak,1,45.0,17.0,28.0
JUL26-00442,Brunch,F01,Ribeye Steak,1,45.0,17.0,28.0
JUL26-00449,Brunch,F01,Ribeye Steak,1,45.0,17.0,28.0
JUL26-00456,Brunch,F01,Ribeye Steak,1,45.0,17.0,28.0
JUL26-00463,Brunch,F01,Ribeye Steak,1,45.0,17.0,28.0
JUL26-00470,Brunch,F01,Ribeye Steak,1,45.0,17.0,28.0
JUL26-00477,Brunch,F01,Ribeye Steak,1,45.0,17.0,28.0
JUL26-00484,Brunch,F01,Ribeye Steak,1,45.0,17.0,28.0
JUL26-00491,Brunch,F01,Ribeye Steak,1,45.0,17.0,28.0
JUL26-00498,Brunch,F01,Ribeye Steak,1,45.0,17.0,28.0
JUL26-00505,Brunch,F01,Ribeye Steak,1,45.0,17.0,28.0
JUL26-00512,Brunch,F01,Ribeye Steak,1,45.0,17.0,28.0
JUL26-00519,Brunch,F01,Ribeye Steak,1,45.0,17.0,28.0
JUL26-00526,Brunch,F01,Ribeye Steak,1,45.0,17.0,28.0
JUL26-00533,Brunch,F01,Ribeye Steak,1,45.0,17.0,28.0
JUL26-00540,Brunch,F01,Ribeye Steak,1,45.0,17.0,28.0
JUL26-00547,Brunch,F01,Ribeye Steak,1,45.0,17.0,28.0
JUL26-00554,Brunch,F01,Ribeye Steak,1,45.0,17.0,28.0
JUL26-00561,Brunch,F01,Ribeye Steak,1,45.0,17.0,28.0
JUL26-00568,Brunch,F01,Ribeye Steak,1,45.0,17.0,28.0
JUL26-00575,Brunch,F01,Ribeye Steak,1,45.0,17.0,28.0
JUL26-00582,Brunch,F01,Ribeye Steak,1,45.0,17.0,28.0
JUL26-00589,Brunch,F01,Ribeye Steak,1,45.0,17.0,28.0
JUL26-00596,Brunch,F01,Ribeye Steak,1,45.0,17.0,28.0
JUL26-00603,Brunch,F01,Ribeye Steak,1,45.0,17.0,28.0
JUL26-00610,Brunch,F01,Ribeye Steak,1,45.0,17.0,28.0
JUL26-00617,Brunch,F01,Ribeye Steak,1,45.0,17.0,28.0
JUL26-00624,Brunch,F01,Ribeye Steak,1,45.0,17.0,28.0
JUL26-00631,Brunch,F01,Ribeye Steak,1,45.0,17.0,28.0
JUL26-00638,Brunch,F01,Ribeye Steak,1,45.0,17.0,28.0
JUL26-00645,Brunch,F01,Ribeye Steak,1,45.0,17.0,28.0
JUL26-00652,Brunch,F01,Ribeye Steak,1,45.0,17.0,28.0
JUL26-00659,Brunch,F01,Ribeye Steak,1,45.0,17.0,28.0
JUL26-00666,Brunch,F01,Ribeye Steak,1,45.0,17.0,28.0
JUL26-00673,Brunch,F01,Ribeye Steak,1,45.0,17.0,28.0
JUL26-00680,Brunch,F01,Ribeye Steak,1,45.0,17.0,28.0
JUL26-00687,Brunch,F01,Ribeye Steak,1,45.0,17.0,28.0
JUL26-00694,Brunch,F01,Ribeye Steak,1,45.0,17.0,28.0
JUL26-00701,Lunch,F01,Ribeye Steak,1,45.0,17.0,28.0
JUL26-00708,Lunch,F01,Ribeye Steak,1,45.0,17.0,28.0
JUL26-00715,Lunch,F01,Ribeye Steak,1,45.0,17.0,28.0
JUL26-00722,Lunch,F01,Ribeye Steak,1,45.0,17.0,28.0
JUL26-00729,Lunch,F01,Ribeye Steak,1,45.0,17.0,28.0
JUL26-00736,Lunch,F01,Ribeye Steak,1,45.0,17.0,28.0
JUL26-00743,Lunch,F01,Ribeye Steak,1,45.0,17.0,28.0
JUL26-00750,Lunch,F01,Ribeye Steak,1,45.0,17.0,28.0
JUL26-00757,Lunch,F01,Ribeye Steak,1,45.0,17.0,28.0
JUL26-00764,Lunch,F01,Ribeye Steak,1,45.0,17.0,28.0
JUL26-00771,Lunch,F01,Ribeye Steak,1,45.0,17.0,28.0
JUL26-00778,Lunch,F01,Ribeye Steak,1,45.0,17.0,28.0
JUL26-00785,Lunch,F01,Ribeye Steak,1,45.0,17.0,28.0
JUL26-00792,Lunch,F01,Ribeye Steak,1,45.0,17.0,28.0
JUL26-00799,Lunch,F01,Ribeye Steak,1,45.0,17.0,28.0
JUL26-00806,Lunch,F01,Ribeye Steak,1,45.0,17.0,28.0
JUL26-00813,Lunch,F01,Ribeye Steak,1,45.0,17.0,28.0
JUL26-00820,Lunch,F01,Ribeye Steak,1,45.0,17.0,28.0
JUL26-00827,Lunch,F01,Ribeye Steak,1,45.0,17.0,28.0
JUL26-00834,Lunch,F01,Ribeye Steak,1,45.0,17.0,28.0
JUL26-00841,Lunch,F01,Ribeye Steak,1,45.0,17.0,28.0
JUL26-00848,Lunch,F01,Ribeye Steak,1,45.0,17.0,28.0
JUL26-00855,Lunch,F01,Ribeye Steak,1,45.0,17.0,28.0
JUL26-00862,Lunch,F01,Ribeye Steak,1,45.0,17.0,28.0
JUL26-00869,Lunch,F01,Ribeye Steak,1,45.0,17.0,28.0
JUL26-00876,Lunch,F01,Ribeye Steak,1,45.0,17.0,28.0
JUL26-00883,Lunch,F01,Ribeye Steak,1,45.0,17.0,28.0
JUL26-00890,Lunch,F01,Ribeye Steak,1,45.0,17.0,28.0
JUL26-00897,Lunch,F01,Ribeye Steak,1,45.0,17.0,28.0
JUL26-00904,Lunch,F01,Ribeye Steak,1,45.0,17.0,28.0
JUL26-00911,Lunch,F01,Ribeye Steak,1,45.0,17.0,28.0
JUL26-00918,Lunch,F01,Ribeye Steak,1,45.0,17.0,28.0
JUL26-00925,Lunch,F01,Ribeye Steak,1,45.0,17.0,28.0
JUL26-00932,Lunch,F01,Ribeye Steak,1,45.0,17.0,28.0
JUL26-00939,Lunch,F01,Ribeye Steak,1,45.0,17.0,28.0
JUL26-00946,Lunch,F01,Ribeye Steak,1,45.0,17.0,28.0
JUL26-00953,Lunch,F01,Ribeye Steak,1,45.0,17.0,28.0
JUL26-00960,Lunch,F01,Ribeye Steak,1,45.0,17.0,28.0
JUL26-00967,Lunch,F01,Ribeye Steak,1,45.0,17.0,28.0
JUL26-00974,Lunch,F01,Ribeye Steak,1,45.0,17.0,28.0
JUL26-00981,Lunch,F01,Ribeye Steak,1,45.0,17.0,28.0
JUL26-00988,Lunch,F01,Ribeye Steak,1,45.0,17.0,28.0
JUL26-00995,Lunch,F01,Ribeye Steak,1,45.0,17.0,28.0
JUL26-01002,Lunch,F01,Ribeye Steak,1,45.0,17.0,28.0
JUL26-01009,Lunch,F01,Ribeye Steak,1,45.0,17.0,28.0
JUL26-01016,Lunch,F01,Ribeye Steak,1,45.0,17.0,28.0
JUL26-01023,Lunch,F01,Ribeye Steak,1,45.0,17.0,28.0
JUL26-01030,Lunch,F01,Ribeye Steak,1,45.0,17.0,28.0
JUL26-01037,Lunch,F01,Ribeye Steak,1,45.0,17.0,28.0
JUL26-01044,Lunch,F01,Ribeye Steak,1,45.0,17.0,28.0
JUL26-01051,Lunch,F01,Ribeye Steak,1,45.0,17.0,28.0
JUL26-01058,Lunch,F01,Ribeye Steak,1,45.0,17.0,28.0
JUL26-01065,Lunch,F01,Ribeye Steak,1,45.0,17.0,28.0
JUL26-01072,Lunch,F01,Ribeye Steak,1,45.0,17.0,28.0
JUL26-01079,Lunch,F01,Ribeye Steak,1,45.0,17.0,28.0
JUL26-01086,Lunch,F01,Ribeye Steak,1,45.0,17.0,28.0
JUL26-01093,Lunch,F01,Ribeye Steak,1,45.0,17.0,28.0
JUL26-01100,Lunch,F01,Ribeye Steak,1,45.0,17.0,28.0
JUL26-01107,Lunch,F01,Ribeye Steak,1,45.0,17.0,28.0
JUL26-01114,Lunch,F01,Ribeye Steak,1,45.0,17.0,28.0
JUL26-01121,Lunch,F01,Ribeye Steak,1,45.0,17.0,28.0
JUL26-01128,Lunch,F01,Ribeye Steak,1,45.0,17.0,28.0
JUL26-01135,Lunch,F01,Ribeye Steak,1,45.0,17.0,28.0
JUL26-01142,Lunch,F01,Ribeye Steak,1,45.0,17.0,28.0
JUL26-01149,Lunch,F01,Ribeye Steak,1,45.0,17.0,28.0
JUL26-01156,Lunch,F01,Ribeye Steak,1,45.0,17.0,28.0
JUL26-01163,Lunch,F01,Ribeye Steak,1,45.0,17.0,28.0
JUL26-01170,Lunch,F01,Ribeye Steak,1,45.0,17.0,28.0
JUL26-01177,Lunch,F01,Ribeye Steak,1,45.0,17.0,28.0
JUL26-01184,Lunch,F01,Ribeye Steak,1,45.0,17.0,28.0
JUL26-01191,Lunch,F01,Ribeye Steak,1,45.0,17.0,28.0
JUL26-01198,Lunch,F01,Ribeye Steak,1,45.0,17.0,28.0
JUL26-01205,Lunch,F01,Ribeye Steak,1,45.0,17.0,28.0
JUL26-01212,Lunch,F01,Ribeye Steak,1,45.0,17.0,28.0
JUL26-01219,Lunch,F01,Ribeye Steak,1,45.0,17.0,28.0
JUL26-01226,Lunch,F01,Ribeye Steak,1,45.0,17.0,28.0
JUL26-01233,Lunch,F01,Ribeye Steak,1,45.0,17.0,28.0
JUL26-01240,Lunch,F01,Ribeye Steak,1,45.0,17.0,28.0
JUL26-01247,Lunch,F01,Ribeye Steak,1,45.0,17.0,28.0
JUL26-01254,Lunch,F01,Ribeye Steak,1,45.0,17.0,28.0
JUL26-01261,Lunch,F01,Ribeye Steak,1,45.0,17.0,28.0
JUL26-01268,Lunch,F01,Ribeye Steak,1,45.0,17.0,28.0
JUL26-01275,Lunch,F01,Ribeye Steak,1,45.0,17.0,28.0
JUL26-01282,Lunch,F01,Ribeye Steak,1,45.0,17.0,28.0
JUL26-01289,Lunch,F01,Ribeye Steak,1,45.0,17.0,28.0
JUL26-01296,Lunch,F01,Ribeye Steak,1,45.0,17.0,28.0
JUL26-01303,Lunch,F01,Ribeye Steak,1,45.0,17.0,28.0
JUL26-01310,Lunch,F01,Ribeye Steak,1,45.0,17.0,28.0
JUL26-01317,Lunch,F01,Ribeye Steak,1,45.0,17.0,28.0
JUL26-01324,Lunch,F01,Ribeye Steak,1,45.0,17.0,28.0
JUL26-01331,Lunch,F01,Ribeye Steak,1,45.0,17.0,28.0
JUL26-01338,Lunch,F01,Ribeye Steak,1,45.0,17.0,28.0
JUL26-01345,Lunch,F01,Ribeye Steak,1,45.0,17.0,28.0
JUL26-01352,Lunch,F01,Ribeye Steak,1,45.0,17.0,28.0
JUL26-01359,Lunch,F01,Ribeye Steak,1,45.0,17.0,28.0
JUL26-01366,Lunch,F01,Ribeye Steak,1,45.0,17.0,28.0
JUL26-01373,Lunch,F01,Ribeye Steak,1,45.0,17.0,28.0
JUL26-01380,Lunch,F01,Ribeye Steak,1,45.0,17.0,28.0
JUL26-01387,Lunch,F01,Ribeye Steak,1,45.0,17.0,28.0
JUL26-01394,Lunch,F01,Ribeye Steak,1,45.0,17.0,28.0
JUL26-01401,Lunch,F01,Ribeye Steak,1,45.0,17.0,28.0
JUL26-01408,Lunch,F01,Ribeye Steak,1,45.0,17.0,28.0
JUL26-01415,Lunch,F01,Ribeye Steak,1,45.0,17.0,28.0
JUL26-01422,Lunch,F01,Ribeye Steak,1,45.0,17.0,28.0
JUL26-01429,Lunch,F01,Ribeye Steak,1,45.0,17.0,28.0
JUL26-01436,Lunch,F01,Ribeye Steak,1,45.0,17.0,28.0
JUL26-01443,Lunch,F01,Ribeye Steak,1,45.0,17.0,28.0
JUL26-01450,Lunch,F01,Ribeye Steak,1,45.0,17.0,28.0
JUL26-01457,Lunch,F01,Ribeye Steak,1,45.0,17.0,28.0
JUL26-01464,Lunch,F01,Ribeye Steak,1,45.0,17.0,28.0
JUL26-01471,Lunch,F01,Ribeye Steak,1,45.0,17.0,28.0
JUL26-01478,Lunch,F01,Ribeye Steak,1,45.0,17.0,28.0
JUL26-01485,Lunch,F01,Ribeye Steak,1,45.0,17.0,28.0
JUL26-01492,Lunch,F01,Ribeye Steak,1,45.0,17.0,28.0
JUL26-01499,Lunch,F01,Ribeye Steak,1,45.0,17.0,28.0
JUL26-01506,Lunch,F01,Ribeye Steak,1,45.0,17.0,28.0
JUL26-01513,Lunch,F01,Ribeye Steak,1,45.0,17.0,28.0
JUL26-01520,Lunch,F01,Ribeye Steak,1,45.0,17.0,28.0
JUL26-01527,Lunch,F01,Ribeye Steak,1,45.0,17.0,28.0
JUL26-01534,Lunch,F01,Ribeye Steak,1,45.0,17.0,28.0
JUL26-01541,Lunch,F01,Ribeye Steak,1,45.0,17.0,28.0
JUL26-01548,Lunch,F01,Ribeye Steak,1,45.0,17.0,28.0
JUL26-01555,Lunch,F01,Ribeye Steak,1,45.0,17.0,28.0
JUL26-01562,Lunch,F01,Ribeye Steak,1,45.0,17.0,28.0
JUL26-01569,Lunch,F01,Ribeye Steak,1,45.0,17.0,28.0
JUL26-01576,Lunch,F01,Ribeye Steak,1,45.0,17.0,28.0
JUL26-01583,Lunch,F01,Ribeye Steak,1,45.0,17.0,28.0
JUL26-01590,Lunch,F01,Ribeye Steak,1,45.0,17.0,28.0
JUL26-01597,Lunch,F01,Ribeye Steak,1,45.0,17.0,28.0
JUL26-01604,Lunch,F01,Ribeye Steak,1,45.0,17.0,28.0
JUL26-01611,Lunch,F01,Ribeye Steak,1,45.0,17.0,28.0
JUL26-01618,Lunch,F01,Ribeye Steak,1,45.0,17.0,28.0
JUL26-01625,Lunch,F01,Ribeye Steak,1,45.0,17.0,28.0
JUL26-01632,Lunch,F01,Ribeye Steak,1,45.0,17.0,28.0
JUL26-01639,Lunch,F01,Ribeye Steak,1,45.0,17.0,28.0
JUL26-01646,Lunch,F01,Ribeye Steak,1,45.0,17.0,28.0
JUL26-01653,Lunch,F01,Ribeye Steak,1,45.0,17.0,28.0
JUL26-01660,Lunch,F01,Ribeye Steak,1,45.0,17.0,28.0
JUL26-01667,Lunch,F01,Ribeye Steak,1,45.0,17.0,28.0
JUL26-01674,Lunch,F01,Ribeye Steak,1,45.0,17.0,28.0
JUL26-01681,Lunch,F01,Ribeye Steak,1,45.0,17.0,28.0
JUL26-01688,Lunch,F01,Ribeye Steak,1,45.0,17.0,28.0
JUL26-01695,Lunch,F01,Ribeye Steak,1,45.0,17.0,28.0
JUL26-01702,Lunch,F01,Ribeye Steak,1,45.0,17.0,28.0
JUL26-01709,Lunch,F01,Ribeye Steak,1,45.0,17.0,28.0
JUL26-01716,Lunch,F01,Ribeye Steak,1,45.0,17.0,28.0
JUL26-01723,Lunch,F01,Ribeye Steak,1,45.0,17.0,28.0
JUL26-01730,Lunch,F01,Ribeye Steak,1,45.0,17.0,28.0
JUL26-01737,Lunch,F01,Ribeye Steak,1,45.0,17.0,28.0
JUL26-01744,Lunch,F01,Ribeye Steak,1,45.0,17.0,28.0
JUL26-01751,Lunch,F01,Ribeye Steak,1,45.0,17.0,28.0
JUL26-01758,Lunch,F01,Ribeye Steak,1,45.0,17.0,28.0
JUL26-01765,Lunch,F01,Ribeye Steak,1,45.0,17.0,28.0
JUL26-01772,Lunch,F01,Ribeye Steak,1,45.0,17.0,28.0
JUL26-01779,Lunch,F01,Ribeye Steak,1,45.0,17.0,28.0
JUL26-01786,Lunch,F01,Ribeye Steak,1,45.0,17.0,28.0
JUL26-01793,Lunch,F01,Ribeye Steak,1,45.0,17.0,28.0
JUL26-01800,Lunch,F01,Ribeye Steak,1,45.0,17.0,28.0
JUL26-01807,Lunch,F01,Ribeye Steak,1,45.0,17.0,28.0
JUL26-01814,Lunch,F01,Ribeye Steak,1,45.0,17.0,28.0
JUL26-01821,Lunch,F01,Ribeye Steak,1,45.0,17.0,28.0
JUL26-01828,Lunch,F01,Ribeye Steak,1,45.0,17.0,28.0
JUL26-01835,Lunch,F01,Ribeye Steak,1,45.0,17.0,28.0
JUL26-01842,Lunch,F01,Ribeye Steak,1,45.0,17.0,28.0
JUL26-01849,Lunch,F01,Ribeye Steak,1,45.0,17.0,28.0
JUL26-01856,Lunch,F01,Ribeye Steak,1,45.0,17.0,28.0
JUL26-01863,Lunch,F01,Ribeye Steak,1,45.0,17.0,28.0
JUL26-01870,Lunch,F01,Ribeye Steak,1,45.0,17.0,28.0
JUL26-01877,Lunch,F01,Ribeye Steak,1,45.0,17.0,28.0
JUL26-01884,Lunch,F01,Ribeye Steak,1,45.0,17.0,28.0
JUL26-01891,Lunch,F01,Ribeye Steak,1,45.0,17.0,28.0
JUL26-01898,Lunch,F01,Ribeye Steak,1,45.0,17.0,28.0
JUL26-01905,Lunch,F01,Ribeye Steak,1,45.0,17.0,28.0
JUL26-01912,Lunch,F01,Ribeye Steak,1,45.0,17.0,28.0
JUL26-01919,Lunch,F01,Ribeye Steak,1,45.0,17.0,28.0
JUL26-01926,Lunch,F01,Ribeye Steak,1,45.0,17.0,28.0
JUL26-01933,Lunch,F01,Ribeye Steak,1,45.0,17.0,28.0
JUL26-01940,Lunch,F01,Ribeye Steak,1,45.0,17.0,28.0
JUL26-01947,Lunch,F01,Ribeye Steak,1,45.0,17.0,28.0
JUL26-01954,Lunch,F01,Ribeye Steak,1,45.0,17.0,28.0
JUL26-01961,Lunch,F01,Ribeye Steak,1,45.0,17.0,28.0
JUL26-01968,Lunch,F01,Ribeye Steak,1,45.0,17.0,28.0
JUL26-01975,Lunch,F01,Ribeye Steak,1,45.0,17.0,28.0
JUL26-01982,Lunch,F01,Ribeye Steak,1,45.0,17.0,28.0
JUL26-01989,Lunch,F01,Ribeye Steak,1,45.0,17.0,28.0
JUL26-01996,Lunch,F01,Ribeye Steak,1,45.0,17.0,28.0
JUL26-02003,Lunch,F01,Ribeye Steak,1,45.0,17.0,28.0
JUL26-02010,Lunch,F01,Ribeye Steak,1,45.0,17.0,28.0
JUL26-02017,Lunch,F01,Ribeye Steak,1,45.0,17.0,28.0
JUL26-02024,Lunch,F01,Ribeye Steak,1,45.0,17.0,28.0
JUL26-02031,Lunch,F01,Ribeye Steak,1,45.0,17.0,28.0
JUL26-02038,Lunch,F01,Ribeye Steak,1,45.0,17.0,28.0
JUL26-02045,Lunch,F01,Ribeye Steak,1,45.0,17.0,28.0
JUL26-02052,Lunch,F01,Ribeye Steak,1,45.0,17.0,28.0
JUL26-02059,Lunch,F01,Ribeye Steak,1,45.0,17.0,28.0
JUL26-02066,Lunch,F01,Ribeye Steak,1,45.0,17.0,28.0
JUL26-02073,Lunch,F01,Ribeye Steak,1,45.0,17.0,28.0
JUL26-02080,Lunch,F01,Ribeye Steak,1,45.0,17.0,28.0
JUL26-02087,Lunch,F01,Ribeye Steak,1,45.0,17.0,28.0
JUL26-02094,Lunch,F01,Ribeye Steak,1,45.0,17.0,28.0
JUL26-02101,Lunch,F01,Ribeye Steak,1,45.0,17.0,28.0
JUL26-02108,Lunch,F01,Ribeye Steak,1,45.0,17.0,28.0
JUL26-02115,Lunch,F01,Ribeye Steak,1,45.0,17.0,28.0
JUL26-02122,Lunch,F01,Ribeye Steak,1,45.0,17.0,28.0
JUL26-02129,Lunch,F01,Ribeye Steak,1,45.0,17.0,28.0
JUL26-02136,Lunch,F01,Ribeye Steak,1,45.0,17.0,28.0
JUL26-02143,Lunch,F01,Ribeye Steak,1,45.0,17.0,28.0
JUL26-02150,Lunch,F01,Ribeye Steak,1,45.0,17.0,28.0
JUL26-02157,Lunch,F01,Ribeye Steak,1,45.0,17.0,28.0
JUL26-02164,Lunch,F01,Ribeye Steak,1,45.0,17.0,28.0
JUL26-02171,Lunch,F01,Ribeye Steak,1,45.0,17.0,28.0
JUL26-02178,Lunch,F01,Ribeye Steak,1,45.0,17.0,28.0
JUL26-02185,Dinner,F01,Ribeye Steak,1,45.0,17.0,28.0
JUL26-02192,Dinner,F01,Ribeye Steak,1,45.0,17.0,28.0
JUL26-02199,Dinner,F01,Ribeye Steak,1,45.0,17.0,28.0
JUL26-02206,Dinner,F01,Ribeye Steak,1,45.0,17.0,28.0
JUL26-02213,Dinner,F01,Ribeye Steak,1,45.0,17.0,28.0
JUL26-02220,Dinner,F01,Ribeye Steak,1,45.0,17.0,28.0
JUL26-02227,Dinner,F01,Ribeye Steak,1,45.0,17.0,28.0
JUL26-02234,Dinner,F01,Ribeye Steak,1,45.0,17.0,28.0
JUL26-02241,Dinner,F01,Ribeye Steak,1,45.0,17.0,28.0
JUL26-02248,Dinner,F01,Ribeye Steak,1,45.0,17.0,28.0
JUL26-02255,Dinner,F01,Ribeye Steak,1,45.0,17.0,28.0
JUL26-02262,Dinner,F01,Ribeye Steak,1,45.0,17.0,28.0
JUL26-02269,Dinner,F01,Ribeye Steak,1,45.0,17.0,28.0
JUL26-02276,Dinner,F01,Ribeye Steak,1,45.0,17.0,28.0
JUL26-02283,Dinner,F01,Ribeye Steak,1,45.0,17.0,28.0
JUL26-02290,Dinner,F01,Ribeye Steak,1,45.0,17.0,28.0
JUL26-02297,Dinner,F01,Ribeye Steak,1,45.0,17.0,28.0
JUL26-02304,Dinner,F01,Ribeye Steak,1,45.0,17.0,28.0
JUL26-02311,Dinner,F01,Ribeye Steak,1,45.0,17.0,28.0
JUL26-02318,Dinner,F01,Ribeye Steak,1,45.0,17.0,28.0
JUL26-02325,Dinner,F01,Ribeye Steak,1,45.0,17.0,28.0
JUL26-02332,Dinner,F01,Ribeye Steak,1,45.0,17.0,28.0
JUL26-02339,Dinner,F01,Ribeye Steak,1,45.0,17.0,28.0
JUL26-02346,Dinner,F01,Ribeye Steak,1,45.0,17.0,28.0
JUL26-02353,Dinner,F01,Ribeye Steak,1,45.0,17.0,28.0
JUL26-02360,Dinner,F01,Ribeye Steak,1,45.0,17.0,28.0
JUL26-02367,Dinner,F01,Ribeye Steak,1,45.0,17.0,28.0
JUL26-02374,Dinner,F01,Ribeye Steak,1,45.0,17.0,28.0
JUL26-02381,Dinner,F01,Ribeye Steak,1,45.0,17.0,28.0
JUL26-02388,Dinner,F01,Ribeye Steak,1,45.0,17.0,28.0
JUL26-02395,Dinner,F01,Ribeye Steak,1,45.0,17.0,28.0
JUL26-02402,Dinner,F01,Ribeye Steak,1,45.0,17.0,28.0
JUL26-02409,Dinner,F01,Ribeye Steak,1,45.0,17.0,28.0
JUL26-02416,Dinner,F01,Ribeye Steak,1,45.0,17.0,28.0
JUL26-02423,Dinner,F01,Ribeye Steak,1,45.0,17.0,28.0
JUL26-02430,Dinner,F01,Ribeye Steak,1,45.0,17.0,28.0
JUL26-02437,Dinner,F01,Ribeye Steak,1,45.0,17.0,28.0
JUL26-02444,Dinner,F01,Ribeye Steak,1,45.0,17.0,28.0
JUL26-02451,Dinner,F01,Ribeye Steak,1,45.0,17.0,28.0
JUL26-02458,Dinner,F01,Ribeye Steak,1,45.0,17.0,28.0
JUL26-02465,Dinner,F01,Ribeye Steak,1,45.0,17.0,28.0
JUL26-02472,Dinner,F01,Ribeye Steak,1,45.0,17.0,28.0
JUL26-02479,Dinner,F01,Ribeye Steak,1,45.0,17.0,28.0
JUL26-02486,Dinner,F01,Ribeye Steak,1,45.0,17.0,28.0
JUL26-02493,Dinner,F01,Ribeye Steak,1,45.0,17.0,28.0
JUL26-02500,Dinner,F01,Ribeye Steak,1,45.0,17.0,28.0
JUL26-02507,Dinner,F01,Ribeye Steak,1,45.0,17.0,28.0
JUL26-02514,Dinner,F01,Ribeye Steak,1,45.0,17.0,28.0
JUL26-02521,Dinner,F01,Ribeye Steak,1,45.0,17.0,28.0
JUL26-02528,Dinner,F01,Ribeye Steak,1,45.0,17.0,28.0
JUL26-02535,Dinner,F01,Ribeye Steak,1,45.0,17.0,28.0
JUL26-02542,Dinner,F01,Ribeye Steak,1,45.0,17.0,28.0
JUL26-02549,Dinner,F01,Ribeye Steak,1,45.0,17.0,28.0
JUL26-02556,Dinner,F01,Ribeye Steak,1,45.0,17.0,28.0
JUL26-02563,Dinner,F01,Ribeye Steak,1,45.0,17.0,28.0
JUL26-02570,Dinner,F01,Ribeye Steak,1,45.0,17.0,28.0
JUL26-02577,Dinner,F01,Ribeye Steak,1,45.0,17.0,28.0
JUL26-02584,Dinner,F01,Ribeye Steak,1,45.0,17.0,28.0
JUL26-02591,Dinner,F01,Ribeye Steak,1,45.0,17.0,28.0
JUL26-02598,Dinner,F01,Ribeye Steak,1,45.0,17.0,28.0
JUL26-02605,Dinner,F01,Ribeye Steak,1,45.0,17.0,28.0
JUL26-02612,Dinner,F01,Ribeye Steak,1,45.0,17.0,28.0
JUL26-02619,Dinner,F01,Ribeye Steak,1,45.0,17.0,28.0
JUL26-02626,Dinner,F01,Ribeye Steak,1,45.0,17.0,28.0
JUL26-02633,Dinner,F01,Ribeye Steak,1,45.0,17.0,28.0
JUL26-02640,Dinner,F01,Ribeye Steak,1,45.0,17.0,28.0
JUL26-02647,Dinner,F01,Ribeye Steak,1,45.0,17.0,28.0
JUL26-02654,Dinner,F01,Ribeye Steak,1,45.0,17.0,28.0
JUL26-02661,Dinner,F01,Ribeye Steak,1,45.0,17.0,28.0
JUL26-02668,Dinner,F01,Ribeye Steak,1,45.0,17.0,28.0
JUL26-02675,Dinner,F01,Ribeye Steak,1,45.0,17.0,28.0
JUL26-02682,Dinner,F01,Ribeye Steak,1,45.0,17.0,28.0
JUL26-02689,Dinner,F01,Ribeye Steak,1,45.0,17.0,28.0
JUL26-02696,Dinner,F01,Ribeye Steak,1,45.0,17.0,28.0
JUL26-02703,Dinner,F01,Ribeye Steak,1,45.0,17.0,28.0
JUL26-02710,Dinner,F01,Ribeye Steak,1,45.0,17.0,28.0
JUL26-02717,Dinner,F01,Ribeye Steak,1,45.0,17.0,28.0
JUL26-02724,Dinner,F01,Ribeye Steak,1,45.0,17.0,28.0
JUL26-02731,Dinner,F01,Ribeye Steak,1,45.0,17.0,28.0
JUL26-02738,Dinner,F01,Ribeye Steak,1,45.0,17.0,28.0
JUL26-02745,Dinner,F01,Ribeye Steak,1,45.0,17.0,28.0
JUL26-02752,Dinner,F01,Ribeye Steak,1,45.0,17.0,28.0
JUL26-02759,Dinner,F01,Ribeye Steak,1,45.0,17.0,28.0
JUL26-02766,Dinner,F01,Ribeye Steak,1,45.0,17.0,28.0
JUL26-02773,Dinner,F01,Ribeye Steak,1,45.0,17.0,28.0
JUL26-02780,Dinner,F01,Ribeye Steak,1,45.0,17.0,28.0
JUL26-02787,Dinner,F01,Ribeye Steak,1,45.0,17.0,28.0
JUL26-02794,Dinner,F01,Ribeye Steak,1,45.0,17.0,28.0
JUL26-02801,Dinner,F01,Ribeye Steak,1,45.0,17.0,28.0
JUL26-02808,Dinner,F01,Ribeye Steak,1,45.0,17.0,28.0
JUL26-02815,Dinner,F01,Ribeye Steak,1,45.0,17.0,28.0
JUL26-02822,Dinner,F01,Ribeye Steak,1,45.0,17.0,28.0
JUL26-02829,Dinner,F01,Ribeye Steak,1,45.0,17.0,28.0
JUL26-02836,Dinner,F01,Ribeye Steak,1,45.0,17.0,28.0
JUL26-02843,Dinner,F01,Ribeye Steak,1,45.0,17.0,28.0
JUL26-02850,Dinner,F01,Ribeye Steak,1,45.0,17.0,28.0
JUL26-02857,Dinner,F01,Ribeye Steak,1,45.0,17.0,28.0
JUL26-02864,Dinner,F01,Ribeye Steak,1,45.0,17.0,28.0
JUL26-02871,Dinner,F01,Ribeye Steak,1,45.0,17.0,28.0
JUL26-02878,Dinner,F01,Ribeye Steak,1,45.0,17.0,28.0
JUL26-02885,Dinner,F01,Ribeye Steak,1,45.0,17.0,28.0
JUL26-02892,Dinner,F01,Ribeye Steak,1,45.0,17.0,28.0
JUL26-02899,Dinner,F01,Ribeye Steak,1,45.0,17.0,28.0
JUL26-02906,Dinner,F01,Ribeye Steak,1,45.0,17.0,28.0
JUL26-02913,Dinner,F01,Ribeye Steak,1,45.0,17.0,28.0
JUL26-02920,Dinner,F01,Ribeye Steak,1,45.0,17.0,28.0
JUL26-02927,Dinner,F01,Ribeye Steak,1,45.0,17.0,28.0
JUL26-02934,Dinner,F01,Ribeye Steak,1,45.0,17.0,28.0
JUL26-02941,Dinner,F01,Ribeye Steak,1,45.0,17.0,28.0
JUL26-02948,Dinner,F01,Ribeye Steak,1,45.0,17.0,28.0
JUL26-02955,Dinner,F01,Ribeye Steak,1,45.0,17.0,28.0
JUL26-02962,Dinner,F01,Ribeye Steak,1,45.0,17.0,28.0
JUL26-02969,Dinner,F01,Ribeye Steak,1,45.0,17.0,28.0
JUL26-02976,Dinner,F01,Ribeye Steak,1,45.0,17.0,28.0
JUL26-02983,Dinner,F01,Ribeye Steak,1,45.0,17.0,28.0
JUL26-02990,Dinner,F01,Ribeye Steak,1,45.0,17.0,28.0
JUL26-02997,Dinner,F01,Ribeye Steak,1,45.0,17.0,28.0
JUL26-03004,Dinner,F01,Ribeye Steak,1,45.0,17.0,28.0
JUL26-03011,Dinner,F01,Ribeye Steak,1,45.0,17.0,28.0
JUL26-03018,Dinner,F01,Ribeye Steak,1,45.0,17.0,28.0
JUL26-03025,Dinner,F01,Ribeye Steak,1,45.0,17.0,28.0
JUL26-03032,Dinner,F01,Ribeye Steak,1,45.0,17.0,28.0
JUL26-03039,Dinner,F01,Ribeye Steak,1,45.0,17.0,28.0
JUL26-03046,Dinner,F01,Ribeye Steak,1,45.0,17.0,28.0
JUL26-03053,Dinner,F01,Ribeye Steak,1,45.0,17.0,28.0
JUL26-03060,Dinner,F01,Ribeye Steak,1,45.0,17.0,28.0
JUL26-03067,Dinner,F01,Ribeye Steak,1,45.0,17.0,28.0
JUL26-03074,Dinner,F01,Ribeye Steak,1,45.0,17.0,28.0
JUL26-03081,Dinner,F01,Ribeye Steak,1,45.0,17.0,28.0
JUL26-03088,Dinner,F01,Ribeye Steak,1,45.0,17.0,28.0
JUL26-03095,Dinner,F01,Ribeye Steak,1,45.0,17.0,28.0
JUL26-03102,Dinner,F01,Ribeye Steak,1,45.0,17.0,28.0
JUL26-03109,Dinner,F01,Ribeye Steak,1,45.0,17.0,28.0
JUL26-03116,Dinner,F01,Ribeye Steak,1,45.0,17.0,28.0
JUL26-03123,Dinner,F01,Ribeye Steak,1,45.0,17.0,28.0
JUL26-03130,Dinner,F01,Ribeye Steak,1,45.0,17.0,28.0
JUL26-03137,Dinner,F01,Ribeye Steak,1,45.0,17.0,28.0
JUL26-03144,Dinner,F01,Ribeye Steak,1,45.0,17.0,28.0
JUL26-03151,Dinner,F01,Ribeye Steak,1,45.0,17.0,28.0
JUL26-03158,Dinner,F01,Ribeye Steak,1,45.0,17.0,28.0
JUL26-03165,Dinner,F01,Ribeye Steak,1,45.0,17.0,28.0
JUL26-03172,Dinner,F01,Ribeye Steak,1,45.0,17.0,28.0
JUL26-03179,Dinner,F01,Ribeye Steak,1,45.0,17.0,28.0
JUL26-03186,Dinner,F01,Ribeye Steak,1,45.0,17.0,28.0
JUL26-03193,Dinner,F01,Ribeye Steak,1,45.0,17.0,28.0
JUL26-03200,Dinner,F01,Ribeye Steak,1,45.0,17.0,28.0
JUL26-03207,Dinner,F01,Ribeye Steak,1,45.0,17.0,28.0
JUL26-03214,Dinner,F01,Ribeye Steak,1,45.0,17.0,28.0
JUL26-03221,Dinner,F01,Ribeye Steak,1,45.0,17.0,28.0
JUL26-03228,Dinner,F01,Ribeye Steak,1,45.0,17.0,28.0
JUL26-03235,Dinner,F01,Ribeye Steak,1,45.0,17.0,28.0
JUL26-03242,Dinner,F01,Ribeye Steak,1,45.0,17.0,28.0
JUL26-03249,Dinner,F01,Ribeye Steak,1,45.0,17.0,28.0
JUL26-03256,Dinner,F01,Ribeye Steak,1,45.0,17.0,28.0
JUL26-03263,Dinner,F01,Ribeye Steak,1,45.0,17.0,28.0
JUL26-03270,Dinner,F01,Ribeye Steak,1,45.0,17.0,28.0
JUL26-03277,Dinner,F01,Ribeye Steak,1,45.0,17.0,28.0
JUL26-03284,Dinner,F01,Ribeye Steak,1,45.0,17.0,28.0
JUL26-03291,Dinner,F01,Ribeye Steak,1,45.0,17.0,28.0
JUL26-03298,Dinner,F01,Ribeye Steak,1,45.0,17.0,28.0
JUL26-03305,Dinner,F01,Ribeye Steak,1,45.0,17.0,28.0
JUL26-03312,Dinner,F01,Ribeye Steak,1,45.0,17.0,28.0
JUL26-03319,Dinner,F01,Ribeye Steak,1,45.0,17.0,28.0
JUL26-03326,Dinner,F01,Ribeye Steak,1,45.0,17.0,28.0
JUL26-03333,Dinner,F01,Ribeye Steak,1,45.0,17.0,28.0
JUL26-03340,Dinner,F01,Ribeye Steak,1,45.0,17.0,28.0
JUL26-03347,Dinner,F01,Ribeye Steak,1,45.0,17.0,28.0
JUL26-03354,Dinner,F01,Ribeye Steak,1,45.0,17.0,28.0
JUL26-03361,Dinner,F01,Ribeye Steak,1,45.0,17.0,28.0
JUL26-03368,Dinner,F01,Ribeye Steak,1,45.0,17.0,28.0
JUL26-03375,Dinner,F01,Ribeye Steak,1,45.0,17.0,28.0
JUL26-03382,Dinner,F01,Ribeye Steak,1,45.0,17.0,28.0
JUL26-03389,Dinner,F01,Ribeye Steak,1,45.0,17.0,28.0
JUL26-03396,Dinner,F01,Ribeye Steak,1,45.0,17.0,28.0
JUL26-03403,Dinner,F01,Ribeye Steak,1,45.0,17.0,28.0
JUL26-03410,Dinner,F01,Ribeye Steak,1,45.0,17.0,28.0
JUL26-03417,Dinner,F01,Ribeye Steak,1,45.0,17.0,28.0
JUL26-03424,Dinner,F01,Ribeye Steak,1,45.0,17.0,28.0
JUL26-03431,Dinner,F01,Ribeye Steak,1,45.0,17.0,28.0
JUL26-03438,Dinner,F01,Ribeye Steak,1,45.0,17.0,28.0
JUL26-03445,Dinner,F01,Ribeye Steak,1,45.0,17.0,28.0
JUL26-03452,Dinner,F01,Ribeye Steak,1,45.0,17.0,28.0
JUL26-03459,Dinner,F01,Ribeye Steak,1,45.0,17.0,28.0
JUL26-03466,Dinner,F01,Ribeye Steak,1,45.0,17.0,28.0
JUL26-03473,Dinner,F01,Ribeye Steak,1,45.0,17.0,28.0
JUL26-03480,Dinner,F01,Ribeye Steak,1,45.0,17.0,28.0
JUL26-03487,Dinner,F01,Ribeye Steak,1,45.0,17.0,28.0
JUL26-03494,Dinner,F01,Ribeye Steak,1,45.0,17.0,28.0
JUL26-03501,Dinner,F01,Ribeye Steak,1,45.0,17.0,28.0
JUL26-03508,Dinner,F01,Ribeye Steak,1,45.0,17.0,28.0
JUL26-03515,Dinner,F01,Ribeye Steak,1,45.0,17.0,28.0
JUL26-03522,Dinner,F01,Ribeye Steak,1,45.0,17.0,28.0
JUL26-03529,Dinner,F01,Ribeye Steak,1,45.0,17.0,28.0
JUL26-03536,Dinner,F01,Ribeye Steak,1,45.0,17.0,28.0
JUL26-03543,Dinner,F01,Ribeye Steak,1,45.0,17.0,28.0
JUL26-03550,Dinner,F01,Ribeye Steak,1,45.0,17.0,28.0
JUL26-03557,Dinner,F01,Ribeye Steak,1,45.0,17.0,28.0
JUL26-03564,Dinner,F01,Ribeye Steak,1,45.0,17.0,28.0
JUL26-03571,Dinner,F01,Ribeye Steak,1,45.0,17.0,28.0
JUL26-03578,Dinner,F01,Ribeye Steak,1,45.0,17.0,28.0
JUL26-03585,Dinner,F01,Ribeye Steak,1,45.0,17.0,28.0
JUL26-03592,Dinner,F01,Ribeye Steak,1,45.0,17.0,28.0
JUL26-03599,Dinner,F01,Ribeye Steak,1,45.0,17.0,28.0
JUL26-03606,Dinner,F01,Ribeye Steak,1,45.0,17.0,28.0
JUL26-03613,Dinner,F01,Ribeye Steak,1,45.0,17.0,28.0
JUL26-03620,Dinner,F01,Ribeye Steak,1,45.0,17.0,28.0
JUL26-03627,Dinner,F01,Ribeye Steak,1,45.0,17.0,28.0
JUL26-03634,Dinner,F01,Ribeye Steak,1,45.0,17.0,28.0
JUL26-03641,Dinner,F01,Ribeye Steak,1,45.0,17.0,28.0
JUL26-03648,Dinner,F01,Ribeye Steak,1,45.0,17.0,28.0
JUL26-03655,Dinner,F01,Ribeye Steak,1,45.0,17.0,28.0
JUL26-03662,Dinner,F01,Ribeye Steak,1,45.0,17.0,28.0
JUL26-03669,Dinner,F01,Ribeye Steak,1,45.0,17.0,28.0
JUL26-03676,Dinner,F01,Ribeye Steak,1,45.0,17.0,28.0
JUL26-03683,Dinner,F01,Ribeye Steak,1,45.0,17.0,28.0
JUL26-03690,Dinner,F01,Ribeye Steak,1,45.0,17.0,28.0
JUL26-03697,Dinner,F01,Ribeye Steak,1,45.0,17.0,28.0
JUL26-03704,Dinner,F01,Ribeye Steak,1,45.0,17.0,28.0
JUL26-03711,Dinner,F01,Ribeye Steak,1,45.0,17.0,28.0
JUL26-03718,Dinner,F01,Ribeye Steak,1,45.0,17.0,28.0
JUL26-03725,Dinner,F01,Ribeye Steak,1,45.0,17.0,28.0
JUL26-03732,Dinner,F01,Ribeye Steak,1,45.0,17.0,28.0
JUL26-03739,Dinner,F01,Ribeye Steak,1,45.0,17.0,28.0
JUL26-03746,Dinner,F01,Ribeye Steak,1,45.0,17.0,28.0
JUL26-03753,Dinner,F01,Ribeye Steak,1,45.0,17.0,28.0
JUL26-03760,Dinner,F01,Ribeye Steak,1,45.0,17.0,28.0
JUL26-03767,Dinner,F01,Ribeye Steak,1,45.0,17.0,28.0
JUL26-03774,Dinner,F01,Ribeye Steak,1,45.0,17.0,28.0
JUL26-03781,Dinner,F01,Ribeye Steak,1,45.0,17.0,28.0
JUL26-03788,Dinner,F01,Ribeye Steak,1,45.0,17.0,28.0
JUL26-03795,Dinner,F01,Ribeye Steak,1,45.0,17.0,28.0
JUL26-03802,Dinner,F01,Ribeye Steak,1,45.0,17.0,28.0
JUL26-03809,Dinner,F01,Ribeye Steak,1,45.0,17.0,28.0
JUL26-03816,Dinner,F01,Ribeye Steak,1,45.0,17.0,28.0
JUL26-03823,Dinner,F01,Ribeye Steak,1,45.0,17.0,28.0
JUL26-03830,Dinner,F01,Ribeye Steak,1,45.0,17.0,28.0
JUL26-03837,Dinner,F01,Ribeye Steak,1,45.0,17.0,28.0
JUL26-03844,Dinner,F01,Ribeye Steak,1,45.0,17.0,28.0
JUL26-03851,Dinner,F01,Ribeye Steak,1,45.0,17.0,28.0
JUL26-03858,Dinner,F01,Ribeye Steak,1,45.0,17.0,28.0
JUL26-03865,Dinner,F01,Ribeye Steak,1,45.0,17.0,28.0
JUL26-03872,Dinner,F01,Ribeye Steak,1,45.0,17.0,28.0
JUL26-03879,Dinner,F01,Ribeye Steak,1,45.0,17.0,28.0
JUL26-03886,Dinner,F01,Ribeye Steak,1,45.0,17.0,28.0
JUL26-03893,Dinner,F01,Ribeye Steak,1,45.0,17.0,28.0
JUL26-03900,Dinner,F01,Ribeye Steak,1,45.0,17.0,28.0
JUL26-03907,Dinner,F01,Ribeye Steak,1,45.0,17.0,28.0
JUL26-03914,Dinner,F01,Ribeye Steak,1,45.0,17.0,28.0
JUL26-03921,Dinner,F01,Ribeye Steak,1,45.0,17.0,28.0
JUL26-03928,Dinner,F01,Ribeye Steak,1,45.0,17.0,28.0
JUL26-03935,Dinner,F01,Ribeye Steak,1,45.0,17.0,28.0
JUL26-03942,Dinner,F01,Ribeye Steak,1,45.0,17.0,28.0
JUL26-03949,Dinner,F01,Ribeye Steak,1,45.0,17.0,28.0
JUL26-03956,Dinner,F01,Ribeye Steak,1,45.0,17.0,28.0
JUL26-03963,Dinner,F01,Ribeye Steak,1,45.0,17.0,28.0
JUL26-03970,Dinner,F01,Ribeye Steak,1,45.0,17.0,28.0
JUL26-03977,Dinner,F01,Ribeye Steak,1,45.0,17.0,28.0
JUL26-03984,Dinner,F01,Ribeye Steak,1,45.0,17.0,28.0
JUL26-03991,Dinner,F01,Ribeye Steak,1,45.0,17.0,28.0
JUL26-03998,Dinner,F01,Ribeye Steak,1,45.0,17.0,28.0
JUL26-04005,Dinner,F01,Ribeye Steak,1,45.0,17.0,28.0
JUL26-04012,Dinner,F01,Ribeye Steak,1,45.0,17.0,28.0
JUL26-04019,Dinner,F01,Ribeye Steak,1,45.0,17.0,28.0
JUL26-04026,Dinner,F01,Ribeye Steak,1,45.0,17.0,28.0
JUL26-04033,Dinner,F01,Ribeye Steak,1,45.0,17.0,28.0
JUL26-04040,Dinner,F01,Ribeye Steak,1,45.0,17.0,28.0
JUL26-04047,Dinner,F01,Ribeye Steak,1,45.0,17.0,28.0
JUL26-04054,Dinner,F01,Ribeye Steak,1,45.0,17.0,28.0
JUL26-04061,Dinner,F01,Ribeye Steak,1,45.0,17.0,28.0
JUL26-04068,Dinner,F01,Ribeye Steak,1,45.0,17.0,28.0
JUL26-04075,Dinner,F01,Ribeye Steak,1,45.0,17.0,28.0
JUL26-04082,Dinner,F01,Ribeye Steak,1,45.0,17.0,28.0
JUL26-04089,Dinner,F01,Ribeye Steak,1,45.0,17.0,28.0
JUL26-04096,Dinner,F01,Ribeye Steak,1,45.0,17.0,28.0
JUL26-04103,Dinner,F01,Ribeye Steak,1,45.0,17.0,28.0
JUL26-04110,Dinner,F01,Ribeye Steak,1,45.0,17.0,28.0
JUL26-04117,Dinner,F01,Ribeye Steak,1,45.0,17.0,28.0
JUL26-04124,Dinner,F01,Ribeye Steak,1,45.0,17.0,28.0
JUL26-04131,Dinner,F01,Ribeye Steak,1,45.0,17.0,28.0
JUL26-04138,Dinner,F01,Ribeye Steak,1,45.0,17.0,28.0
JUL26-04145,Dinner,F01,Ribeye Steak,1,45.0,17.0,28.0
JUL26-04152,Dinner,F01,Ribeye Steak,1,45.0,17.0,28.0
JUL26-04159,Dinner,F01,Ribeye Steak,1,45.0,17.0,28.0
JUL26-04166,Dinner,F01,Ribeye Steak,1,45.0,17.0,28.0
JUL26-04173,Dinner,F01,Ribeye Steak,1,45.0,17.0,28.0
JUL26-04180,Dinner,F01,Ribeye Steak,1,45.0,17.0,28.0
JUL26-04187,Dinner,F01,Ribeye Steak,1,45.0,17.0,28.0
JUL26-04194,Dinner,F01,Ribeye Steak,1,45.0,17.0,28.0
JUL26-04201,Dinner,F01,Ribeye Steak,1,45.0,17.0,28.0
JUL26-04208,Dinner,F01,Ribeye Steak,1,45.0,17.0,28.0
JUL26-04215,Dinner,F01,Ribeye Steak,1,45.0,17.0,28.0
JUL26-04222,Dinner,F01,Ribeye Steak,1,45.0,17.0,28.0
JUL26-04229,Dinner,F01,Ribeye Steak,1,45.0,17.0,28.0
JUL26-04236,Dinner,F01,Ribeye Steak,1,45.0,17.0,28.0
JUL26-04243,Dinner,F01,Ribeye Steak,1,45.0,17.0,28.0
JUL26-04250,Dinner,F01,Ribeye Steak,1,45.0,17.0,28.0
JUL26-04257,Dinner,F01,Ribeye Steak,1,45.0,17.0,28.0
JUL26-04264,Dinner,F01,Ribeye Steak,1,45.0,17.0,28.0
JUL26-04271,Dinner,F01,Ribeye Steak,1,45.0,17.0,28.0
JUL26-04278,Dinner,F01,Ribeye Steak,1,45.0,17.0,28.0
JUL26-04285,Dinner,F01,Ribeye Steak,1,45.0,17.0,28.0
JUL26-04292,Dinner,F01,Ribeye Steak,1,45.0,17.0,28.0
JUL26-04299,Dinner,F01,Ribeye Steak,1,45.0,17.0,28.0
JUL26-04306,Dinner,F01,Ribeye Steak,1,45.0,17.0,28.0
JUL26-04313,Dinner,F01,Ribeye Steak,1,45.0,17.0,28.0
JUL26-04320,Dinner,F01,Ribeye Steak,1,45.0,17.0,28.0
JUL26-04327,Dinner,F01,Ribeye Steak,1,45.0,17.0,28.0
JUL26-04334,Dinner,F01,Ribeye Steak,1,45.0,17.0,28.0
JUL26-04341,Dinner,F01,Ribeye Steak,1,45.0,17.0,28.0
JUL26-04348,Dinner,F01,Ribeye Steak,1,45.0,17.0,28.0
JUL26-04355,Dinner,F01,Ribeye Steak,1,45.0,17.0,28.0
JUL26-04362,Dinner,F01,Ribeye Steak,1,45.0,17.0,28.0
JUL26-04369,Dinner,F01,Ribeye Steak,1,45.0,17.0,28.0
JUL26-04376,Dinner,F01,Ribeye Steak,1,45.0,17.0,28.0
JUL26-04383,Dinner,F01,Ribeye Steak,1,45.0,17.0,28.0
JUL26-04390,Dinner,F01,Ribeye Steak,1,45.0,17.0,28.0
JUL26-04397,Dinner,F01,Ribeye Steak,1,45.0,17.0,28.0
JUL26-04404,Dinner,F01,Ribeye Steak,1,45.0,17.0,28.0
JUL26-04411,Dinner,F01,Ribeye Steak,1,45.0,17.0,28.0
JUL26-04418,Dinner,F01,Ribeye Steak,1,45.0,17.0,28.0
JUL26-04425,Dinner,F01,Ribeye Steak,1,45.0,17.0,28.0
JUL26-04432,Dinner,F01,Ribeye Steak,1,45.0,17.0,28.0
JUL26-04439,Dinner,F01,Ribeye Steak,1,45.0,17.0,28.0
JUL26-04446,Dinner,F01,Ribeye Steak,1,45.0,17.0,28.0
JUL26-04453,Dinner,F01,Ribeye Steak,1,45.0,17.0,28.0
JUL26-04460,Dinner,F01,Ribeye Steak,1,45.0,17.0,28.0
JUL26-04467,Dinner,F01,Ribeye Steak,1,45.0,17.0,28.0
JUL26-04474,Dinner,F01,Ribeye Steak,1,45.0,17.0,28.0
JUL26-04481,Dinner,F01,Ribeye Steak,1,45.0,17.0,28.0
JUL26-04488,Dinner,F01,Ribeye Steak,1,45.0,17.0,28.0
JUL26-04495,Dinner,F01,Ribeye Steak,1,45.0,17.0,28.0
JUL26-04502,Dinner,F01,Ribeye Steak,1,45.0,17.0,28.0
JUL26-04509,Dinner,F01,Ribeye Steak,1,45.0,17.0,28.0
JUL26-04516,Dinner,F01,Ribeye Steak,1,45.0,17.0,28.0
JUL26-04523,Dinner,F01,Ribeye Steak,1,45.0,17.0,28.0
JUL26-04530,Dinner,F01,Ribeye Steak,1,45.0,17.0,28.0
JUL26-04537,Dinner,F01,Ribeye Steak,1,45.0,17.0,28.0
JUL26-04544,Dinner,F01,Ribeye Steak,1,45.0,17.0,28.0
JUL26-04551,Dinner,F01,Ribeye Steak,1,45.0,17.0,28.0
JUL26-04558,Dinner,F01,Ribeye Steak,1,45.0,17.0,28.0
JUL26-04565,Dinner,F01,Ribeye Steak,1,45.0,17.0,28.0
JUL26-04572,Delivery / Takeaway,F01,Ribeye Steak,1,45.0,17.0,28.0
JUL26-04579,Delivery / Takeaway,F01,Ribeye Steak,1,45.0,17.0,28.0
JUL26-04586,Delivery / Takeaway,F01,Ribeye Steak,1,45.0,17.0,28.0
JUL26-04593,Delivery / Takeaway,F01,Ribeye Steak,1,45.0,17.0,28.0
JUL26-04600,Delivery / Takeaway,F01,Ribeye Steak,1,45.0,17.0,28.0
JUL26-04607,Delivery / Takeaway,F01,Ribeye Steak,1,45.0,17.0,28.0
JUL26-04614,Delivery / Takeaway,F01,Ribeye Steak,1,45.0,17.0,28.0
JUL26-04621,Delivery / Takeaway,F01,Ribeye Steak,1,45.0,17.0,28.0
JUL26-04628,Delivery / Takeaway,F01,Ribeye Steak,1,45.0,17.0,28.0
JUL26-04635,Delivery / Takeaway,F01,Ribeye Steak,1,45.0,17.0,28.0
JUL26-04642,Delivery / Takeaway,F01,Ribeye Steak,1,45.0,17.0,28.0
JUL26-04649,Delivery / Takeaway,F01,Ribeye Steak,1,45.0,17.0,28.0
JUL26-04656,Delivery / Takeaway,F01,Ribeye Steak,1,45.0,17.0,28.0
JUL26-04663,Delivery / Takeaway,F01,Ribeye Steak,1,45.0,17.0,28.0
JUL26-04670,Delivery / Takeaway,F01,Ribeye Steak,1,45.0,17.0,28.0
JUL26-04677,Delivery / Takeaway,F01,Ribeye Steak,1,45.0,17.0,28.0
JUL26-04684,Delivery / Takeaway,F01,Ribeye Steak,1,45.0,17.0,28.0
JUL26-04691,Delivery / Takeaway,F01,Ribeye Steak,1,45.0,17.0,28.0
JUL26-04698,Delivery / Takeaway,F01,Ribeye Steak,1,45.0,17.0,28.0
JUL26-04705,Delivery / Takeaway,F01,Ribeye Steak,1,45.0,17.0,28.0
JUL26-04712,Delivery / Takeaway,F01,Ribeye Steak,1,45.0,17.0,28.0
JUL26-04719,Delivery / Takeaway,F01,Ribeye Steak,1,45.0,17.0,28.0
JUL26-04726,Delivery / Takeaway,F01,Ribeye Steak,1,45.0,17.0,28.0
JUL26-04733,Delivery / Takeaway,F01,Ribeye Steak,1,45.0,17.0,28.0
JUL26-04740,Delivery / Takeaway,F01,Ribeye Steak,1,45.0,17.0,28.0
JUL26-04747,Delivery / Takeaway,F01,Ribeye Steak,1,45.0,17.0,28.0
JUL26-04754,Delivery / Takeaway,F01,Ribeye Steak,1,45.0,17.0,28.0
JUL26-04761,Delivery / Takeaway,F01,Ribeye Steak,1,45.0,17.0,28.0
JUL26-04768,Delivery / Takeaway,F01,Ribeye Steak,1,45.0,17.0,28.0
JUL26-04775,Delivery / Takeaway,F01,Ribeye Steak,1,45.0,17.0,28.0
JUL26-04782,Delivery / Takeaway,F01,Ribeye Steak,1,45.0,17.0,28.0
JUL26-04789,Delivery / Takeaway,F01,Ribeye Steak,1,45.0,17.0,28.0
JUL26-04796,Delivery / Takeaway,F01,Ribeye Steak,1,45.0,17.0,28.0
JUL26-04803,Delivery / Takeaway,F01,Ribeye Steak,1,45.0,17.0,28.0
JUL26-04810,Delivery / Takeaway,F01,Ribeye Steak,1,45.0,17.0,28.0
JUL26-04817,Delivery / Takeaway,F01,Ribeye Steak,1,45.0,17.0,28.0
JUL26-04824,Delivery / Takeaway,F01,Ribeye Steak,1,45.0,17.0,28.0
JUL26-04831,Delivery / Takeaway,F01,Ribeye Steak,1,45.0,17.0,28.0
JUL26-04838,Delivery / Takeaway,F01,Ribeye Steak,1,45.0,17.0,28.0
JUL26-04845,Delivery / Takeaway,F01,Ribeye Steak,1,45.0,17.0,28.0
JUL26-04852,Delivery / Takeaway,F01,Ribeye Steak,1,45.0,17.0,28.0
JUL26-04859,Delivery / Takeaway,F01,Ribeye Steak,1,45.0,17.0,28.0
JUL26-04866,Delivery / Takeaway,F01,Ribeye Steak,1,45.0,17.0,28.0
JUL26-04873,Delivery / Takeaway,F01,Ribeye Steak,1,45.0,17.0,28.0
JUL26-04880,Delivery / Takeaway,F01,Ribeye Steak,1,45.0,17.0,28.0
JUL26-04887,Delivery / Takeaway,F01,Ribeye Steak,1,45.0,17.0,28.0
JUL26-04894,Delivery / Takeaway,F01,Ribeye Steak,1,45.0,17.0,28.0
JUL26-04901,Delivery / Takeaway,F01,Ribeye Steak,1,45.0,17.0,28.0
JUL26-04908,Delivery / Takeaway,F01,Ribeye Steak,1,45.0,17.0,28.0
JUL26-04915,Delivery / Takeaway,F01,Ribeye Steak,1,45.0,17.0,28.0
JUL26-04922,Delivery / Takeaway,F01,Ribeye Steak,1,45.0,17.0,28.0
JUL26-04929,Delivery / Takeaway,F01,Ribeye Steak,1,45.0,17.0,28.0
JUL26-04936,Delivery / Takeaway,F01,Ribeye Steak,1,45.0,17.0,28.0
JUL26-04943,Delivery / Takeaway,F01,Ribeye Steak,1,45.0,17.0,28.0
JUL26-04950,Delivery / Takeaway,F01,Ribeye Steak,1,45.0,17.0,28.0
JUL26-04957,Delivery / Takeaway,F01,Ribeye Steak,1,45.0,17.0,28.0
JUL26-04964,Delivery / Takeaway,F01,Ribeye Steak,1,45.0,17.0,28.0
JUL26-04971,Delivery / Takeaway,F01,Ribeye Steak,1,45.0,17.0,28.0
JUL26-04978,Delivery / Takeaway,F01,Ribeye Steak,1,45.0,17.0,28.0
JUL26-04985,Delivery / Takeaway,F01,Ribeye Steak,1,45.0,17.0,28.0
JUL26-04992,Delivery / Takeaway,F01,Ribeye Steak,1,45.0,17.0,28.0
JUL26-04999,Delivery / Takeaway,F01,Ribeye Steak,1,45.0,17.0,28.0
JUL26-05006,Delivery / Takeaway,F01,Ribeye Steak,1,45.0,17.0,28.0
JUL26-05013,Delivery / Takeaway,F01,Ribeye Steak,1,45.0,17.0,28.0
JUL26-05020,Delivery / Takeaway,F01,Ribeye Steak,1,45.0,17.0,28.0
JUL26-05027,Delivery / Takeaway,F01,Ribeye Steak,1,45.0,17.0,28.0
JUL26-05034,Delivery / Takeaway,F01,Ribeye Steak,1,45.0,17.0,28.0
JUL26-05041,Delivery / Takeaway,F01,Ribeye Steak,1,45.0,17.0,28.0
JUL26-05048,Delivery / Takeaway,F01,Ribeye Steak,1,45.0,17.0,28.0
JUL26-05055,Delivery / Takeaway,F01,Ribeye Steak,1,45.0,17.0,28.0
JUL26-05062,Delivery / Takeaway,F01,Ribeye Steak,1,45.0,17.0,28.0
JUL26-05069,Delivery / Takeaway,F01,Ribeye Steak,1,45.0,17.0,28.0
JUL26-05076,Delivery / Takeaway,F01,Ribeye Steak,1,45.0,17.0,28.0
JUL26-05083,Delivery / Takeaway,F01,Ribeye Steak,1,45.0,17.0,28.0
JUL26-05090,Delivery / Takeaway,F01,Ribeye Steak,1,45.0,17.0,28.0
JUL26-05097,Delivery / Takeaway,F01,Ribeye Steak,1,45.0,17.0,28.0
JUL26-05104,Delivery / Takeaway,F01,Ribeye Steak,1,45.0,17.0,28.0
JUL26-05111,Delivery / Takeaway,F01,Ribeye Steak,1,45.0,17.0,28.0
JUL26-05118,Delivery / Takeaway,F01,Ribeye Steak,1,45.0,17.0,28.0
JUL26-05125,Delivery / Takeaway,F01,Ribeye Steak,1,45.0,17.0,28.0
JUL26-05132,Delivery / Takeaway,F01,Ribeye Steak,1,45.0,17.0,28.0
JUL26-05139,Delivery / Takeaway,F01,Ribeye Steak,1,45.0,17.0,28.0
JUL26-05146,Delivery / Takeaway,F01,Ribeye Steak,1,45.0,17.0,28.0
JUL26-05153,Delivery / Takeaway,F01,Ribeye Steak,1,45.0,17.0,28.0
JUL26-05160,Delivery / Takeaway,F01,Ribeye Steak,1,45.0,17.0,28.0
JUL26-05167,Delivery / Takeaway,F01,Ribeye Steak,1,45.0,17.0,28.0
JUL26-05174,Delivery / Takeaway,F01,Ribeye Steak,1,45.0,17.0,28.0
JUL26-05181,Delivery / Takeaway,F01,Ribeye Steak,1,45.0,17.0,28.0
JUL26-05188,Delivery / Takeaway,F01,Ribeye Steak,1,45.0,17.0,28.0
JUL26-05195,Delivery / Takeaway,F01,Ribeye Steak,1,45.0,17.0,28.0
JUL26-05202,Delivery / Takeaway,F01,Ribeye Steak,1,45.0,17.0,28.0
JUL26-05209,Delivery / Takeaway,F01,Ribeye Steak,1,45.0,17.0,28.0
JUL26-05216,Delivery / Takeaway,F01,Ribeye Steak,1,45.0,17.0,28.0
JUL26-05223,Delivery / Takeaway,F01,Ribeye Steak,1,45.0,17.0,28.0
JUL26-05230,Delivery / Takeaway,F01,Ribeye Steak,1,45.0,17.0,28.0
JUL26-05237,Delivery / Takeaway,F01,Ribeye Steak,1,45.0,17.0,28.0
JUL26-05244,Delivery / Takeaway,F01,Ribeye Steak,1,45.0,17.0,28.0
JUL26-05251,Delivery / Takeaway,F01,Ribeye Steak,1,45.0,17.0,28.0
JUL26-05258,Delivery / Takeaway,F01,Ribeye Steak,1,45.0,17.0,28.0
JUL26-05265,Delivery / Takeaway,F01,Ribeye Steak,1,45.0,17.0,28.0
JUL26-05272,Delivery / Takeaway,F01,Ribeye Steak,1,45.0,17.0,28.0
JUL26-05279,Delivery / Takeaway,F01,Ribeye Steak,1,45.0,17.0,28.0
JUL26-05286,Delivery / Takeaway,F01,Ribeye Steak,1,45.0,17.0,28.0
JUL26-05293,Delivery / Takeaway,F01,Ribeye Steak,1,45.0,17.0,28.0
JUL26-05300,Delivery / Takeaway,F01,Ribeye Steak,1,45.0,17.0,28.0
JUL26-05307,Delivery / Takeaway,F01,Ribeye Steak,1,45.0,17.0,28.0
JUL26-05314,Delivery / Takeaway,F01,Ribeye Steak,1,45.0,17.0,28.0
JUL26-05321,Private Event,F01,Ribeye Steak,1,45.0,17.0,28.0
JUL26-05328,Private Event,F01,Ribeye Steak,1,45.0,17.0,28.0
JUL26-05335,Private Event,F01,Ribeye Steak,1,45.0,17.0,28.0
JUL26-05342,Private Event,F01,Ribeye Steak,1,45.0,17.0,28.0
JUL26-05349,Private Event,F01,Ribeye Steak,1,45.0,17.0,28.0
JUL26-05356,Private Event,F01,Ribeye Steak,1,45.0,17.0,28.0
JUL26-05363,Private Event,F01,Ribeye Steak,1,45.0,17.0,28.0
JUL26-05370,Private Event,F01,Ribeye Steak,1,45.0,17.0,28.0
JUL26-05377,Private Event,F01,Ribeye Steak,1,45.0,17.0,28.0
JUL26-05384,Private Event,F01,Ribeye Steak,1,45.0,17.0,28.0
JUL26-05391,Private Event,F01,Ribeye Steak,1,45.0,17.0,28.0
JUL26-05398,Private Event,F01,Ribeye Steak,1,45.0,17.0,28.0
JUL26-05405,Private Event,F01,Ribeye Steak,1,45.0,17.0,28.0
JUL26-05412,Private Event,F01,Ribeye Steak,1,45.0,17.0,28.0
JUL26-05419,Private Event,F01,Ribeye Steak,1,45.0,17.0,28.0
JUL26-05426,Private Event,F01,Ribeye Steak,1,45.0,17.0,28.0
JUL26-05433,Private Event,F01,Ribeye Steak,1,45.0,17.0,28.0
JUL26-05440,Private Event,F01,Ribeye Steak,1,45.0,17.0,28.0
JUL26-05447,Private Event,F01,Ribeye Steak,1,45.0,17.0,28.0
JUL26-05454,Private Event,F01,Ribeye Steak,1,45.0,17.0,28.0
JUL26-05461,Private Event,F01,Ribeye Steak,1,45.0,17.0,28.0
JUL26-05468,Private Event,F01,Ribeye Steak,1,45.0,17.0,28.0
JUL26-05475,Private Event,F01,Ribeye Steak,1,45.0,17.0,28.0
JUL26-05482,Private Event,F01,Ribeye Steak,1,45.0,17.0,28.0
JUL26-05489,Private Event,F01,Ribeye Steak,1,45.0,17.0,28.0
JUL26-05496,Private Event,F01,Ribeye Steak,1,45.0,17.0,28.0
JUL26-05503,Private Event,F01,Ribeye Steak,1,45.0,17.0,28.0
JUL26-05510,Private Event,F01,Ribeye Steak,1,45.0,17.0,28.0
JUL26-05517,Private Event,F01,Ribeye Steak,1,45.0,17.0,28.0
JUL26-05524,Private Event,F01,Ribeye Steak,1,45.0,17.0,28.0
JUL26-05531,Private Event,F01,Ribeye Steak,1,45.0,17.0,28.0
JUL26-05538,Private Event,F01,Ribeye Steak,1,45.0,17.0,28.0
JUL26-05545,Private Event,F01,Ribeye Steak,1,45.0,17.0,28.0
JUL26-05552,Private Event,F01,Ribeye Steak,1,45.0,17.0,28.0
JUL26-05559,Private Event,F01,Ribeye Steak,1,45.0,17.0,28.0
JUL26-05566,Corporate / Group,F01,Ribeye Steak,1,45.0,17.0,28.0
JUL26-05573,Corporate / Group,F01,Ribeye Steak,1,45.0,17.0,28.0
JUL26-05580,Corporate / Group,F01,Ribeye Steak,1,45.0,17.0,28.0
JUL26-05587,Corporate / Group,F01,Ribeye Steak,1,45.0,17.0,28.0
JUL26-05594,Corporate / Group,F01,Ribeye Steak,1,45.0,17.0,28.0
JUL26-05601,Corporate / Group,F01,Ribeye Steak,1,45.0,17.0,28.0
JUL26-05608,Corporate / Group,F01,Ribeye Steak,1,45.0,17.0,28.0
JUL26-05615,Corporate / Group,F01,Ribeye Steak,1,45.0,17.0,28.0
JUL26-05622,Corporate / Group,F01,Ribeye Steak,1,45.0,17.0,28.0
JUL26-05629,Corporate / Group,F01,Ribeye Steak,1,45.0,17.0,28.0
JUL26-05636,Corporate / Group,F01,Ribeye Steak,1,45.0,17.0,28.0
JUL26-05643,Corporate / Group,F01,Ribeye Steak,1,45.0,17.0,28.0
JUL26-05650,Corporate / Group,F01,Ribeye Steak,1,45.0,17.0,28.0
JUL26-00007,Brunch,F01,Ribeye Steak,1,45.0,17.0,28.0
JUL26-00014,Brunch,F01,Ribeye Steak,1,45.0,17.0,28.0
JUL26-00021,Brunch,F01,Ribeye Steak,1,45.0,17.0,28.0
JUL26-00028,Brunch,F01,Ribeye Steak,1,45.0,17.0,28.0
JUL26-00035,Brunch,F01,Ribeye Steak,1,45.0,17.0,28.0
JUL26-00042,Brunch,F01,Ribeye Steak,1,45.0,17.0,28.0
JUL26-00049,Brunch,F01,Ribeye Steak,1,45.0,17.0,28.0
JUL26-00056,Brunch,F01,Ribeye Steak,1,45.0,17.0,28.0
JUL26-00063,Brunch,F01,Ribeye Steak,1,45.0,17.0,28.0
JUL26-00070,Brunch,F01,Ribeye Steak,1,45.0,17.0,28.0
JUL26-00077,Brunch,F01,Ribeye Steak,1,45.0,17.0,28.0
JUL26-00084,Brunch,F01,Ribeye Steak,1,45.0,17.0,28.0
JUL26-00091,Brunch,F01,Ribeye Steak,1,45.0,17.0,28.0
JUL26-00098,Brunch,F01,Ribeye Steak,1,45.0,17.0,28.0
JUL26-00105,Brunch,F01,Ribeye Steak,1,45.0,17.0,28.0
JUL26-00112,Brunch,F01,Ribeye Steak,1,45.0,17.0,28.0
JUL26-00119,Brunch,F01,Ribeye Steak,1,45.0,17.0,28.0
JUL26-00126,Brunch,F01,Ribeye Steak,1,45.0,17.0,28.0
JUL26-00133,Brunch,F01,Ribeye Steak,1,45.0,17.0,28.0
JUL26-00140,Brunch,F01,Ribeye Steak,1,45.0,17.0,28.0
JUL26-00147,Brunch,F01,Ribeye Steak,1,45.0,17.0,28.0
JUL26-00154,Brunch,F01,Ribeye Steak,1,45.0,17.0,28.0
JUL26-00161,Brunch,F01,Ribeye Steak,1,45.0,17.0,28.0
JUL26-00168,Brunch,F01,Ribeye Steak,1,45.0,17.0,28.0
JUL26-00175,Brunch,F01,Ribeye Steak,1,45.0,17.0,28.0
JUL26-00182,Brunch,F01,Ribeye Steak,1,45.0,17.0,28.0
JUL26-00189,Brunch,F01,Ribeye Steak,1,45.0,17.0,28.0
JUL26-00196,Brunch,F01,Ribeye Steak,1,45.0,17.0,28.0
JUL26-00203,Brunch,F01,Ribeye Steak,1,45.0,17.0,28.0
JUL26-00210,Brunch,F01,Ribeye Steak,1,45.0,17.0,28.0
JUL26-00217,Brunch,F01,Ribeye Steak,1,45.0,17.0,28.0
JUL26-00224,Brunch,F01,Ribeye Steak,1,45.0,17.0,28.0
JUL26-00231,Brunch,F01,Ribeye Steak,1,45.0,17.0,28.0
JUL26-00238,Brunch,F01,Ribeye Steak,1,45.0,17.0,28.0
JUL26-00245,Brunch,F01,Ribeye Steak,1,45.0,17.0,28.0
JUL26-00252,Brunch,F01,Ribeye Steak,1,45.0,17.0,28.0
JUL26-00259,Brunch,F01,Ribeye Steak,1,45.0,17.0,28.0
JUL26-00266,Brunch,F01,Ribeye Steak,1,45.0,17.0,28.0
JUL26-00273,Brunch,F01,Ribeye Steak,1,45.0,17.0,28.0
JUL26-00280,Brunch,F01,Ribeye Steak,1,45.0,17.0,28.0
JUL26-00287,Brunch,F01,Ribeye Steak,1,45.0,17.0,28.0
JUL26-00294,Brunch,F01,Ribeye Steak,1,45.0,17.0,28.0
JUL26-00301,Brunch,F01,Ribeye Steak,1,45.0,17.0,28.0
JUL26-00308,Brunch,F01,Ribeye Steak,1,45.0,17.0,28.0
JUL26-00315,Brunch,F01,Ribeye Steak,1,45.0,17.0,28.0
JUL26-00322,Brunch,F01,Ribeye Steak,1,45.0,17.0,28.0
JUL26-00329,Brunch,F01,Ribeye Steak,1,45.0,17.0,28.0
JUL26-00336,Brunch,F01,Ribeye Steak,1,45.0,17.0,28.0
JUL26-00343,Brunch,F01,Ribeye Steak,1,45.0,17.0,28.0
JUL26-00350,Brunch,F01,Ribeye Steak,1,45.0,17.0,28.0
JUL26-00357,Brunch,F01,Ribeye Steak,1,45.0,17.0,28.0
JUL26-00364,Brunch,F01,Ribeye Steak,1,45.0,17.0,28.0
JUL26-00371,Brunch,F01,Ribeye Steak,1,45.0,17.0,28.0
JUL26-00378,Brunch,F01,Ribeye Steak,1,45.0,17.0,28.0
JUL26-00385,Brunch,F01,Ribeye Steak,1,45.0,17.0,28.0
JUL26-00392,Brunch,F01,Ribeye Steak,1,45.0,17.0,28.0
JUL26-00399,Brunch,F01,Ribeye Steak,1,45.0,17.0,28.0
JUL26-00406,Brunch,F01,Ribeye Steak,1,45.0,17.0,28.0
JUL26-00413,Brunch,F01,Ribeye Steak,1,45.0,17.0,28.0
JUL26-00420,Brunch,F01,Ribeye Steak,1,45.0,17.0,28.0
JUL26-00427,Brunch,F01,Ribeye Steak,1,45.0,17.0,28.0
JUL26-00434,Brunch,F01,Ribeye Steak,1,45.0,17.0,28.0
JUL26-00441,Brunch,F01,Ribeye Steak,1,45.0,17.0,28.0
JUL26-00448,Brunch,F01,Ribeye Steak,1,45.0,17.0,28.0
JUL26-00455,Brunch,F01,Ribeye Steak,1,45.0,17.0,28.0
JUL26-00462,Brunch,F01,Ribeye Steak,1,45.0,17.0,28.0
JUL26-00469,Brunch,F01,Ribeye Steak,1,45.0,17.0,28.0
JUL26-00476,Brunch,F01,Ribeye Steak,1,45.0,17.0,28.0
JUL26-00483,Brunch,F01,Ribeye Steak,1,45.0,17.0,28.0
JUL26-00490,Brunch,F01,Ribeye Steak,1,45.0,17.0,28.0
JUL26-00497,Brunch,F01,Ribeye Steak,1,45.0,17.0,28.0
JUL26-00504,Brunch,F01,Ribeye Steak,1,45.0,17.0,28.0
JUL26-00511,Brunch,F01,Ribeye Steak,1,45.0,17.0,28.0
JUL26-00518,Brunch,F01,Ribeye Steak,1,45.0,17.0,28.0
JUL26-00525,Brunch,F01,Ribeye Steak,1,45.0,17.0,28.0
JUL26-00532,Brunch,F01,Ribeye Steak,1,45.0,17.0,28.0
JUL26-00539,Brunch,F01,Ribeye Steak,1,45.0,17.0,28.0
JUL26-00546,Brunch,F01,Ribeye Steak,1,45.0,17.0,28.0
JUL26-00553,Brunch,F01,Ribeye Steak,1,45.0,17.0,28.0
JUL26-00560,Brunch,F01,Ribeye Steak,1,45.0,17.0,28.0
JUL26-00567,Brunch,F01,Ribeye Steak,1,45.0,17.0,28.0
JUL26-00574,Brunch,F01,Ribeye Steak,1,45.0,17.0,28.0
JUL26-00581,Brunch,F01,Ribeye Steak,1,45.0,17.0,28.0
JUL26-00588,Brunch,F01,Ribeye Steak,1,45.0,17.0,28.0
JUL26-00595,Brunch,F01,Ribeye Steak,1,45.0,17.0,28.0
JUL26-00602,Brunch,F01,Ribeye Steak,1,45.0,17.0,28.0
JUL26-00609,Brunch,F01,Ribeye Steak,1,45.0,17.0,28.0
JUL26-00616,Brunch,F01,Ribeye Steak,1,45.0,17.0,28.0
JUL26-00623,Brunch,F01,Ribeye Steak,1,45.0,17.0,28.0
JUL26-00630,Brunch,F01,Ribeye Steak,1,45.0,17.0,28.0
JUL26-00637,Brunch,F01,Ribeye Steak,1,45.0,17.0,28.0
JUL26-00644,Brunch,F01,Ribeye Steak,1,45.0,17.0,28.0
JUL26-00212,Brunch,F02,House Burger,1,22.0,7.0,15.0
JUL26-00219,Brunch,F02,House Burger,1,22.0,7.0,15.0
JUL26-00226,Brunch,F02,House Burger,1,22.0,7.0,15.0
JUL26-00233,Brunch,F02,House Burger,1,22.0,7.0,15.0
JUL26-00240,Brunch,F02,House Burger,1,22.0,7.0,15.0
JUL26-00247,Brunch,F02,House Burger,1,22.0,7.0,15.0
JUL26-00254,Brunch,F02,House Burger,1,22.0,7.0,15.0
JUL26-00261,Brunch,F02,House Burger,1,22.0,7.0,15.0
JUL26-00268,Brunch,F02,House Burger,1,22.0,7.0,15.0
JUL26-00275,Brunch,F02,House Burger,1,22.0,7.0,15.0
JUL26-00282,Brunch,F02,House Burger,1,22.0,7.0,15.0
JUL26-00289,Brunch,F02,House Burger,1,22.0,7.0,15.0
JUL26-00296,Brunch,F02,House Burger,1,22.0,7.0,15.0
JUL26-00303,Brunch,F02,House Burger,1,22.0,7.0,15.0
JUL26-00310,Brunch,F02,House Burger,1,22.0,7.0,15.0
JUL26-00317,Brunch,F02,House Burger,1,22.0,7.0,15.0
JUL26-00324,Brunch,F02,House Burger,1,22.0,7.0,15.0
JUL26-00331,Brunch,F02,House Burger,1,22.0,7.0,15.0
JUL26-00338,Brunch,F02,House Burger,1,22.0,7.0,15.0
JUL26-00345,Brunch,F02,House Burger,1,22.0,7.0,15.0
JUL26-00352,Brunch,F02,House Burger,1,22.0,7.0,15.0
JUL26-00359,Brunch,F02,House Burger,1,22.0,7.0,15.0
JUL26-00366,Brunch,F02,House Burger,1,22.0,7.0,15.0
JUL26-00373,Brunch,F02,House Burger,1,22.0,7.0,15.0
JUL26-00380,Brunch,F02,House Burger,1,22.0,7.0,15.0
JUL26-00387,Brunch,F02,House Burger,1,22.0,7.0,15.0
JUL26-00394,Brunch,F02,House Burger,1,22.0,7.0,15.0
JUL26-00401,Brunch,F02,House Burger,1,22.0,7.0,15.0
JUL26-00408,Brunch,F02,House Burger,1,22.0,7.0,15.0
JUL26-00415,Brunch,F02,House Burger,1,22.0,7.0,15.0
JUL26-00422,Brunch,F02,House Burger,1,22.0,7.0,15.0
JUL26-00429,Brunch,F02,House Burger,1,22.0,7.0,15.0
JUL26-00436,Brunch,F02,House Burger,1,22.0,7.0,15.0
JUL26-00443,Brunch,F02,House Burger,1,22.0,7.0,15.0
JUL26-00450,Brunch,F02,House Burger,1,22.0,7.0,15.0
JUL26-00457,Brunch,F02,House Burger,1,22.0,7.0,15.0
JUL26-00464,Brunch,F02,House Burger,1,22.0,7.0,15.0
JUL26-00471,Brunch,F02,House Burger,1,22.0,7.0,15.0
JUL26-00478,Brunch,F02,House Burger,1,22.0,7.0,15.0
JUL26-00485,Brunch,F02,House Burger,1,22.0,7.0,15.0
JUL26-00492,Brunch,F02,House Burger,1,22.0,7.0,15.0
JUL26-00499,Brunch,F02,House Burger,1,22.0,7.0,15.0
JUL26-00506,Brunch,F02,House Burger,1,22.0,7.0,15.0
JUL26-00513,Brunch,F02,House Burger,1,22.0,7.0,15.0
JUL26-00520,Brunch,F02,House Burger,1,22.0,7.0,15.0
JUL26-00527,Brunch,F02,House Burger,1,22.0,7.0,15.0
JUL26-00534,Brunch,F02,House Burger,1,22.0,7.0,15.0
JUL26-00541,Brunch,F02,House Burger,1,22.0,7.0,15.0
JUL26-00548,Brunch,F02,House Burger,1,22.0,7.0,15.0
JUL26-00555,Brunch,F02,House Burger,1,22.0,7.0,15.0
JUL26-00562,Brunch,F02,House Burger,1,22.0,7.0,15.0
JUL26-00569,Brunch,F02,House Burger,1,22.0,7.0,15.0
JUL26-00576,Brunch,F02,House Burger,1,22.0,7.0,15.0
JUL26-00583,Brunch,F02,House Burger,1,22.0,7.0,15.0
JUL26-00590,Brunch,F02,House Burger,1,22.0,7.0,15.0
JUL26-00597,Brunch,F02,House Burger,1,22.0,7.0,15.0
JUL26-00604,Brunch,F02,House Burger,1,22.0,7.0,15.0
JUL26-00611,Brunch,F02,House Burger,1,22.0,7.0,15.0
JUL26-00618,Brunch,F02,House Burger,1,22.0,7.0,15.0
JUL26-00625,Brunch,F02,House Burger,1,22.0,7.0,15.0
JUL26-00632,Brunch,F02,House Burger,1,22.0,7.0,15.0
JUL26-00639,Brunch,F02,House Burger,1,22.0,7.0,15.0
JUL26-00646,Brunch,F02,House Burger,1,22.0,7.0,15.0
JUL26-00653,Brunch,F02,House Burger,1,22.0,7.0,15.0
JUL26-00660,Brunch,F02,House Burger,1,22.0,7.0,15.0
JUL26-00667,Brunch,F02,House Burger,1,22.0,7.0,15.0
JUL26-00674,Brunch,F02,House Burger,1,22.0,7.0,15.0
JUL26-00681,Brunch,F02,House Burger,1,22.0,7.0,15.0
JUL26-00688,Brunch,F02,House Burger,1,22.0,7.0,15.0
JUL26-00695,Brunch,F02,House Burger,1,22.0,7.0,15.0
JUL26-00702,Lunch,F02,House Burger,1,22.0,7.0,15.0
JUL26-00709,Lunch,F02,House Burger,1,22.0,7.0,15.0
JUL26-00716,Lunch,F02,House Burger,1,22.0,7.0,15.0
JUL26-00723,Lunch,F02,House Burger,1,22.0,7.0,15.0
JUL26-00730,Lunch,F02,House Burger,1,22.0,7.0,15.0
JUL26-00737,Lunch,F02,House Burger,1,22.0,7.0,15.0
JUL26-00744,Lunch,F02,House Burger,1,22.0,7.0,15.0
JUL26-00751,Lunch,F02,House Burger,1,22.0,7.0,15.0
JUL26-00758,Lunch,F02,House Burger,1,22.0,7.0,15.0
JUL26-00765,Lunch,F02,House Burger,1,22.0,7.0,15.0
JUL26-00772,Lunch,F02,House Burger,1,22.0,7.0,15.0
JUL26-00779,Lunch,F02,House Burger,1,22.0,7.0,15.0
JUL26-00786,Lunch,F02,House Burger,1,22.0,7.0,15.0
JUL26-00793,Lunch,F02,House Burger,1,22.0,7.0,15.0
JUL26-00800,Lunch,F02,House Burger,1,22.0,7.0,15.0
JUL26-00807,Lunch,F02,House Burger,1,22.0,7.0,15.0
JUL26-00814,Lunch,F02,House Burger,1,22.0,7.0,15.0
JUL26-00821,Lunch,F02,House Burger,1,22.0,7.0,15.0
JUL26-00828,Lunch,F02,House Burger,1,22.0,7.0,15.0
JUL26-00835,Lunch,F02,House Burger,1,22.0,7.0,15.0
JUL26-00842,Lunch,F02,House Burger,1,22.0,7.0,15.0
JUL26-00849,Lunch,F02,House Burger,1,22.0,7.0,15.0
JUL26-00856,Lunch,F02,House Burger,1,22.0,7.0,15.0
JUL26-00863,Lunch,F02,House Burger,1,22.0,7.0,15.0
JUL26-00870,Lunch,F02,House Burger,1,22.0,7.0,15.0
JUL26-00877,Lunch,F02,House Burger,1,22.0,7.0,15.0
JUL26-00884,Lunch,F02,House Burger,1,22.0,7.0,15.0
JUL26-00891,Lunch,F02,House Burger,1,22.0,7.0,15.0
JUL26-00898,Lunch,F02,House Burger,1,22.0,7.0,15.0
JUL26-00905,Lunch,F02,House Burger,1,22.0,7.0,15.0
JUL26-00912,Lunch,F02,House Burger,1,22.0,7.0,15.0
JUL26-00919,Lunch,F02,House Burger,1,22.0,7.0,15.0
JUL26-00926,Lunch,F02,House Burger,1,22.0,7.0,15.0
JUL26-00933,Lunch,F02,House Burger,1,22.0,7.0,15.0
JUL26-00940,Lunch,F02,House Burger,1,22.0,7.0,15.0
JUL26-00947,Lunch,F02,House Burger,1,22.0,7.0,15.0
JUL26-00954,Lunch,F02,House Burger,1,22.0,7.0,15.0
JUL26-00961,Lunch,F02,House Burger,1,22.0,7.0,15.0
JUL26-00968,Lunch,F02,House Burger,1,22.0,7.0,15.0
JUL26-00975,Lunch,F02,House Burger,1,22.0,7.0,15.0
JUL26-00982,Lunch,F02,House Burger,1,22.0,7.0,15.0
JUL26-00989,Lunch,F02,House Burger,1,22.0,7.0,15.0
JUL26-00996,Lunch,F02,House Burger,1,22.0,7.0,15.0
JUL26-01003,Lunch,F02,House Burger,1,22.0,7.0,15.0
JUL26-01010,Lunch,F02,House Burger,1,22.0,7.0,15.0
JUL26-01017,Lunch,F02,House Burger,1,22.0,7.0,15.0
JUL26-01024,Lunch,F02,House Burger,1,22.0,7.0,15.0
JUL26-01031,Lunch,F02,House Burger,1,22.0,7.0,15.0
JUL26-01038,Lunch,F02,House Burger,1,22.0,7.0,15.0
JUL26-01045,Lunch,F02,House Burger,1,22.0,7.0,15.0
JUL26-01052,Lunch,F02,House Burger,1,22.0,7.0,15.0
JUL26-01059,Lunch,F02,House Burger,1,22.0,7.0,15.0
JUL26-01066,Lunch,F02,House Burger,1,22.0,7.0,15.0
JUL26-01073,Lunch,F02,House Burger,1,22.0,7.0,15.0
JUL26-01080,Lunch,F02,House Burger,1,22.0,7.0,15.0
JUL26-01087,Lunch,F02,House Burger,1,22.0,7.0,15.0
JUL26-01094,Lunch,F02,House Burger,1,22.0,7.0,15.0
JUL26-01101,Lunch,F02,House Burger,1,22.0,7.0,15.0
JUL26-01108,Lunch,F02,House Burger,1,22.0,7.0,15.0
JUL26-01115,Lunch,F02,House Burger,1,22.0,7.0,15.0
JUL26-01122,Lunch,F02,House Burger,1,22.0,7.0,15.0
JUL26-01129,Lunch,F02,House Burger,1,22.0,7.0,15.0
JUL26-01136,Lunch,F02,House Burger,1,22.0,7.0,15.0
JUL26-01143,Lunch,F02,House Burger,1,22.0,7.0,15.0
JUL26-01150,Lunch,F02,House Burger,1,22.0,7.0,15.0
JUL26-01157,Lunch,F02,House Burger,1,22.0,7.0,15.0
JUL26-01164,Lunch,F02,House Burger,1,22.0,7.0,15.0
JUL26-01171,Lunch,F02,House Burger,1,22.0,7.0,15.0
JUL26-01178,Lunch,F02,House Burger,1,22.0,7.0,15.0
JUL26-01185,Lunch,F02,House Burger,1,22.0,7.0,15.0
JUL26-01192,Lunch,F02,House Burger,1,22.0,7.0,15.0
JUL26-01199,Lunch,F02,House Burger,1,22.0,7.0,15.0
JUL26-01206,Lunch,F02,House Burger,1,22.0,7.0,15.0
JUL26-01213,Lunch,F02,House Burger,1,22.0,7.0,15.0
JUL26-01220,Lunch,F02,House Burger,1,22.0,7.0,15.0
JUL26-01227,Lunch,F02,House Burger,1,22.0,7.0,15.0
JUL26-01234,Lunch,F02,House Burger,1,22.0,7.0,15.0
JUL26-01241,Lunch,F02,House Burger,1,22.0,7.0,15.0
JUL26-01248,Lunch,F02,House Burger,1,22.0,7.0,15.0
JUL26-01255,Lunch,F02,House Burger,1,22.0,7.0,15.0
JUL26-01262,Lunch,F02,House Burger,1,22.0,7.0,15.0
JUL26-01269,Lunch,F02,House Burger,1,22.0,7.0,15.0
JUL26-01276,Lunch,F02,House Burger,1,22.0,7.0,15.0
JUL26-01283,Lunch,F02,House Burger,1,22.0,7.0,15.0
JUL26-01290,Lunch,F02,House Burger,1,22.0,7.0,15.0
JUL26-01297,Lunch,F02,House Burger,1,22.0,7.0,15.0
JUL26-01304,Lunch,F02,House Burger,1,22.0,7.0,15.0
JUL26-01311,Lunch,F02,House Burger,1,22.0,7.0,15.0
JUL26-01318,Lunch,F02,House Burger,1,22.0,7.0,15.0
JUL26-01325,Lunch,F02,House Burger,1,22.0,7.0,15.0
JUL26-01332,Lunch,F02,House Burger,1,22.0,7.0,15.0
JUL26-01339,Lunch,F02,House Burger,1,22.0,7.0,15.0
JUL26-01346,Lunch,F02,House Burger,1,22.0,7.0,15.0
JUL26-01353,Lunch,F02,House Burger,1,22.0,7.0,15.0
JUL26-01360,Lunch,F02,House Burger,1,22.0,7.0,15.0
JUL26-01367,Lunch,F02,House Burger,1,22.0,7.0,15.0
JUL26-01374,Lunch,F02,House Burger,1,22.0,7.0,15.0
JUL26-01381,Lunch,F02,House Burger,1,22.0,7.0,15.0
JUL26-01388,Lunch,F02,House Burger,1,22.0,7.0,15.0
JUL26-01395,Lunch,F02,House Burger,1,22.0,7.0,15.0
JUL26-01402,Lunch,F02,House Burger,1,22.0,7.0,15.0
JUL26-01409,Lunch,F02,House Burger,1,22.0,7.0,15.0
JUL26-01416,Lunch,F02,House Burger,1,22.0,7.0,15.0
JUL26-01423,Lunch,F02,House Burger,1,22.0,7.0,15.0
JUL26-01430,Lunch,F02,House Burger,1,22.0,7.0,15.0
JUL26-01437,Lunch,F02,House Burger,1,22.0,7.0,15.0
JUL26-01444,Lunch,F02,House Burger,1,22.0,7.0,15.0
JUL26-01451,Lunch,F02,House Burger,1,22.0,7.0,15.0
JUL26-01458,Lunch,F02,House Burger,1,22.0,7.0,15.0
JUL26-01465,Lunch,F02,House Burger,1,22.0,7.0,15.0
JUL26-01472,Lunch,F02,House Burger,1,22.0,7.0,15.0
JUL26-01479,Lunch,F02,House Burger,1,22.0,7.0,15.0
JUL26-01486,Lunch,F02,House Burger,1,22.0,7.0,15.0
JUL26-01493,Lunch,F02,House Burger,1,22.0,7.0,15.0
JUL26-01500,Lunch,F02,House Burger,1,22.0,7.0,15.0
JUL26-01507,Lunch,F02,House Burger,1,22.0,7.0,15.0
JUL26-01514,Lunch,F02,House Burger,1,22.0,7.0,15.0
JUL26-01521,Lunch,F02,House Burger,1,22.0,7.0,15.0
JUL26-01528,Lunch,F02,House Burger,1,22.0,7.0,15.0
JUL26-01535,Lunch,F02,House Burger,1,22.0,7.0,15.0
JUL26-01542,Lunch,F02,House Burger,1,22.0,7.0,15.0
JUL26-01549,Lunch,F02,House Burger,1,22.0,7.0,15.0
JUL26-01556,Lunch,F02,House Burger,1,22.0,7.0,15.0
JUL26-01563,Lunch,F02,House Burger,1,22.0,7.0,15.0
JUL26-01570,Lunch,F02,House Burger,1,22.0,7.0,15.0
JUL26-01577,Lunch,F02,House Burger,1,22.0,7.0,15.0
JUL26-01584,Lunch,F02,House Burger,1,22.0,7.0,15.0
JUL26-01591,Lunch,F02,House Burger,1,22.0,7.0,15.0
JUL26-01598,Lunch,F02,House Burger,1,22.0,7.0,15.0
JUL26-01605,Lunch,F02,House Burger,1,22.0,7.0,15.0
JUL26-01612,Lunch,F02,House Burger,1,22.0,7.0,15.0
JUL26-01619,Lunch,F02,House Burger,1,22.0,7.0,15.0
JUL26-01626,Lunch,F02,House Burger,1,22.0,7.0,15.0
JUL26-01633,Lunch,F02,House Burger,1,22.0,7.0,15.0
JUL26-01640,Lunch,F02,House Burger,1,22.0,7.0,15.0
JUL26-01647,Lunch,F02,House Burger,1,22.0,7.0,15.0
JUL26-01654,Lunch,F02,House Burger,1,22.0,7.0,15.0
JUL26-01661,Lunch,F02,House Burger,1,22.0,7.0,15.0
JUL26-01668,Lunch,F02,House Burger,1,22.0,7.0,15.0
JUL26-01675,Lunch,F02,House Burger,1,22.0,7.0,15.0
JUL26-01682,Lunch,F02,House Burger,1,22.0,7.0,15.0
JUL26-01689,Lunch,F02,House Burger,1,22.0,7.0,15.0
JUL26-01696,Lunch,F02,House Burger,1,22.0,7.0,15.0
JUL26-01703,Lunch,F02,House Burger,1,22.0,7.0,15.0
JUL26-01710,Lunch,F02,House Burger,1,22.0,7.0,15.0
JUL26-01717,Lunch,F02,House Burger,1,22.0,7.0,15.0
JUL26-01724,Lunch,F02,House Burger,1,22.0,7.0,15.0
JUL26-01731,Lunch,F02,House Burger,1,22.0,7.0,15.0
JUL26-01738,Lunch,F02,House Burger,1,22.0,7.0,15.0
JUL26-01745,Lunch,F02,House Burger,1,22.0,7.0,15.0
JUL26-01752,Lunch,F02,House Burger,1,22.0,7.0,15.0
JUL26-01759,Lunch,F02,House Burger,1,22.0,7.0,15.0
JUL26-01766,Lunch,F02,House Burger,1,22.0,7.0,15.0
JUL26-01773,Lunch,F02,House Burger,1,22.0,7.0,15.0
JUL26-01780,Lunch,F02,House Burger,1,22.0,7.0,15.0
JUL26-01787,Lunch,F02,House Burger,1,22.0,7.0,15.0
JUL26-01794,Lunch,F02,House Burger,1,22.0,7.0,15.0
JUL26-01801,Lunch,F02,House Burger,1,22.0,7.0,15.0
JUL26-01808,Lunch,F02,House Burger,1,22.0,7.0,15.0
JUL26-01815,Lunch,F02,House Burger,1,22.0,7.0,15.0
JUL26-01822,Lunch,F02,House Burger,1,22.0,7.0,15.0
JUL26-01829,Lunch,F02,House Burger,1,22.0,7.0,15.0
JUL26-01836,Lunch,F02,House Burger,1,22.0,7.0,15.0
JUL26-01843,Lunch,F02,House Burger,1,22.0,7.0,15.0
JUL26-01850,Lunch,F02,House Burger,1,22.0,7.0,15.0
JUL26-01857,Lunch,F02,House Burger,1,22.0,7.0,15.0
JUL26-01864,Lunch,F02,House Burger,1,22.0,7.0,15.0
JUL26-01871,Lunch,F02,House Burger,1,22.0,7.0,15.0
JUL26-01878,Lunch,F02,House Burger,1,22.0,7.0,15.0
JUL26-01885,Lunch,F02,House Burger,1,22.0,7.0,15.0
JUL26-01892,Lunch,F02,House Burger,1,22.0,7.0,15.0
JUL26-01899,Lunch,F02,House Burger,1,22.0,7.0,15.0
JUL26-01906,Lunch,F02,House Burger,1,22.0,7.0,15.0
JUL26-01913,Lunch,F02,House Burger,1,22.0,7.0,15.0
JUL26-01920,Lunch,F02,House Burger,1,22.0,7.0,15.0
JUL26-01927,Lunch,F02,House Burger,1,22.0,7.0,15.0
JUL26-01934,Lunch,F02,House Burger,1,22.0,7.0,15.0
JUL26-01941,Lunch,F02,House Burger,1,22.0,7.0,15.0
JUL26-01948,Lunch,F02,House Burger,1,22.0,7.0,15.0
JUL26-01955,Lunch,F02,House Burger,1,22.0,7.0,15.0
JUL26-01962,Lunch,F02,House Burger,1,22.0,7.0,15.0
JUL26-01969,Lunch,F02,House Burger,1,22.0,7.0,15.0
JUL26-01976,Lunch,F02,House Burger,1,22.0,7.0,15.0
JUL26-01983,Lunch,F02,House Burger,1,22.0,7.0,15.0
JUL26-01990,Lunch,F02,House Burger,1,22.0,7.0,15.0
JUL26-01997,Lunch,F02,House Burger,1,22.0,7.0,15.0
JUL26-02004,Lunch,F02,House Burger,1,22.0,7.0,15.0
JUL26-02011,Lunch,F02,House Burger,1,22.0,7.0,15.0
JUL26-02018,Lunch,F02,House Burger,1,22.0,7.0,15.0
JUL26-02025,Lunch,F02,House Burger,1,22.0,7.0,15.0
JUL26-02032,Lunch,F02,House Burger,1,22.0,7.0,15.0
JUL26-02039,Lunch,F02,House Burger,1,22.0,7.0,15.0
JUL26-02046,Lunch,F02,House Burger,1,22.0,7.0,15.0
JUL26-02053,Lunch,F02,House Burger,1,22.0,7.0,15.0
JUL26-02060,Lunch,F02,House Burger,1,22.0,7.0,15.0
JUL26-02067,Lunch,F02,House Burger,1,22.0,7.0,15.0
JUL26-02074,Lunch,F02,House Burger,1,22.0,7.0,15.0
JUL26-02081,Lunch,F02,House Burger,1,22.0,7.0,15.0
JUL26-02088,Lunch,F02,House Burger,1,22.0,7.0,15.0
JUL26-02095,Lunch,F02,House Burger,1,22.0,7.0,15.0
JUL26-02102,Lunch,F02,House Burger,1,22.0,7.0,15.0
JUL26-02109,Lunch,F02,House Burger,1,22.0,7.0,15.0
JUL26-02116,Lunch,F02,House Burger,1,22.0,7.0,15.0
JUL26-02123,Lunch,F02,House Burger,1,22.0,7.0,15.0
JUL26-02130,Lunch,F02,House Burger,1,22.0,7.0,15.0
JUL26-02137,Lunch,F02,House Burger,1,22.0,7.0,15.0
JUL26-02144,Lunch,F02,House Burger,1,22.0,7.0,15.0
JUL26-02151,Lunch,F02,House Burger,1,22.0,7.0,15.0
JUL26-02158,Lunch,F02,House Burger,1,22.0,7.0,15.0
JUL26-02165,Lunch,F02,House Burger,1,22.0,7.0,15.0
JUL26-02172,Lunch,F02,House Burger,1,22.0,7.0,15.0
JUL26-02179,Lunch,F02,House Burger,1,22.0,7.0,15.0
JUL26-02186,Dinner,F02,House Burger,1,22.0,7.0,15.0
JUL26-02193,Dinner,F02,House Burger,1,22.0,7.0,15.0
JUL26-02200,Dinner,F02,House Burger,1,22.0,7.0,15.0
JUL26-02207,Dinner,F02,House Burger,1,22.0,7.0,15.0
JUL26-02214,Dinner,F02,House Burger,1,22.0,7.0,15.0
JUL26-02221,Dinner,F02,House Burger,1,22.0,7.0,15.0
JUL26-02228,Dinner,F02,House Burger,1,22.0,7.0,15.0
JUL26-02235,Dinner,F02,House Burger,1,22.0,7.0,15.0
JUL26-02242,Dinner,F02,House Burger,1,22.0,7.0,15.0
JUL26-02249,Dinner,F02,House Burger,1,22.0,7.0,15.0
JUL26-02256,Dinner,F02,House Burger,1,22.0,7.0,15.0
JUL26-02263,Dinner,F02,House Burger,1,22.0,7.0,15.0
JUL26-02270,Dinner,F02,House Burger,1,22.0,7.0,15.0
JUL26-02277,Dinner,F02,House Burger,1,22.0,7.0,15.0
JUL26-02284,Dinner,F02,House Burger,1,22.0,7.0,15.0
JUL26-02291,Dinner,F02,House Burger,1,22.0,7.0,15.0
JUL26-02298,Dinner,F02,House Burger,1,22.0,7.0,15.0
JUL26-02305,Dinner,F02,House Burger,1,22.0,7.0,15.0
JUL26-02312,Dinner,F02,House Burger,1,22.0,7.0,15.0
JUL26-02319,Dinner,F02,House Burger,1,22.0,7.0,15.0
JUL26-02326,Dinner,F02,House Burger,1,22.0,7.0,15.0
JUL26-02333,Dinner,F02,House Burger,1,22.0,7.0,15.0
JUL26-02340,Dinner,F02,House Burger,1,22.0,7.0,15.0
JUL26-02347,Dinner,F02,House Burger,1,22.0,7.0,15.0
JUL26-02354,Dinner,F02,House Burger,1,22.0,7.0,15.0
JUL26-02361,Dinner,F02,House Burger,1,22.0,7.0,15.0
JUL26-02368,Dinner,F02,House Burger,1,22.0,7.0,15.0
JUL26-02375,Dinner,F02,House Burger,1,22.0,7.0,15.0
JUL26-02382,Dinner,F02,House Burger,1,22.0,7.0,15.0
JUL26-02389,Dinner,F02,House Burger,1,22.0,7.0,15.0
JUL26-02396,Dinner,F02,House Burger,1,22.0,7.0,15.0
JUL26-02403,Dinner,F02,House Burger,1,22.0,7.0,15.0
JUL26-02410,Dinner,F02,House Burger,1,22.0,7.0,15.0
JUL26-02417,Dinner,F02,House Burger,1,22.0,7.0,15.0
JUL26-02424,Dinner,F02,House Burger,1,22.0,7.0,15.0
JUL26-02431,Dinner,F02,House Burger,1,22.0,7.0,15.0
JUL26-02438,Dinner,F02,House Burger,1,22.0,7.0,15.0
JUL26-02445,Dinner,F02,House Burger,1,22.0,7.0,15.0
JUL26-02452,Dinner,F02,House Burger,1,22.0,7.0,15.0
JUL26-02459,Dinner,F02,House Burger,1,22.0,7.0,15.0
JUL26-02466,Dinner,F02,House Burger,1,22.0,7.0,15.0
JUL26-02473,Dinner,F02,House Burger,1,22.0,7.0,15.0
JUL26-02480,Dinner,F02,House Burger,1,22.0,7.0,15.0
JUL26-02487,Dinner,F02,House Burger,1,22.0,7.0,15.0
JUL26-02494,Dinner,F02,House Burger,1,22.0,7.0,15.0
JUL26-02501,Dinner,F02,House Burger,1,22.0,7.0,15.0
JUL26-02508,Dinner,F02,House Burger,1,22.0,7.0,15.0
JUL26-02515,Dinner,F02,House Burger,1,22.0,7.0,15.0
JUL26-02522,Dinner,F02,House Burger,1,22.0,7.0,15.0
JUL26-02529,Dinner,F02,House Burger,1,22.0,7.0,15.0
JUL26-02536,Dinner,F02,House Burger,1,22.0,7.0,15.0
JUL26-02543,Dinner,F02,House Burger,1,22.0,7.0,15.0
JUL26-02550,Dinner,F02,House Burger,1,22.0,7.0,15.0
JUL26-02557,Dinner,F02,House Burger,1,22.0,7.0,15.0
JUL26-02564,Dinner,F02,House Burger,1,22.0,7.0,15.0
JUL26-02571,Dinner,F02,House Burger,1,22.0,7.0,15.0
JUL26-02578,Dinner,F02,House Burger,1,22.0,7.0,15.0
JUL26-02585,Dinner,F02,House Burger,1,22.0,7.0,15.0
JUL26-02592,Dinner,F02,House Burger,1,22.0,7.0,15.0
JUL26-02599,Dinner,F02,House Burger,1,22.0,7.0,15.0
JUL26-02606,Dinner,F02,House Burger,1,22.0,7.0,15.0
JUL26-02613,Dinner,F02,House Burger,1,22.0,7.0,15.0
JUL26-02620,Dinner,F02,House Burger,1,22.0,7.0,15.0
JUL26-02627,Dinner,F02,House Burger,1,22.0,7.0,15.0
JUL26-02634,Dinner,F02,House Burger,1,22.0,7.0,15.0
JUL26-02641,Dinner,F02,House Burger,1,22.0,7.0,15.0
JUL26-02648,Dinner,F02,House Burger,1,22.0,7.0,15.0
JUL26-02655,Dinner,F02,House Burger,1,22.0,7.0,15.0
JUL26-02662,Dinner,F02,House Burger,1,22.0,7.0,15.0
JUL26-02669,Dinner,F02,House Burger,1,22.0,7.0,15.0
JUL26-02676,Dinner,F02,House Burger,1,22.0,7.0,15.0
JUL26-02683,Dinner,F02,House Burger,1,22.0,7.0,15.0
JUL26-02690,Dinner,F02,House Burger,1,22.0,7.0,15.0
JUL26-02697,Dinner,F02,House Burger,1,22.0,7.0,15.0
JUL26-02704,Dinner,F02,House Burger,1,22.0,7.0,15.0
JUL26-02711,Dinner,F02,House Burger,1,22.0,7.0,15.0
JUL26-02718,Dinner,F02,House Burger,1,22.0,7.0,15.0
JUL26-02725,Dinner,F02,House Burger,1,22.0,7.0,15.0
JUL26-02732,Dinner,F02,House Burger,1,22.0,7.0,15.0
JUL26-02739,Dinner,F02,House Burger,1,22.0,7.0,15.0
JUL26-02746,Dinner,F02,House Burger,1,22.0,7.0,15.0
JUL26-02753,Dinner,F02,House Burger,1,22.0,7.0,15.0
JUL26-02760,Dinner,F02,House Burger,1,22.0,7.0,15.0
JUL26-02767,Dinner,F02,House Burger,1,22.0,7.0,15.0
JUL26-02774,Dinner,F02,House Burger,1,22.0,7.0,15.0
JUL26-02781,Dinner,F02,House Burger,1,22.0,7.0,15.0
JUL26-02788,Dinner,F02,House Burger,1,22.0,7.0,15.0
JUL26-02795,Dinner,F02,House Burger,1,22.0,7.0,15.0
JUL26-02802,Dinner,F02,House Burger,1,22.0,7.0,15.0
JUL26-02809,Dinner,F02,House Burger,1,22.0,7.0,15.0
JUL26-02816,Dinner,F02,House Burger,1,22.0,7.0,15.0
JUL26-02823,Dinner,F02,House Burger,1,22.0,7.0,15.0
JUL26-02830,Dinner,F02,House Burger,1,22.0,7.0,15.0
JUL26-02837,Dinner,F02,House Burger,1,22.0,7.0,15.0
JUL26-02844,Dinner,F02,House Burger,1,22.0,7.0,15.0
JUL26-02851,Dinner,F02,House Burger,1,22.0,7.0,15.0
JUL26-02858,Dinner,F02,House Burger,1,22.0,7.0,15.0
JUL26-02865,Dinner,F02,House Burger,1,22.0,7.0,15.0
JUL26-02872,Dinner,F02,House Burger,1,22.0,7.0,15.0
JUL26-02879,Dinner,F02,House Burger,1,22.0,7.0,15.0
JUL26-02886,Dinner,F02,House Burger,1,22.0,7.0,15.0
JUL26-02893,Dinner,F02,House Burger,1,22.0,7.0,15.0
JUL26-02900,Dinner,F02,House Burger,1,22.0,7.0,15.0
JUL26-02907,Dinner,F02,House Burger,1,22.0,7.0,15.0
JUL26-02914,Dinner,F02,House Burger,1,22.0,7.0,15.0
JUL26-02921,Dinner,F02,House Burger,1,22.0,7.0,15.0
JUL26-02928,Dinner,F02,House Burger,1,22.0,7.0,15.0
JUL26-02935,Dinner,F02,House Burger,1,22.0,7.0,15.0
JUL26-02942,Dinner,F02,House Burger,1,22.0,7.0,15.0
JUL26-02949,Dinner,F02,House Burger,1,22.0,7.0,15.0
JUL26-02956,Dinner,F02,House Burger,1,22.0,7.0,15.0
JUL26-02963,Dinner,F02,House Burger,1,22.0,7.0,15.0
JUL26-02970,Dinner,F02,House Burger,1,22.0,7.0,15.0
JUL26-02977,Dinner,F02,House Burger,1,22.0,7.0,15.0
JUL26-02984,Dinner,F02,House Burger,1,22.0,7.0,15.0
JUL26-02991,Dinner,F02,House Burger,1,22.0,7.0,15.0
JUL26-02998,Dinner,F02,House Burger,1,22.0,7.0,15.0
JUL26-03005,Dinner,F02,House Burger,1,22.0,7.0,15.0
JUL26-03012,Dinner,F02,House Burger,1,22.0,7.0,15.0
JUL26-03019,Dinner,F02,House Burger,1,22.0,7.0,15.0
JUL26-03026,Dinner,F02,House Burger,1,22.0,7.0,15.0
JUL26-03033,Dinner,F02,House Burger,1,22.0,7.0,15.0
JUL26-03040,Dinner,F02,House Burger,1,22.0,7.0,15.0
JUL26-03047,Dinner,F02,House Burger,1,22.0,7.0,15.0
JUL26-03054,Dinner,F02,House Burger,1,22.0,7.0,15.0
JUL26-03061,Dinner,F02,House Burger,1,22.0,7.0,15.0
JUL26-03068,Dinner,F02,House Burger,1,22.0,7.0,15.0
JUL26-03075,Dinner,F02,House Burger,1,22.0,7.0,15.0
JUL26-03082,Dinner,F02,House Burger,1,22.0,7.0,15.0
JUL26-03089,Dinner,F02,House Burger,1,22.0,7.0,15.0
JUL26-03096,Dinner,F02,House Burger,1,22.0,7.0,15.0
JUL26-03103,Dinner,F02,House Burger,1,22.0,7.0,15.0
JUL26-03110,Dinner,F02,House Burger,1,22.0,7.0,15.0
JUL26-03117,Dinner,F02,House Burger,1,22.0,7.0,15.0
JUL26-03124,Dinner,F02,House Burger,1,22.0,7.0,15.0
JUL26-03131,Dinner,F02,House Burger,1,22.0,7.0,15.0
JUL26-03138,Dinner,F02,House Burger,1,22.0,7.0,15.0
JUL26-03145,Dinner,F02,House Burger,1,22.0,7.0,15.0
JUL26-03152,Dinner,F02,House Burger,1,22.0,7.0,15.0
JUL26-03159,Dinner,F02,House Burger,1,22.0,7.0,15.0
JUL26-03166,Dinner,F02,House Burger,1,22.0,7.0,15.0
JUL26-03173,Dinner,F02,House Burger,1,22.0,7.0,15.0
JUL26-03180,Dinner,F02,House Burger,1,22.0,7.0,15.0
JUL26-03187,Dinner,F02,House Burger,1,22.0,7.0,15.0
JUL26-03194,Dinner,F02,House Burger,1,22.0,7.0,15.0
JUL26-03201,Dinner,F02,House Burger,1,22.0,7.0,15.0
JUL26-03208,Dinner,F02,House Burger,1,22.0,7.0,15.0
JUL26-03215,Dinner,F02,House Burger,1,22.0,7.0,15.0
JUL26-03222,Dinner,F02,House Burger,1,22.0,7.0,15.0
JUL26-03229,Dinner,F02,House Burger,1,22.0,7.0,15.0
JUL26-03236,Dinner,F02,House Burger,1,22.0,7.0,15.0
JUL26-03243,Dinner,F02,House Burger,1,22.0,7.0,15.0
JUL26-03250,Dinner,F02,House Burger,1,22.0,7.0,15.0
JUL26-03257,Dinner,F02,House Burger,1,22.0,7.0,15.0
JUL26-03264,Dinner,F02,House Burger,1,22.0,7.0,15.0
JUL26-03271,Dinner,F02,House Burger,1,22.0,7.0,15.0
JUL26-03278,Dinner,F02,House Burger,1,22.0,7.0,15.0
JUL26-03285,Dinner,F02,House Burger,1,22.0,7.0,15.0
JUL26-03292,Dinner,F02,House Burger,1,22.0,7.0,15.0
JUL26-03299,Dinner,F02,House Burger,1,22.0,7.0,15.0
JUL26-03306,Dinner,F02,House Burger,1,22.0,7.0,15.0
JUL26-03313,Dinner,F02,House Burger,1,22.0,7.0,15.0
JUL26-03320,Dinner,F02,House Burger,1,22.0,7.0,15.0
JUL26-03327,Dinner,F02,House Burger,1,22.0,7.0,15.0
JUL26-03334,Dinner,F02,House Burger,1,22.0,7.0,15.0
JUL26-03341,Dinner,F02,House Burger,1,22.0,7.0,15.0
JUL26-03348,Dinner,F02,House Burger,1,22.0,7.0,15.0
JUL26-03355,Dinner,F02,House Burger,1,22.0,7.0,15.0
JUL26-03362,Dinner,F02,House Burger,1,22.0,7.0,15.0
JUL26-03369,Dinner,F02,House Burger,1,22.0,7.0,15.0
JUL26-03376,Dinner,F02,House Burger,1,22.0,7.0,15.0
JUL26-03383,Dinner,F02,House Burger,1,22.0,7.0,15.0
JUL26-03390,Dinner,F02,House Burger,1,22.0,7.0,15.0
JUL26-03397,Dinner,F02,House Burger,1,22.0,7.0,15.0
JUL26-03404,Dinner,F02,House Burger,1,22.0,7.0,15.0
JUL26-03411,Dinner,F02,House Burger,1,22.0,7.0,15.0
JUL26-03418,Dinner,F02,House Burger,1,22.0,7.0,15.0
JUL26-03425,Dinner,F02,House Burger,1,22.0,7.0,15.0
JUL26-03432,Dinner,F02,House Burger,1,22.0,7.0,15.0
JUL26-03439,Dinner,F02,House Burger,1,22.0,7.0,15.0
JUL26-03446,Dinner,F02,House Burger,1,22.0,7.0,15.0
JUL26-03453,Dinner,F02,House Burger,1,22.0,7.0,15.0
JUL26-03460,Dinner,F02,House Burger,1,22.0,7.0,15.0
JUL26-03467,Dinner,F02,House Burger,1,22.0,7.0,15.0
JUL26-03474,Dinner,F02,House Burger,1,22.0,7.0,15.0
JUL26-03481,Dinner,F02,House Burger,1,22.0,7.0,15.0
JUL26-03488,Dinner,F02,House Burger,1,22.0,7.0,15.0
JUL26-03495,Dinner,F02,House Burger,1,22.0,7.0,15.0
JUL26-03502,Dinner,F02,House Burger,1,22.0,7.0,15.0
JUL26-03509,Dinner,F02,House Burger,1,22.0,7.0,15.0
JUL26-03516,Dinner,F02,House Burger,1,22.0,7.0,15.0
JUL26-03523,Dinner,F02,House Burger,1,22.0,7.0,15.0
JUL26-03530,Dinner,F02,House Burger,1,22.0,7.0,15.0
JUL26-03537,Dinner,F02,House Burger,1,22.0,7.0,15.0
JUL26-03544,Dinner,F02,House Burger,1,22.0,7.0,15.0
JUL26-03551,Dinner,F02,House Burger,1,22.0,7.0,15.0
JUL26-03558,Dinner,F02,House Burger,1,22.0,7.0,15.0
JUL26-03565,Dinner,F02,House Burger,1,22.0,7.0,15.0
JUL26-03572,Dinner,F02,House Burger,1,22.0,7.0,15.0
JUL26-03579,Dinner,F02,House Burger,1,22.0,7.0,15.0
JUL26-03586,Dinner,F02,House Burger,1,22.0,7.0,15.0
JUL26-03593,Dinner,F02,House Burger,1,22.0,7.0,15.0
JUL26-03600,Dinner,F02,House Burger,1,22.0,7.0,15.0
JUL26-03607,Dinner,F02,House Burger,1,22.0,7.0,15.0
JUL26-03614,Dinner,F02,House Burger,1,22.0,7.0,15.0
JUL26-03621,Dinner,F02,House Burger,1,22.0,7.0,15.0
JUL26-03628,Dinner,F02,House Burger,1,22.0,7.0,15.0
JUL26-03635,Dinner,F02,House Burger,1,22.0,7.0,15.0
JUL26-03642,Dinner,F02,House Burger,1,22.0,7.0,15.0
JUL26-03649,Dinner,F02,House Burger,1,22.0,7.0,15.0
JUL26-03656,Dinner,F02,House Burger,1,22.0,7.0,15.0
JUL26-03663,Dinner,F02,House Burger,1,22.0,7.0,15.0
JUL26-03670,Dinner,F02,House Burger,1,22.0,7.0,15.0
JUL26-03677,Dinner,F02,House Burger,1,22.0,7.0,15.0
JUL26-03684,Dinner,F02,House Burger,1,22.0,7.0,15.0
JUL26-03691,Dinner,F02,House Burger,1,22.0,7.0,15.0
JUL26-03698,Dinner,F02,House Burger,1,22.0,7.0,15.0
JUL26-03705,Dinner,F02,House Burger,1,22.0,7.0,15.0
JUL26-03712,Dinner,F02,House Burger,1,22.0,7.0,15.0
JUL26-03719,Dinner,F02,House Burger,1,22.0,7.0,15.0
JUL26-03726,Dinner,F02,House Burger,1,22.0,7.0,15.0
JUL26-03733,Dinner,F02,House Burger,1,22.0,7.0,15.0
JUL26-03740,Dinner,F02,House Burger,1,22.0,7.0,15.0
JUL26-03747,Dinner,F02,House Burger,1,22.0,7.0,15.0
JUL26-03754,Dinner,F02,House Burger,1,22.0,7.0,15.0
JUL26-03761,Dinner,F02,House Burger,1,22.0,7.0,15.0
JUL26-03768,Dinner,F02,House Burger,1,22.0,7.0,15.0
JUL26-03775,Dinner,F02,House Burger,1,22.0,7.0,15.0
JUL26-03782,Dinner,F02,House Burger,1,22.0,7.0,15.0
JUL26-03789,Dinner,F02,House Burger,1,22.0,7.0,15.0
JUL26-03796,Dinner,F02,House Burger,1,22.0,7.0,15.0
JUL26-03803,Dinner,F02,House Burger,1,22.0,7.0,15.0
JUL26-03810,Dinner,F02,House Burger,1,22.0,7.0,15.0
JUL26-03817,Dinner,F02,House Burger,1,22.0,7.0,15.0
JUL26-03824,Dinner,F02,House Burger,1,22.0,7.0,15.0
JUL26-03831,Dinner,F02,House Burger,1,22.0,7.0,15.0
JUL26-03838,Dinner,F02,House Burger,1,22.0,7.0,15.0
JUL26-03845,Dinner,F02,House Burger,1,22.0,7.0,15.0
JUL26-03852,Dinner,F02,House Burger,1,22.0,7.0,15.0
JUL26-03859,Dinner,F02,House Burger,1,22.0,7.0,15.0
JUL26-03866,Dinner,F02,House Burger,1,22.0,7.0,15.0
JUL26-03873,Dinner,F02,House Burger,1,22.0,7.0,15.0
JUL26-03880,Dinner,F02,House Burger,1,22.0,7.0,15.0
JUL26-03887,Dinner,F02,House Burger,1,22.0,7.0,15.0
JUL26-03894,Dinner,F02,House Burger,1,22.0,7.0,15.0
JUL26-03901,Dinner,F02,House Burger,1,22.0,7.0,15.0
JUL26-03908,Dinner,F02,House Burger,1,22.0,7.0,15.0
JUL26-03915,Dinner,F02,House Burger,1,22.0,7.0,15.0
JUL26-03922,Dinner,F02,House Burger,1,22.0,7.0,15.0
JUL26-03929,Dinner,F02,House Burger,1,22.0,7.0,15.0
JUL26-03936,Dinner,F02,House Burger,1,22.0,7.0,15.0
JUL26-03943,Dinner,F02,House Burger,1,22.0,7.0,15.0
JUL26-03950,Dinner,F02,House Burger,1,22.0,7.0,15.0
JUL26-03957,Dinner,F02,House Burger,1,22.0,7.0,15.0
JUL26-03964,Dinner,F02,House Burger,1,22.0,7.0,15.0
JUL26-03971,Dinner,F02,House Burger,1,22.0,7.0,15.0
JUL26-03978,Dinner,F02,House Burger,1,22.0,7.0,15.0
JUL26-03985,Dinner,F02,House Burger,1,22.0,7.0,15.0
JUL26-03992,Dinner,F02,House Burger,1,22.0,7.0,15.0
JUL26-03999,Dinner,F02,House Burger,1,22.0,7.0,15.0
JUL26-04006,Dinner,F02,House Burger,1,22.0,7.0,15.0
JUL26-04013,Dinner,F02,House Burger,1,22.0,7.0,15.0
JUL26-04020,Dinner,F02,House Burger,1,22.0,7.0,15.0
JUL26-04027,Dinner,F02,House Burger,1,22.0,7.0,15.0
JUL26-04034,Dinner,F02,House Burger,1,22.0,7.0,15.0
JUL26-04041,Dinner,F02,House Burger,1,22.0,7.0,15.0
JUL26-04048,Dinner,F02,House Burger,1,22.0,7.0,15.0
JUL26-04055,Dinner,F02,House Burger,1,22.0,7.0,15.0
JUL26-04062,Dinner,F02,House Burger,1,22.0,7.0,15.0
JUL26-04069,Dinner,F02,House Burger,1,22.0,7.0,15.0
JUL26-04076,Dinner,F02,House Burger,1,22.0,7.0,15.0
JUL26-04083,Dinner,F02,House Burger,1,22.0,7.0,15.0
JUL26-04090,Dinner,F02,House Burger,1,22.0,7.0,15.0
JUL26-04097,Dinner,F02,House Burger,1,22.0,7.0,15.0
JUL26-04104,Dinner,F02,House Burger,1,22.0,7.0,15.0
JUL26-04111,Dinner,F02,House Burger,1,22.0,7.0,15.0
JUL26-04118,Dinner,F02,House Burger,1,22.0,7.0,15.0
JUL26-04125,Dinner,F02,House Burger,1,22.0,7.0,15.0
JUL26-04132,Dinner,F02,House Burger,1,22.0,7.0,15.0
JUL26-04139,Dinner,F02,House Burger,1,22.0,7.0,15.0
JUL26-04146,Dinner,F02,House Burger,1,22.0,7.0,15.0
JUL26-04153,Dinner,F02,House Burger,1,22.0,7.0,15.0
JUL26-04160,Dinner,F02,House Burger,1,22.0,7.0,15.0
JUL26-04167,Dinner,F02,House Burger,1,22.0,7.0,15.0
JUL26-04174,Dinner,F02,House Burger,1,22.0,7.0,15.0
JUL26-04181,Dinner,F02,House Burger,1,22.0,7.0,15.0
JUL26-04188,Dinner,F02,House Burger,1,22.0,7.0,15.0
JUL26-04195,Dinner,F02,House Burger,1,22.0,7.0,15.0
JUL26-04202,Dinner,F02,House Burger,1,22.0,7.0,15.0
JUL26-04209,Dinner,F02,House Burger,1,22.0,7.0,15.0
JUL26-04216,Dinner,F02,House Burger,1,22.0,7.0,15.0
JUL26-04223,Dinner,F02,House Burger,1,22.0,7.0,15.0
JUL26-04230,Dinner,F02,House Burger,1,22.0,7.0,15.0
JUL26-04237,Dinner,F02,House Burger,1,22.0,7.0,15.0
JUL26-04244,Dinner,F02,House Burger,1,22.0,7.0,15.0
JUL26-04251,Dinner,F02,House Burger,1,22.0,7.0,15.0
JUL26-04258,Dinner,F02,House Burger,1,22.0,7.0,15.0
JUL26-04265,Dinner,F02,House Burger,1,22.0,7.0,15.0
JUL26-04272,Dinner,F02,House Burger,1,22.0,7.0,15.0
JUL26-04279,Dinner,F02,House Burger,1,22.0,7.0,15.0
JUL26-04286,Dinner,F02,House Burger,1,22.0,7.0,15.0
JUL26-04293,Dinner,F02,House Burger,1,22.0,7.0,15.0
JUL26-04300,Dinner,F02,House Burger,1,22.0,7.0,15.0
JUL26-04307,Dinner,F02,House Burger,1,22.0,7.0,15.0
JUL26-04314,Dinner,F02,House Burger,1,22.0,7.0,15.0
JUL26-04321,Dinner,F02,House Burger,1,22.0,7.0,15.0
JUL26-04328,Dinner,F02,House Burger,1,22.0,7.0,15.0
JUL26-04335,Dinner,F02,House Burger,1,22.0,7.0,15.0
JUL26-04342,Dinner,F02,House Burger,1,22.0,7.0,15.0
JUL26-04349,Dinner,F02,House Burger,1,22.0,7.0,15.0
JUL26-04356,Dinner,F02,House Burger,1,22.0,7.0,15.0
JUL26-04363,Dinner,F02,House Burger,1,22.0,7.0,15.0
JUL26-04370,Dinner,F02,House Burger,1,22.0,7.0,15.0
JUL26-04377,Dinner,F02,House Burger,1,22.0,7.0,15.0
JUL26-04384,Dinner,F02,House Burger,1,22.0,7.0,15.0
JUL26-04391,Dinner,F02,House Burger,1,22.0,7.0,15.0
JUL26-04398,Dinner,F02,House Burger,1,22.0,7.0,15.0
JUL26-04405,Dinner,F02,House Burger,1,22.0,7.0,15.0
JUL26-04412,Dinner,F02,House Burger,1,22.0,7.0,15.0
JUL26-04419,Dinner,F02,House Burger,1,22.0,7.0,15.0
JUL26-04426,Dinner,F02,House Burger,1,22.0,7.0,15.0
JUL26-04433,Dinner,F02,House Burger,1,22.0,7.0,15.0
JUL26-04440,Dinner,F02,House Burger,1,22.0,7.0,15.0
JUL26-04447,Dinner,F02,House Burger,1,22.0,7.0,15.0
JUL26-04454,Dinner,F02,House Burger,1,22.0,7.0,15.0
JUL26-04461,Dinner,F02,House Burger,1,22.0,7.0,15.0
JUL26-04468,Dinner,F02,House Burger,1,22.0,7.0,15.0
JUL26-04475,Dinner,F02,House Burger,1,22.0,7.0,15.0
JUL26-04482,Dinner,F02,House Burger,1,22.0,7.0,15.0
JUL26-04489,Dinner,F02,House Burger,1,22.0,7.0,15.0
JUL26-04496,Dinner,F02,House Burger,1,22.0,7.0,15.0
JUL26-04503,Dinner,F02,House Burger,1,22.0,7.0,15.0
JUL26-04510,Dinner,F02,House Burger,1,22.0,7.0,15.0
JUL26-04517,Dinner,F02,House Burger,1,22.0,7.0,15.0
JUL26-04524,Dinner,F02,House Burger,1,22.0,7.0,15.0
JUL26-04531,Dinner,F02,House Burger,1,22.0,7.0,15.0
JUL26-04538,Dinner,F02,House Burger,1,22.0,7.0,15.0
JUL26-04545,Dinner,F02,House Burger,1,22.0,7.0,15.0
JUL26-04552,Dinner,F02,House Burger,1,22.0,7.0,15.0
JUL26-04559,Dinner,F02,House Burger,1,22.0,7.0,15.0
JUL26-04566,Dinner,F02,House Burger,1,22.0,7.0,15.0
JUL26-04573,Delivery / Takeaway,F02,House Burger,1,22.0,7.0,15.0
JUL26-04580,Delivery / Takeaway,F02,House Burger,1,22.0,7.0,15.0
JUL26-04587,Delivery / Takeaway,F02,House Burger,1,22.0,7.0,15.0
JUL26-04594,Delivery / Takeaway,F02,House Burger,1,22.0,7.0,15.0
JUL26-04601,Delivery / Takeaway,F02,House Burger,1,22.0,7.0,15.0
JUL26-04608,Delivery / Takeaway,F02,House Burger,1,22.0,7.0,15.0
JUL26-04615,Delivery / Takeaway,F02,House Burger,1,22.0,7.0,15.0
JUL26-04622,Delivery / Takeaway,F02,House Burger,1,22.0,7.0,15.0
JUL26-04629,Delivery / Takeaway,F02,House Burger,1,22.0,7.0,15.0
JUL26-04636,Delivery / Takeaway,F02,House Burger,1,22.0,7.0,15.0
JUL26-04643,Delivery / Takeaway,F02,House Burger,1,22.0,7.0,15.0
JUL26-04650,Delivery / Takeaway,F02,House Burger,1,22.0,7.0,15.0
JUL26-04657,Delivery / Takeaway,F02,House Burger,1,22.0,7.0,15.0
JUL26-04664,Delivery / Takeaway,F02,House Burger,1,22.0,7.0,15.0
JUL26-04671,Delivery / Takeaway,F02,House Burger,1,22.0,7.0,15.0
JUL26-04678,Delivery / Takeaway,F02,House Burger,1,22.0,7.0,15.0
JUL26-04685,Delivery / Takeaway,F02,House Burger,1,22.0,7.0,15.0
JUL26-04692,Delivery / Takeaway,F02,House Burger,1,22.0,7.0,15.0
JUL26-04699,Delivery / Takeaway,F02,House Burger,1,22.0,7.0,15.0
JUL26-04706,Delivery / Takeaway,F02,House Burger,1,22.0,7.0,15.0
JUL26-04713,Delivery / Takeaway,F02,House Burger,1,22.0,7.0,15.0
JUL26-04720,Delivery / Takeaway,F02,House Burger,1,22.0,7.0,15.0
JUL26-04727,Delivery / Takeaway,F02,House Burger,1,22.0,7.0,15.0
JUL26-04734,Delivery / Takeaway,F02,House Burger,1,22.0,7.0,15.0
JUL26-04741,Delivery / Takeaway,F02,House Burger,1,22.0,7.0,15.0
JUL26-04748,Delivery / Takeaway,F02,House Burger,1,22.0,7.0,15.0
JUL26-04755,Delivery / Takeaway,F02,House Burger,1,22.0,7.0,15.0
JUL26-04762,Delivery / Takeaway,F02,House Burger,1,22.0,7.0,15.0
JUL26-04769,Delivery / Takeaway,F02,House Burger,1,22.0,7.0,15.0
JUL26-04776,Delivery / Takeaway,F02,House Burger,1,22.0,7.0,15.0
JUL26-04783,Delivery / Takeaway,F02,House Burger,1,22.0,7.0,15.0
JUL26-04790,Delivery / Takeaway,F02,House Burger,1,22.0,7.0,15.0
JUL26-04797,Delivery / Takeaway,F02,House Burger,1,22.0,7.0,15.0
JUL26-04804,Delivery / Takeaway,F02,House Burger,1,22.0,7.0,15.0
JUL26-04811,Delivery / Takeaway,F02,House Burger,1,22.0,7.0,15.0
JUL26-04818,Delivery / Takeaway,F02,House Burger,1,22.0,7.0,15.0
JUL26-04825,Delivery / Takeaway,F02,House Burger,1,22.0,7.0,15.0
JUL26-04832,Delivery / Takeaway,F02,House Burger,1,22.0,7.0,15.0
JUL26-04839,Delivery / Takeaway,F02,House Burger,1,22.0,7.0,15.0
JUL26-04846,Delivery / Takeaway,F02,House Burger,1,22.0,7.0,15.0
JUL26-04853,Delivery / Takeaway,F02,House Burger,1,22.0,7.0,15.0
JUL26-04860,Delivery / Takeaway,F02,House Burger,1,22.0,7.0,15.0
JUL26-04867,Delivery / Takeaway,F02,House Burger,1,22.0,7.0,15.0
JUL26-04874,Delivery / Takeaway,F02,House Burger,1,22.0,7.0,15.0
JUL26-04881,Delivery / Takeaway,F02,House Burger,1,22.0,7.0,15.0
JUL26-04888,Delivery / Takeaway,F02,House Burger,1,22.0,7.0,15.0
JUL26-04895,Delivery / Takeaway,F02,House Burger,1,22.0,7.0,15.0
JUL26-04902,Delivery / Takeaway,F02,House Burger,1,22.0,7.0,15.0
JUL26-04909,Delivery / Takeaway,F02,House Burger,1,22.0,7.0,15.0
JUL26-04916,Delivery / Takeaway,F02,House Burger,1,22.0,7.0,15.0
JUL26-04923,Delivery / Takeaway,F02,House Burger,1,22.0,7.0,15.0
JUL26-04930,Delivery / Takeaway,F02,House Burger,1,22.0,7.0,15.0
JUL26-04937,Delivery / Takeaway,F02,House Burger,1,22.0,7.0,15.0
JUL26-04944,Delivery / Takeaway,F02,House Burger,1,22.0,7.0,15.0
JUL26-04951,Delivery / Takeaway,F02,House Burger,1,22.0,7.0,15.0
JUL26-04958,Delivery / Takeaway,F02,House Burger,1,22.0,7.0,15.0
JUL26-04965,Delivery / Takeaway,F02,House Burger,1,22.0,7.0,15.0
JUL26-04972,Delivery / Takeaway,F02,House Burger,1,22.0,7.0,15.0
JUL26-04979,Delivery / Takeaway,F02,House Burger,1,22.0,7.0,15.0
JUL26-04986,Delivery / Takeaway,F02,House Burger,1,22.0,7.0,15.0
JUL26-04993,Delivery / Takeaway,F02,House Burger,1,22.0,7.0,15.0
JUL26-05000,Delivery / Takeaway,F02,House Burger,1,22.0,7.0,15.0
JUL26-05007,Delivery / Takeaway,F02,House Burger,1,22.0,7.0,15.0
JUL26-05014,Delivery / Takeaway,F02,House Burger,1,22.0,7.0,15.0
JUL26-05021,Delivery / Takeaway,F02,House Burger,1,22.0,7.0,15.0
JUL26-05028,Delivery / Takeaway,F02,House Burger,1,22.0,7.0,15.0
JUL26-05035,Delivery / Takeaway,F02,House Burger,1,22.0,7.0,15.0
JUL26-05042,Delivery / Takeaway,F02,House Burger,1,22.0,7.0,15.0
JUL26-05049,Delivery / Takeaway,F02,House Burger,1,22.0,7.0,15.0
JUL26-05056,Delivery / Takeaway,F02,House Burger,1,22.0,7.0,15.0
JUL26-05063,Delivery / Takeaway,F02,House Burger,1,22.0,7.0,15.0
JUL26-05070,Delivery / Takeaway,F02,House Burger,1,22.0,7.0,15.0
JUL26-05077,Delivery / Takeaway,F02,House Burger,1,22.0,7.0,15.0
JUL26-05084,Delivery / Takeaway,F02,House Burger,1,22.0,7.0,15.0
JUL26-05091,Delivery / Takeaway,F02,House Burger,1,22.0,7.0,15.0
JUL26-05098,Delivery / Takeaway,F02,House Burger,1,22.0,7.0,15.0
JUL26-05105,Delivery / Takeaway,F02,House Burger,1,22.0,7.0,15.0
JUL26-05112,Delivery / Takeaway,F02,House Burger,1,22.0,7.0,15.0
JUL26-05119,Delivery / Takeaway,F02,House Burger,1,22.0,7.0,15.0
JUL26-05126,Delivery / Takeaway,F02,House Burger,1,22.0,7.0,15.0
JUL26-05133,Delivery / Takeaway,F02,House Burger,1,22.0,7.0,15.0
JUL26-05140,Delivery / Takeaway,F02,House Burger,1,22.0,7.0,15.0
JUL26-05147,Delivery / Takeaway,F02,House Burger,1,22.0,7.0,15.0
JUL26-05154,Delivery / Takeaway,F02,House Burger,1,22.0,7.0,15.0
JUL26-05161,Delivery / Takeaway,F02,House Burger,1,22.0,7.0,15.0
JUL26-05168,Delivery / Takeaway,F02,House Burger,1,22.0,7.0,15.0
JUL26-05175,Delivery / Takeaway,F02,House Burger,1,22.0,7.0,15.0
JUL26-05182,Delivery / Takeaway,F02,House Burger,1,22.0,7.0,15.0
JUL26-05189,Delivery / Takeaway,F02,House Burger,1,22.0,7.0,15.0
JUL26-05196,Delivery / Takeaway,F02,House Burger,1,22.0,7.0,15.0
JUL26-05203,Delivery / Takeaway,F02,House Burger,1,22.0,7.0,15.0
JUL26-05210,Delivery / Takeaway,F02,House Burger,1,22.0,7.0,15.0
JUL26-05217,Delivery / Takeaway,F02,House Burger,1,22.0,7.0,15.0
JUL26-05224,Delivery / Takeaway,F02,House Burger,1,22.0,7.0,15.0
JUL26-05231,Delivery / Takeaway,F02,House Burger,1,22.0,7.0,15.0
JUL26-05238,Delivery / Takeaway,F02,House Burger,1,22.0,7.0,15.0
JUL26-05245,Delivery / Takeaway,F02,House Burger,1,22.0,7.0,15.0
JUL26-05252,Delivery / Takeaway,F02,House Burger,1,22.0,7.0,15.0
JUL26-05259,Delivery / Takeaway,F02,House Burger,1,22.0,7.0,15.0
JUL26-05266,Delivery / Takeaway,F02,House Burger,1,22.0,7.0,15.0
JUL26-05273,Delivery / Takeaway,F02,House Burger,1,22.0,7.0,15.0
JUL26-05280,Delivery / Takeaway,F02,House Burger,1,22.0,7.0,15.0
JUL26-05287,Delivery / Takeaway,F02,House Burger,1,22.0,7.0,15.0
JUL26-05294,Delivery / Takeaway,F02,House Burger,1,22.0,7.0,15.0
JUL26-05301,Delivery / Takeaway,F02,House Burger,1,22.0,7.0,15.0
JUL26-05308,Delivery / Takeaway,F02,House Burger,1,22.0,7.0,15.0
JUL26-05315,Delivery / Takeaway,F02,House Burger,1,22.0,7.0,15.0
JUL26-05322,Private Event,F02,House Burger,1,22.0,7.0,15.0
JUL26-05329,Private Event,F02,House Burger,1,22.0,7.0,15.0
JUL26-05336,Private Event,F02,House Burger,1,22.0,7.0,15.0
JUL26-05343,Private Event,F02,House Burger,1,22.0,7.0,15.0
JUL26-05350,Private Event,F02,House Burger,1,22.0,7.0,15.0
JUL26-05357,Private Event,F02,House Burger,1,22.0,7.0,15.0
JUL26-05364,Private Event,F02,House Burger,1,22.0,7.0,15.0
JUL26-05371,Private Event,F02,House Burger,1,22.0,7.0,15.0
JUL26-05378,Private Event,F02,House Burger,1,22.0,7.0,15.0
JUL26-05385,Private Event,F02,House Burger,1,22.0,7.0,15.0
JUL26-05392,Private Event,F02,House Burger,1,22.0,7.0,15.0
JUL26-05399,Private Event,F02,House Burger,1,22.0,7.0,15.0
JUL26-05406,Private Event,F02,House Burger,1,22.0,7.0,15.0
JUL26-05413,Private Event,F02,House Burger,1,22.0,7.0,15.0
JUL26-05420,Private Event,F02,House Burger,1,22.0,7.0,15.0
JUL26-05427,Private Event,F02,House Burger,1,22.0,7.0,15.0
JUL26-05434,Private Event,F02,House Burger,1,22.0,7.0,15.0
JUL26-05441,Private Event,F02,House Burger,1,22.0,7.0,15.0
JUL26-05448,Private Event,F02,House Burger,1,22.0,7.0,15.0
JUL26-05455,Private Event,F02,House Burger,1,22.0,7.0,15.0
JUL26-05462,Private Event,F02,House Burger,1,22.0,7.0,15.0
JUL26-05469,Private Event,F02,House Burger,1,22.0,7.0,15.0
JUL26-05476,Private Event,F02,House Burger,1,22.0,7.0,15.0
JUL26-05483,Private Event,F02,House Burger,1,22.0,7.0,15.0
JUL26-05490,Private Event,F02,House Burger,1,22.0,7.0,15.0
JUL26-05497,Private Event,F02,House Burger,1,22.0,7.0,15.0
JUL26-05504,Private Event,F02,House Burger,1,22.0,7.0,15.0
JUL26-05511,Private Event,F02,House Burger,1,22.0,7.0,15.0
JUL26-05518,Private Event,F02,House Burger,1,22.0,7.0,15.0
JUL26-05525,Private Event,F02,House Burger,1,22.0,7.0,15.0
JUL26-05532,Private Event,F02,House Burger,1,22.0,7.0,15.0
JUL26-05539,Private Event,F02,House Burger,1,22.0,7.0,15.0
JUL26-05546,Private Event,F02,House Burger,1,22.0,7.0,15.0
JUL26-05553,Private Event,F02,House Burger,1,22.0,7.0,15.0
JUL26-05560,Private Event,F02,House Burger,1,22.0,7.0,15.0
JUL26-05567,Corporate / Group,F02,House Burger,1,22.0,7.0,15.0
JUL26-05574,Corporate / Group,F02,House Burger,1,22.0,7.0,15.0
JUL26-05581,Corporate / Group,F02,House Burger,1,22.0,7.0,15.0
JUL26-05588,Corporate / Group,F02,House Burger,1,22.0,7.0,15.0
JUL26-05595,Corporate / Group,F02,House Burger,1,22.0,7.0,15.0
JUL26-05602,Corporate / Group,F02,House Burger,1,22.0,7.0,15.0
JUL26-05609,Corporate / Group,F02,House Burger,1,22.0,7.0,15.0
JUL26-05616,Corporate / Group,F02,House Burger,1,22.0,7.0,15.0
JUL26-05623,Corporate / Group,F02,House Burger,1,22.0,7.0,15.0
JUL26-05630,Corporate / Group,F02,House Burger,1,22.0,7.0,15.0
JUL26-05637,Corporate / Group,F02,House Burger,1,22.0,7.0,15.0
JUL26-05644,Corporate / Group,F02,House Burger,1,22.0,7.0,15.0
JUL26-00001,Brunch,F02,House Burger,1,22.0,7.0,15.0
JUL26-00008,Brunch,F02,House Burger,1,22.0,7.0,15.0
JUL26-00015,Brunch,F02,House Burger,1,22.0,7.0,15.0
JUL26-00022,Brunch,F02,House Burger,1,22.0,7.0,15.0
JUL26-00029,Brunch,F02,House Burger,1,22.0,7.0,15.0
JUL26-00036,Brunch,F02,House Burger,1,22.0,7.0,15.0
JUL26-00043,Brunch,F02,House Burger,1,22.0,7.0,15.0
JUL26-00050,Brunch,F02,House Burger,1,22.0,7.0,15.0
JUL26-00057,Brunch,F02,House Burger,1,22.0,7.0,15.0
JUL26-00064,Brunch,F02,House Burger,1,22.0,7.0,15.0
JUL26-00071,Brunch,F02,House Burger,1,22.0,7.0,15.0
JUL26-00078,Brunch,F02,House Burger,1,22.0,7.0,15.0
JUL26-00085,Brunch,F02,House Burger,1,22.0,7.0,15.0
JUL26-00092,Brunch,F02,House Burger,1,22.0,7.0,15.0
JUL26-00099,Brunch,F02,House Burger,1,22.0,7.0,15.0
JUL26-00106,Brunch,F02,House Burger,1,22.0,7.0,15.0
JUL26-00113,Brunch,F02,House Burger,1,22.0,7.0,15.0
JUL26-00120,Brunch,F02,House Burger,1,22.0,7.0,15.0
JUL26-00127,Brunch,F02,House Burger,1,22.0,7.0,15.0
JUL26-00134,Brunch,F02,House Burger,1,22.0,7.0,15.0
JUL26-00141,Brunch,F02,House Burger,1,22.0,7.0,15.0
JUL26-00148,Brunch,F02,House Burger,1,22.0,7.0,15.0
JUL26-00155,Brunch,F02,House Burger,1,22.0,7.0,15.0
JUL26-00162,Brunch,F02,House Burger,1,22.0,7.0,15.0
JUL26-00169,Brunch,F02,House Burger,1,22.0,7.0,15.0
JUL26-00176,Brunch,F02,House Burger,1,22.0,7.0,15.0
JUL26-00183,Brunch,F02,House Burger,1,22.0,7.0,15.0
JUL26-00190,Brunch,F02,House Burger,1,22.0,7.0,15.0
JUL26-00197,Brunch,F02,House Burger,1,22.0,7.0,15.0
JUL26-00204,Brunch,F02,House Burger,1,22.0,7.0,15.0
JUL26-00211,Brunch,F02,House Burger,1,22.0,7.0,15.0
JUL26-00218,Brunch,F02,House Burger,1,22.0,7.0,15.0
JUL26-00225,Brunch,F02,House Burger,1,22.0,7.0,15.0
JUL26-00232,Brunch,F02,House Burger,1,22.0,7.0,15.0
JUL26-00239,Brunch,F02,House Burger,1,22.0,7.0,15.0
JUL26-00246,Brunch,F02,House Burger,1,22.0,7.0,15.0
JUL26-00253,Brunch,F02,House Burger,1,22.0,7.0,15.0
JUL26-00260,Brunch,F02,House Burger,1,22.0,7.0,15.0
JUL26-00267,Brunch,F02,House Burger,1,22.0,7.0,15.0
JUL26-00274,Brunch,F02,House Burger,1,22.0,7.0,15.0
JUL26-00281,Brunch,F02,House Burger,1,22.0,7.0,15.0
JUL26-00288,Brunch,F02,House Burger,1,22.0,7.0,15.0
JUL26-00295,Brunch,F02,House Burger,1,22.0,7.0,15.0
JUL26-00302,Brunch,F02,House Burger,1,22.0,7.0,15.0
JUL26-00309,Brunch,F02,House Burger,1,22.0,7.0,15.0
JUL26-00316,Brunch,F02,House Burger,1,22.0,7.0,15.0
JUL26-00323,Brunch,F02,House Burger,1,22.0,7.0,15.0
JUL26-00330,Brunch,F02,House Burger,1,22.0,7.0,15.0
JUL26-00337,Brunch,F02,House Burger,1,22.0,7.0,15.0
JUL26-00344,Brunch,F02,House Burger,1,22.0,7.0,15.0
JUL26-00351,Brunch,F02,House Burger,1,22.0,7.0,15.0
JUL26-00358,Brunch,F02,House Burger,1,22.0,7.0,15.0
JUL26-00365,Brunch,F02,House Burger,1,22.0,7.0,15.0
JUL26-00372,Brunch,F02,House Burger,1,22.0,7.0,15.0
JUL26-00379,Brunch,F02,House Burger,1,22.0,7.0,15.0
JUL26-00386,Brunch,F02,House Burger,1,22.0,7.0,15.0
JUL26-00393,Brunch,F02,House Burger,1,22.0,7.0,15.0
JUL26-00400,Brunch,F02,House Burger,1,22.0,7.0,15.0
JUL26-00407,Brunch,F02,House Burger,1,22.0,7.0,15.0
JUL26-00414,Brunch,F02,House Burger,1,22.0,7.0,15.0
JUL26-00421,Brunch,F02,House Burger,1,22.0,7.0,15.0
JUL26-00428,Brunch,F02,House Burger,1,22.0,7.0,15.0
JUL26-00435,Brunch,F02,House Burger,1,22.0,7.0,15.0
JUL26-00442,Brunch,F02,House Burger,1,22.0,7.0,15.0
JUL26-00449,Brunch,F02,House Burger,1,22.0,7.0,15.0
JUL26-00456,Brunch,F02,House Burger,1,22.0,7.0,15.0
JUL26-00463,Brunch,F02,House Burger,1,22.0,7.0,15.0
JUL26-00470,Brunch,F02,House Burger,1,22.0,7.0,15.0
JUL26-00477,Brunch,F02,House Burger,1,22.0,7.0,15.0
JUL26-00484,Brunch,F02,House Burger,1,22.0,7.0,15.0
JUL26-00491,Brunch,F02,House Burger,1,22.0,7.0,15.0
JUL26-00498,Brunch,F02,House Burger,1,22.0,7.0,15.0
JUL26-00505,Brunch,F02,House Burger,1,22.0,7.0,15.0
JUL26-00512,Brunch,F02,House Burger,1,22.0,7.0,15.0
JUL26-00519,Brunch,F02,House Burger,1,22.0,7.0,15.0
JUL26-00526,Brunch,F02,House Burger,1,22.0,7.0,15.0
JUL26-00533,Brunch,F02,House Burger,1,22.0,7.0,15.0
JUL26-00540,Brunch,F02,House Burger,1,22.0,7.0,15.0
JUL26-00547,Brunch,F02,House Burger,1,22.0,7.0,15.0
JUL26-00554,Brunch,F02,House Burger,1,22.0,7.0,15.0
JUL26-00561,Brunch,F02,House Burger,1,22.0,7.0,15.0
JUL26-00568,Brunch,F02,House Burger,1,22.0,7.0,15.0
JUL26-00575,Brunch,F02,House Burger,1,22.0,7.0,15.0
JUL26-00582,Brunch,F02,House Burger,1,22.0,7.0,15.0
JUL26-00589,Brunch,F02,House Burger,1,22.0,7.0,15.0
JUL26-00596,Brunch,F02,House Burger,1,22.0,7.0,15.0
JUL26-00603,Brunch,F02,House Burger,1,22.0,7.0,15.0
JUL26-00610,Brunch,F02,House Burger,1,22.0,7.0,15.0
JUL26-00617,Brunch,F02,House Burger,1,22.0,7.0,15.0
JUL26-00624,Brunch,F02,House Burger,1,22.0,7.0,15.0
JUL26-00631,Brunch,F02,House Burger,1,22.0,7.0,15.0
JUL26-00638,Brunch,F02,House Burger,1,22.0,7.0,15.0
JUL26-00645,Brunch,F02,House Burger,1,22.0,7.0,15.0
JUL26-00652,Brunch,F02,House Burger,1,22.0,7.0,15.0
JUL26-00659,Brunch,F02,House Burger,1,22.0,7.0,15.0
JUL26-00666,Brunch,F02,House Burger,1,22.0,7.0,15.0
JUL26-00673,Brunch,F02,House Burger,1,22.0,7.0,15.0
JUL26-00680,Brunch,F02,House Burger,1,22.0,7.0,15.0
JUL26-00687,Brunch,F02,House Burger,1,22.0,7.0,15.0
JUL26-00694,Brunch,F02,House Burger,1,22.0,7.0,15.0
JUL26-00701,Lunch,F02,House Burger,1,22.0,7.0,15.0
JUL26-00708,Lunch,F02,House Burger,1,22.0,7.0,15.0
JUL26-00715,Lunch,F02,House Burger,1,22.0,7.0,15.0
JUL26-00722,Lunch,F02,House Burger,1,22.0,7.0,15.0
JUL26-00729,Lunch,F02,House Burger,1,22.0,7.0,15.0
JUL26-00736,Lunch,F02,House Burger,1,22.0,7.0,15.0
JUL26-00743,Lunch,F02,House Burger,1,22.0,7.0,15.0
JUL26-00750,Lunch,F02,House Burger,1,22.0,7.0,15.0
JUL26-00757,Lunch,F02,House Burger,1,22.0,7.0,15.0
JUL26-00764,Lunch,F02,House Burger,1,22.0,7.0,15.0
JUL26-00771,Lunch,F02,House Burger,1,22.0,7.0,15.0
JUL26-00778,Lunch,F02,House Burger,1,22.0,7.0,15.0
JUL26-00785,Lunch,F02,House Burger,1,22.0,7.0,15.0
JUL26-00792,Lunch,F02,House Burger,1,22.0,7.0,15.0
JUL26-00799,Lunch,F02,House Burger,1,22.0,7.0,15.0
JUL26-00806,Lunch,F02,House Burger,1,22.0,7.0,15.0
JUL26-00813,Lunch,F02,House Burger,1,22.0,7.0,15.0
JUL26-00820,Lunch,F02,House Burger,1,22.0,7.0,15.0
JUL26-00827,Lunch,F02,House Burger,1,22.0,7.0,15.0
JUL26-00834,Lunch,F02,House Burger,1,22.0,7.0,15.0
JUL26-00841,Lunch,F02,House Burger,1,22.0,7.0,15.0
JUL26-00848,Lunch,F02,House Burger,1,22.0,7.0,15.0
JUL26-00855,Lunch,F02,House Burger,1,22.0,7.0,15.0
JUL26-00862,Lunch,F02,House Burger,1,22.0,7.0,15.0
JUL26-00869,Lunch,F02,House Burger,1,22.0,7.0,15.0
JUL26-00876,Lunch,F02,House Burger,1,22.0,7.0,15.0
JUL26-00883,Lunch,F02,House Burger,1,22.0,7.0,15.0
JUL26-00890,Lunch,F02,House Burger,1,22.0,7.0,15.0
JUL26-00897,Lunch,F02,House Burger,1,22.0,7.0,15.0
JUL26-00904,Lunch,F02,House Burger,1,22.0,7.0,15.0
JUL26-00911,Lunch,F02,House Burger,1,22.0,7.0,15.0
JUL26-00918,Lunch,F02,House Burger,1,22.0,7.0,15.0
JUL26-00925,Lunch,F02,House Burger,1,22.0,7.0,15.0
JUL26-00932,Lunch,F02,House Burger,1,22.0,7.0,15.0
JUL26-00939,Lunch,F02,House Burger,1,22.0,7.0,15.0
JUL26-00946,Lunch,F02,House Burger,1,22.0,7.0,15.0
JUL26-00953,Lunch,F02,House Burger,1,22.0,7.0,15.0
JUL26-00960,Lunch,F02,House Burger,1,22.0,7.0,15.0
JUL26-00967,Lunch,F02,House Burger,1,22.0,7.0,15.0
JUL26-00974,Lunch,F02,House Burger,1,22.0,7.0,15.0
JUL26-00981,Lunch,F02,House Burger,1,22.0,7.0,15.0
JUL26-00988,Lunch,F02,House Burger,1,22.0,7.0,15.0
JUL26-00995,Lunch,F02,House Burger,1,22.0,7.0,15.0
JUL26-01002,Lunch,F02,House Burger,1,22.0,7.0,15.0
JUL26-01009,Lunch,F02,House Burger,1,22.0,7.0,15.0
JUL26-01016,Lunch,F02,House Burger,1,22.0,7.0,15.0
JUL26-01023,Lunch,F02,House Burger,1,22.0,7.0,15.0
JUL26-01030,Lunch,F02,House Burger,1,22.0,7.0,15.0
JUL26-01037,Lunch,F02,House Burger,1,22.0,7.0,15.0
JUL26-01044,Lunch,F02,House Burger,1,22.0,7.0,15.0
JUL26-01051,Lunch,F02,House Burger,1,22.0,7.0,15.0
JUL26-01058,Lunch,F02,House Burger,1,22.0,7.0,15.0
JUL26-01065,Lunch,F02,House Burger,1,22.0,7.0,15.0
JUL26-01072,Lunch,F02,House Burger,1,22.0,7.0,15.0
JUL26-01079,Lunch,F02,House Burger,1,22.0,7.0,15.0
JUL26-01086,Lunch,F02,House Burger,1,22.0,7.0,15.0
JUL26-01093,Lunch,F02,House Burger,1,22.0,7.0,15.0
JUL26-01100,Lunch,F02,House Burger,1,22.0,7.0,15.0
JUL26-01107,Lunch,F02,House Burger,1,22.0,7.0,15.0
JUL26-01114,Lunch,F02,House Burger,1,22.0,7.0,15.0
JUL26-01121,Lunch,F02,House Burger,1,22.0,7.0,15.0
JUL26-01128,Lunch,F02,House Burger,1,22.0,7.0,15.0
JUL26-01135,Lunch,F02,House Burger,1,22.0,7.0,15.0
JUL26-01142,Lunch,F02,House Burger,1,22.0,7.0,15.0
JUL26-01149,Lunch,F02,House Burger,1,22.0,7.0,15.0
JUL26-01156,Lunch,F02,House Burger,1,22.0,7.0,15.0
JUL26-01163,Lunch,F02,House Burger,1,22.0,7.0,15.0
JUL26-01170,Lunch,F02,House Burger,1,22.0,7.0,15.0
JUL26-01177,Lunch,F02,House Burger,1,22.0,7.0,15.0
JUL26-01184,Lunch,F02,House Burger,1,22.0,7.0,15.0
JUL26-01191,Lunch,F02,House Burger,1,22.0,7.0,15.0
JUL26-01198,Lunch,F02,House Burger,1,22.0,7.0,15.0
JUL26-01205,Lunch,F02,House Burger,1,22.0,7.0,15.0
JUL26-01212,Lunch,F02,House Burger,1,22.0,7.0,15.0
JUL26-01219,Lunch,F02,House Burger,1,22.0,7.0,15.0
JUL26-01226,Lunch,F02,House Burger,1,22.0,7.0,15.0
JUL26-01233,Lunch,F02,House Burger,1,22.0,7.0,15.0
JUL26-01240,Lunch,F02,House Burger,1,22.0,7.0,15.0
JUL26-01247,Lunch,F02,House Burger,1,22.0,7.0,15.0
JUL26-01254,Lunch,F02,House Burger,1,22.0,7.0,15.0
JUL26-01261,Lunch,F02,House Burger,1,22.0,7.0,15.0
JUL26-01268,Lunch,F02,House Burger,1,22.0,7.0,15.0
JUL26-01275,Lunch,F02,House Burger,1,22.0,7.0,15.0
JUL26-01282,Lunch,F02,House Burger,1,22.0,7.0,15.0
JUL26-01289,Lunch,F02,House Burger,1,22.0,7.0,15.0
JUL26-01296,Lunch,F02,House Burger,1,22.0,7.0,15.0
JUL26-01303,Lunch,F02,House Burger,1,22.0,7.0,15.0
JUL26-01310,Lunch,F02,House Burger,1,22.0,7.0,15.0
JUL26-01317,Lunch,F02,House Burger,1,22.0,7.0,15.0
JUL26-01324,Lunch,F02,House Burger,1,22.0,7.0,15.0
JUL26-01331,Lunch,F02,House Burger,1,22.0,7.0,15.0
JUL26-01338,Lunch,F02,House Burger,1,22.0,7.0,15.0
JUL26-01345,Lunch,F02,House Burger,1,22.0,7.0,15.0
JUL26-01352,Lunch,F02,House Burger,1,22.0,7.0,15.0
JUL26-01359,Lunch,F02,House Burger,1,22.0,7.0,15.0
JUL26-01366,Lunch,F02,House Burger,1,22.0,7.0,15.0
JUL26-01373,Lunch,F02,House Burger,1,22.0,7.0,15.0
JUL26-01380,Lunch,F02,House Burger,1,22.0,7.0,15.0
JUL26-01387,Lunch,F02,House Burger,1,22.0,7.0,15.0
JUL26-01394,Lunch,F02,House Burger,1,22.0,7.0,15.0
JUL26-01401,Lunch,F02,House Burger,1,22.0,7.0,15.0
JUL26-01408,Lunch,F02,House Burger,1,22.0,7.0,15.0
JUL26-01415,Lunch,F02,House Burger,1,22.0,7.0,15.0
JUL26-01422,Lunch,F02,House Burger,1,22.0,7.0,15.0
JUL26-01429,Lunch,F02,House Burger,1,22.0,7.0,15.0
JUL26-01436,Lunch,F02,House Burger,1,22.0,7.0,15.0
JUL26-01443,Lunch,F02,House Burger,1,22.0,7.0,15.0
JUL26-01450,Lunch,F02,House Burger,1,22.0,7.0,15.0
JUL26-01457,Lunch,F02,House Burger,1,22.0,7.0,15.0
JUL26-01464,Lunch,F02,House Burger,1,22.0,7.0,15.0
JUL26-01471,Lunch,F02,House Burger,1,22.0,7.0,15.0
JUL26-01478,Lunch,F02,House Burger,1,22.0,7.0,15.0
JUL26-01485,Lunch,F02,House Burger,1,22.0,7.0,15.0
JUL26-01492,Lunch,F02,House Burger,1,22.0,7.0,15.0
JUL26-01499,Lunch,F02,House Burger,1,22.0,7.0,15.0
JUL26-01506,Lunch,F02,House Burger,1,22.0,7.0,15.0
JUL26-01513,Lunch,F02,House Burger,1,22.0,7.0,15.0
JUL26-01520,Lunch,F02,House Burger,1,22.0,7.0,15.0
JUL26-01527,Lunch,F02,House Burger,1,22.0,7.0,15.0
JUL26-01534,Lunch,F02,House Burger,1,22.0,7.0,15.0
JUL26-01541,Lunch,F02,House Burger,1,22.0,7.0,15.0
JUL26-01548,Lunch,F02,House Burger,1,22.0,7.0,15.0
JUL26-01555,Lunch,F02,House Burger,1,22.0,7.0,15.0
JUL26-01562,Lunch,F02,House Burger,1,22.0,7.0,15.0
JUL26-01569,Lunch,F02,House Burger,1,22.0,7.0,15.0
JUL26-01576,Lunch,F02,House Burger,1,22.0,7.0,15.0
JUL26-01583,Lunch,F02,House Burger,1,22.0,7.0,15.0
JUL26-01590,Lunch,F02,House Burger,1,22.0,7.0,15.0
JUL26-01597,Lunch,F02,House Burger,1,22.0,7.0,15.0
JUL26-01604,Lunch,F02,House Burger,1,22.0,7.0,15.0
JUL26-01611,Lunch,F02,House Burger,1,22.0,7.0,15.0
JUL26-01618,Lunch,F02,House Burger,1,22.0,7.0,15.0
JUL26-01625,Lunch,F02,House Burger,1,22.0,7.0,15.0
JUL26-01632,Lunch,F02,House Burger,1,22.0,7.0,15.0
JUL26-01639,Lunch,F02,House Burger,1,22.0,7.0,15.0
JUL26-01646,Lunch,F02,House Burger,1,22.0,7.0,15.0
JUL26-01653,Lunch,F02,House Burger,1,22.0,7.0,15.0
JUL26-01660,Lunch,F02,House Burger,1,22.0,7.0,15.0
JUL26-01667,Lunch,F02,House Burger,1,22.0,7.0,15.0
JUL26-01674,Lunch,F02,House Burger,1,22.0,7.0,15.0
JUL26-01681,Lunch,F02,House Burger,1,22.0,7.0,15.0
JUL26-01688,Lunch,F02,House Burger,1,22.0,7.0,15.0
JUL26-01695,Lunch,F02,House Burger,1,22.0,7.0,15.0
JUL26-01702,Lunch,F02,House Burger,1,22.0,7.0,15.0
JUL26-01709,Lunch,F02,House Burger,1,22.0,7.0,15.0
JUL26-01716,Lunch,F02,House Burger,1,22.0,7.0,15.0
JUL26-01723,Lunch,F02,House Burger,1,22.0,7.0,15.0
JUL26-01730,Lunch,F02,House Burger,1,22.0,7.0,15.0
JUL26-01737,Lunch,F02,House Burger,1,22.0,7.0,15.0
JUL26-01744,Lunch,F02,House Burger,1,22.0,7.0,15.0
JUL26-01751,Lunch,F02,House Burger,1,22.0,7.0,15.0
JUL26-01758,Lunch,F02,House Burger,1,22.0,7.0,15.0
JUL26-01765,Lunch,F02,House Burger,1,22.0,7.0,15.0
JUL26-01772,Lunch,F02,House Burger,1,22.0,7.0,15.0
JUL26-01779,Lunch,F02,House Burger,1,22.0,7.0,15.0
JUL26-01786,Lunch,F02,House Burger,1,22.0,7.0,15.0
JUL26-01793,Lunch,F02,House Burger,1,22.0,7.0,15.0
JUL26-01800,Lunch,F02,House Burger,1,22.0,7.0,15.0
JUL26-01807,Lunch,F02,House Burger,1,22.0,7.0,15.0
JUL26-01814,Lunch,F02,House Burger,1,22.0,7.0,15.0
JUL26-01821,Lunch,F02,House Burger,1,22.0,7.0,15.0
JUL26-01828,Lunch,F02,House Burger,1,22.0,7.0,15.0
JUL26-01835,Lunch,F02,House Burger,1,22.0,7.0,15.0
JUL26-01842,Lunch,F02,House Burger,1,22.0,7.0,15.0
JUL26-01849,Lunch,F02,House Burger,1,22.0,7.0,15.0
JUL26-01856,Lunch,F02,House Burger,1,22.0,7.0,15.0
JUL26-01863,Lunch,F02,House Burger,1,22.0,7.0,15.0
JUL26-01870,Lunch,F02,House Burger,1,22.0,7.0,15.0
JUL26-01877,Lunch,F02,House Burger,1,22.0,7.0,15.0
JUL26-01884,Lunch,F02,House Burger,1,22.0,7.0,15.0
JUL26-01891,Lunch,F02,House Burger,1,22.0,7.0,15.0
JUL26-01898,Lunch,F02,House Burger,1,22.0,7.0,15.0
JUL26-01905,Lunch,F02,House Burger,1,22.0,7.0,15.0
JUL26-01912,Lunch,F02,House Burger,1,22.0,7.0,15.0
JUL26-01919,Lunch,F02,House Burger,1,22.0,7.0,15.0
JUL26-01926,Lunch,F02,House Burger,1,22.0,7.0,15.0
JUL26-01933,Lunch,F02,House Burger,1,22.0,7.0,15.0
JUL26-01940,Lunch,F02,House Burger,1,22.0,7.0,15.0
JUL26-01947,Lunch,F02,House Burger,1,22.0,7.0,15.0
JUL26-01954,Lunch,F02,House Burger,1,22.0,7.0,15.0
JUL26-01961,Lunch,F02,House Burger,1,22.0,7.0,15.0
JUL26-01968,Lunch,F02,House Burger,1,22.0,7.0,15.0
JUL26-01975,Lunch,F02,House Burger,1,22.0,7.0,15.0
JUL26-01982,Lunch,F02,House Burger,1,22.0,7.0,15.0
JUL26-01989,Lunch,F02,House Burger,1,22.0,7.0,15.0
JUL26-01996,Lunch,F02,House Burger,1,22.0,7.0,15.0
JUL26-02003,Lunch,F02,House Burger,1,22.0,7.0,15.0
JUL26-02010,Lunch,F02,House Burger,1,22.0,7.0,15.0
JUL26-02017,Lunch,F02,House Burger,1,22.0,7.0,15.0
JUL26-02024,Lunch,F02,House Burger,1,22.0,7.0,15.0
JUL26-02031,Lunch,F02,House Burger,1,22.0,7.0,15.0
JUL26-02038,Lunch,F02,House Burger,1,22.0,7.0,15.0
JUL26-02045,Lunch,F02,House Burger,1,22.0,7.0,15.0
JUL26-02052,Lunch,F02,House Burger,1,22.0,7.0,15.0
JUL26-02059,Lunch,F02,House Burger,1,22.0,7.0,15.0
JUL26-02066,Lunch,F02,House Burger,1,22.0,7.0,15.0
JUL26-02073,Lunch,F02,House Burger,1,22.0,7.0,15.0
JUL26-02080,Lunch,F02,House Burger,1,22.0,7.0,15.0
JUL26-02087,Lunch,F02,House Burger,1,22.0,7.0,15.0
JUL26-02094,Lunch,F02,House Burger,1,22.0,7.0,15.0
JUL26-02101,Lunch,F02,House Burger,1,22.0,7.0,15.0
JUL26-02108,Lunch,F02,House Burger,1,22.0,7.0,15.0
JUL26-02115,Lunch,F02,House Burger,1,22.0,7.0,15.0
JUL26-02122,Lunch,F02,House Burger,1,22.0,7.0,15.0
JUL26-02129,Lunch,F02,House Burger,1,22.0,7.0,15.0
JUL26-02136,Lunch,F02,House Burger,1,22.0,7.0,15.0
JUL26-02143,Lunch,F02,House Burger,1,22.0,7.0,15.0
JUL26-02150,Lunch,F02,House Burger,1,22.0,7.0,15.0
JUL26-02157,Lunch,F02,House Burger,1,22.0,7.0,15.0
JUL26-02164,Lunch,F02,House Burger,1,22.0,7.0,15.0
JUL26-02171,Lunch,F02,House Burger,1,22.0,7.0,15.0
JUL26-02178,Lunch,F02,House Burger,1,22.0,7.0,15.0
JUL26-02185,Dinner,F02,House Burger,1,22.0,7.0,15.0
JUL26-02192,Dinner,F02,House Burger,1,22.0,7.0,15.0
JUL26-02199,Dinner,F02,House Burger,1,22.0,7.0,15.0
JUL26-02206,Dinner,F02,House Burger,1,22.0,7.0,15.0
JUL26-02213,Dinner,F02,House Burger,1,22.0,7.0,15.0
JUL26-02220,Dinner,F02,House Burger,1,22.0,7.0,15.0
JUL26-02227,Dinner,F02,House Burger,1,22.0,7.0,15.0
JUL26-02234,Dinner,F02,House Burger,1,22.0,7.0,15.0
JUL26-02241,Dinner,F02,House Burger,1,22.0,7.0,15.0
JUL26-02248,Dinner,F02,House Burger,1,22.0,7.0,15.0
JUL26-02255,Dinner,F02,House Burger,1,22.0,7.0,15.0
JUL26-02262,Dinner,F02,House Burger,1,22.0,7.0,15.0
JUL26-02269,Dinner,F02,House Burger,1,22.0,7.0,15.0
JUL26-02276,Dinner,F02,House Burger,1,22.0,7.0,15.0
JUL26-02283,Dinner,F02,House Burger,1,22.0,7.0,15.0
JUL26-02290,Dinner,F02,House Burger,1,22.0,7.0,15.0
JUL26-02297,Dinner,F02,House Burger,1,22.0,7.0,15.0
JUL26-02304,Dinner,F02,House Burger,1,22.0,7.0,15.0
JUL26-02311,Dinner,F02,House Burger,1,22.0,7.0,15.0
JUL26-02318,Dinner,F02,House Burger,1,22.0,7.0,15.0
JUL26-02325,Dinner,F02,House Burger,1,22.0,7.0,15.0
JUL26-02332,Dinner,F02,House Burger,1,22.0,7.0,15.0
JUL26-02339,Dinner,F02,House Burger,1,22.0,7.0,15.0
JUL26-02346,Dinner,F02,House Burger,1,22.0,7.0,15.0
JUL26-02353,Dinner,F02,House Burger,1,22.0,7.0,15.0
JUL26-02360,Dinner,F02,House Burger,1,22.0,7.0,15.0
JUL26-02367,Dinner,F02,House Burger,1,22.0,7.0,15.0
JUL26-02374,Dinner,F02,House Burger,1,22.0,7.0,15.0
JUL26-02381,Dinner,F02,House Burger,1,22.0,7.0,15.0
JUL26-02388,Dinner,F02,House Burger,1,22.0,7.0,15.0
JUL26-02395,Dinner,F02,House Burger,1,22.0,7.0,15.0
JUL26-02402,Dinner,F02,House Burger,1,22.0,7.0,15.0
JUL26-02409,Dinner,F02,House Burger,1,22.0,7.0,15.0
JUL26-02416,Dinner,F02,House Burger,1,22.0,7.0,15.0
JUL26-02423,Dinner,F02,House Burger,1,22.0,7.0,15.0
JUL26-02430,Dinner,F02,House Burger,1,22.0,7.0,15.0
JUL26-02437,Dinner,F02,House Burger,1,22.0,7.0,15.0
JUL26-02444,Dinner,F02,House Burger,1,22.0,7.0,15.0
JUL26-02451,Dinner,F02,House Burger,1,22.0,7.0,15.0
JUL26-02458,Dinner,F02,House Burger,1,22.0,7.0,15.0
JUL26-02465,Dinner,F02,House Burger,1,22.0,7.0,15.0
JUL26-02472,Dinner,F02,House Burger,1,22.0,7.0,15.0
JUL26-02479,Dinner,F02,House Burger,1,22.0,7.0,15.0
JUL26-02486,Dinner,F02,House Burger,1,22.0,7.0,15.0
JUL26-02493,Dinner,F02,House Burger,1,22.0,7.0,15.0
JUL26-02500,Dinner,F02,House Burger,1,22.0,7.0,15.0
JUL26-02507,Dinner,F02,House Burger,1,22.0,7.0,15.0
JUL26-02514,Dinner,F02,House Burger,1,22.0,7.0,15.0
JUL26-02521,Dinner,F02,House Burger,1,22.0,7.0,15.0
JUL26-02528,Dinner,F02,House Burger,1,22.0,7.0,15.0
JUL26-02535,Dinner,F02,House Burger,1,22.0,7.0,15.0
JUL26-02542,Dinner,F02,House Burger,1,22.0,7.0,15.0
JUL26-02549,Dinner,F02,House Burger,1,22.0,7.0,15.0
JUL26-02556,Dinner,F02,House Burger,1,22.0,7.0,15.0
JUL26-02563,Dinner,F02,House Burger,1,22.0,7.0,15.0
JUL26-02570,Dinner,F02,House Burger,1,22.0,7.0,15.0
JUL26-02577,Dinner,F02,House Burger,1,22.0,7.0,15.0
JUL26-02584,Dinner,F02,House Burger,1,22.0,7.0,15.0
JUL26-02591,Dinner,F02,House Burger,1,22.0,7.0,15.0
JUL26-02598,Dinner,F02,House Burger,1,22.0,7.0,15.0
JUL26-02605,Dinner,F02,House Burger,1,22.0,7.0,15.0
JUL26-02612,Dinner,F02,House Burger,1,22.0,7.0,15.0
JUL26-02619,Dinner,F02,House Burger,1,22.0,7.0,15.0
JUL26-02626,Dinner,F02,House Burger,1,22.0,7.0,15.0
JUL26-02633,Dinner,F02,House Burger,1,22.0,7.0,15.0
JUL26-02640,Dinner,F02,House Burger,1,22.0,7.0,15.0
JUL26-02647,Dinner,F02,House Burger,1,22.0,7.0,15.0
JUL26-02654,Dinner,F02,House Burger,1,22.0,7.0,15.0
JUL26-02661,Dinner,F02,House Burger,1,22.0,7.0,15.0
JUL26-02668,Dinner,F02,House Burger,1,22.0,7.0,15.0
JUL26-02675,Dinner,F02,House Burger,1,22.0,7.0,15.0
JUL26-02682,Dinner,F02,House Burger,1,22.0,7.0,15.0
JUL26-02689,Dinner,F02,House Burger,1,22.0,7.0,15.0
JUL26-02696,Dinner,F02,House Burger,1,22.0,7.0,15.0
JUL26-02703,Dinner,F02,House Burger,1,22.0,7.0,15.0
JUL26-02710,Dinner,F02,House Burger,1,22.0,7.0,15.0
JUL26-02717,Dinner,F02,House Burger,1,22.0,7.0,15.0
JUL26-02724,Dinner,F02,House Burger,1,22.0,7.0,15.0
JUL26-02731,Dinner,F02,House Burger,1,22.0,7.0,15.0
JUL26-02738,Dinner,F02,House Burger,1,22.0,7.0,15.0
JUL26-02745,Dinner,F02,House Burger,1,22.0,7.0,15.0
JUL26-02752,Dinner,F02,House Burger,1,22.0,7.0,15.0
JUL26-02759,Dinner,F02,House Burger,1,22.0,7.0,15.0
JUL26-02766,Dinner,F02,House Burger,1,22.0,7.0,15.0
JUL26-02773,Dinner,F02,House Burger,1,22.0,7.0,15.0
JUL26-02780,Dinner,F02,House Burger,1,22.0,7.0,15.0
JUL26-02787,Dinner,F02,House Burger,1,22.0,7.0,15.0
JUL26-02794,Dinner,F02,House Burger,1,22.0,7.0,15.0
JUL26-02801,Dinner,F02,House Burger,1,22.0,7.0,15.0
JUL26-02808,Dinner,F02,House Burger,1,22.0,7.0,15.0
JUL26-02815,Dinner,F02,House Burger,1,22.0,7.0,15.0
JUL26-02822,Dinner,F02,House Burger,1,22.0,7.0,15.0
JUL26-02829,Dinner,F02,House Burger,1,22.0,7.0,15.0
JUL26-02836,Dinner,F02,House Burger,1,22.0,7.0,15.0
JUL26-02843,Dinner,F02,House Burger,1,22.0,7.0,15.0
JUL26-02850,Dinner,F02,House Burger,1,22.0,7.0,15.0
JUL26-02857,Dinner,F02,House Burger,1,22.0,7.0,15.0
JUL26-02864,Dinner,F02,House Burger,1,22.0,7.0,15.0
JUL26-02871,Dinner,F02,House Burger,1,22.0,7.0,15.0
JUL26-02878,Dinner,F02,House Burger,1,22.0,7.0,15.0
JUL26-02885,Dinner,F02,House Burger,1,22.0,7.0,15.0
JUL26-02892,Dinner,F02,House Burger,1,22.0,7.0,15.0
JUL26-02899,Dinner,F02,House Burger,1,22.0,7.0,15.0
JUL26-02906,Dinner,F02,House Burger,1,22.0,7.0,15.0
JUL26-02913,Dinner,F02,House Burger,1,22.0,7.0,15.0
JUL26-02920,Dinner,F02,House Burger,1,22.0,7.0,15.0
JUL26-02927,Dinner,F02,House Burger,1,22.0,7.0,15.0
JUL26-02934,Dinner,F02,House Burger,1,22.0,7.0,15.0
JUL26-02941,Dinner,F02,House Burger,1,22.0,7.0,15.0
JUL26-02948,Dinner,F02,House Burger,1,22.0,7.0,15.0
JUL26-02955,Dinner,F02,House Burger,1,22.0,7.0,15.0
JUL26-02962,Dinner,F02,House Burger,1,22.0,7.0,15.0
JUL26-02969,Dinner,F02,House Burger,1,22.0,7.0,15.0
JUL26-02976,Dinner,F02,House Burger,1,22.0,7.0,15.0
JUL26-02983,Dinner,F02,House Burger,1,22.0,7.0,15.0
JUL26-02990,Dinner,F02,House Burger,1,22.0,7.0,15.0
JUL26-02997,Dinner,F02,House Burger,1,22.0,7.0,15.0
JUL26-03004,Dinner,F02,House Burger,1,22.0,7.0,15.0
JUL26-03011,Dinner,F02,House Burger,1,22.0,7.0,15.0
JUL26-03018,Dinner,F02,House Burger,1,22.0,7.0,15.0
JUL26-03025,Dinner,F02,House Burger,1,22.0,7.0,15.0
JUL26-03032,Dinner,F02,House Burger,1,22.0,7.0,15.0
JUL26-03039,Dinner,F02,House Burger,1,22.0,7.0,15.0
JUL26-03046,Dinner,F02,House Burger,1,22.0,7.0,15.0
JUL26-03053,Dinner,F02,House Burger,1,22.0,7.0,15.0
JUL26-03060,Dinner,F02,House Burger,1,22.0,7.0,15.0
JUL26-03067,Dinner,F02,House Burger,1,22.0,7.0,15.0
JUL26-03074,Dinner,F02,House Burger,1,22.0,7.0,15.0
JUL26-03081,Dinner,F02,House Burger,1,22.0,7.0,15.0
JUL26-03088,Dinner,F02,House Burger,1,22.0,7.0,15.0
JUL26-03095,Dinner,F02,House Burger,1,22.0,7.0,15.0
JUL26-03102,Dinner,F02,House Burger,1,22.0,7.0,15.0
JUL26-03109,Dinner,F02,House Burger,1,22.0,7.0,15.0
JUL26-03116,Dinner,F02,House Burger,1,22.0,7.0,15.0
JUL26-03123,Dinner,F02,House Burger,1,22.0,7.0,15.0
JUL26-03130,Dinner,F02,House Burger,1,22.0,7.0,15.0
JUL26-03137,Dinner,F02,House Burger,1,22.0,7.0,15.0
JUL26-03144,Dinner,F02,House Burger,1,22.0,7.0,15.0
JUL26-03151,Dinner,F02,House Burger,1,22.0,7.0,15.0
JUL26-03158,Dinner,F02,House Burger,1,22.0,7.0,15.0
JUL26-03165,Dinner,F02,House Burger,1,22.0,7.0,15.0
JUL26-03172,Dinner,F02,House Burger,1,22.0,7.0,15.0
JUL26-03179,Dinner,F02,House Burger,1,22.0,7.0,15.0
JUL26-03186,Dinner,F02,House Burger,1,22.0,7.0,15.0
JUL26-03193,Dinner,F02,House Burger,1,22.0,7.0,15.0
JUL26-03200,Dinner,F02,House Burger,1,22.0,7.0,15.0
JUL26-03207,Dinner,F02,House Burger,1,22.0,7.0,15.0
JUL26-03214,Dinner,F02,House Burger,1,22.0,7.0,15.0
JUL26-03221,Dinner,F02,House Burger,1,22.0,7.0,15.0
JUL26-03228,Dinner,F02,House Burger,1,22.0,7.0,15.0
JUL26-03235,Dinner,F02,House Burger,1,22.0,7.0,15.0
JUL26-03242,Dinner,F02,House Burger,1,22.0,7.0,15.0
JUL26-03249,Dinner,F02,House Burger,1,22.0,7.0,15.0
JUL26-03256,Dinner,F02,House Burger,1,22.0,7.0,15.0
JUL26-03263,Dinner,F02,House Burger,1,22.0,7.0,15.0
JUL26-03270,Dinner,F02,House Burger,1,22.0,7.0,15.0
JUL26-03277,Dinner,F02,House Burger,1,22.0,7.0,15.0
JUL26-03284,Dinner,F02,House Burger,1,22.0,7.0,15.0
JUL26-03291,Dinner,F02,House Burger,1,22.0,7.0,15.0
JUL26-03298,Dinner,F02,House Burger,1,22.0,7.0,15.0
JUL26-03305,Dinner,F02,House Burger,1,22.0,7.0,15.0
JUL26-03312,Dinner,F02,House Burger,1,22.0,7.0,15.0
JUL26-03319,Dinner,F02,House Burger,1,22.0,7.0,15.0
JUL26-03326,Dinner,F02,House Burger,1,22.0,7.0,15.0
JUL26-03333,Dinner,F02,House Burger,1,22.0,7.0,15.0
JUL26-03340,Dinner,F02,House Burger,1,22.0,7.0,15.0
JUL26-03347,Dinner,F02,House Burger,1,22.0,7.0,15.0
JUL26-03354,Dinner,F02,House Burger,1,22.0,7.0,15.0
JUL26-03361,Dinner,F02,House Burger,1,22.0,7.0,15.0
JUL26-03368,Dinner,F02,House Burger,1,22.0,7.0,15.0
JUL26-03375,Dinner,F02,House Burger,1,22.0,7.0,15.0
JUL26-03382,Dinner,F02,House Burger,1,22.0,7.0,15.0
JUL26-03389,Dinner,F02,House Burger,1,22.0,7.0,15.0
JUL26-03396,Dinner,F02,House Burger,1,22.0,7.0,15.0
JUL26-03403,Dinner,F02,House Burger,1,22.0,7.0,15.0
JUL26-03410,Dinner,F02,House Burger,1,22.0,7.0,15.0
JUL26-03417,Dinner,F02,House Burger,1,22.0,7.0,15.0
JUL26-03424,Dinner,F02,House Burger,1,22.0,7.0,15.0
JUL26-03431,Dinner,F02,House Burger,1,22.0,7.0,15.0
JUL26-03438,Dinner,F02,House Burger,1,22.0,7.0,15.0
JUL26-03445,Dinner,F02,House Burger,1,22.0,7.0,15.0
JUL26-03452,Dinner,F02,House Burger,1,22.0,7.0,15.0
JUL26-03459,Dinner,F02,House Burger,1,22.0,7.0,15.0
JUL26-03466,Dinner,F02,House Burger,1,22.0,7.0,15.0
JUL26-03473,Dinner,F02,House Burger,1,22.0,7.0,15.0
JUL26-03480,Dinner,F02,House Burger,1,22.0,7.0,15.0
JUL26-03487,Dinner,F02,House Burger,1,22.0,7.0,15.0
JUL26-03494,Dinner,F02,House Burger,1,22.0,7.0,15.0
JUL26-03501,Dinner,F02,House Burger,1,22.0,7.0,15.0
JUL26-03508,Dinner,F02,House Burger,1,22.0,7.0,15.0
JUL26-03515,Dinner,F02,House Burger,1,22.0,7.0,15.0
JUL26-03522,Dinner,F02,House Burger,1,22.0,7.0,15.0
JUL26-03529,Dinner,F02,House Burger,1,22.0,7.0,15.0
JUL26-03536,Dinner,F02,House Burger,1,22.0,7.0,15.0
JUL26-03543,Dinner,F02,House Burger,1,22.0,7.0,15.0
JUL26-03550,Dinner,F02,House Burger,1,22.0,7.0,15.0
JUL26-03557,Dinner,F02,House Burger,1,22.0,7.0,15.0
JUL26-03564,Dinner,F02,House Burger,1,22.0,7.0,15.0
JUL26-03571,Dinner,F02,House Burger,1,22.0,7.0,15.0
JUL26-03578,Dinner,F02,House Burger,1,22.0,7.0,15.0
JUL26-03585,Dinner,F02,House Burger,1,22.0,7.0,15.0
JUL26-03592,Dinner,F02,House Burger,1,22.0,7.0,15.0
JUL26-03599,Dinner,F02,House Burger,1,22.0,7.0,15.0
JUL26-03606,Dinner,F02,House Burger,1,22.0,7.0,15.0
JUL26-03613,Dinner,F02,House Burger,1,22.0,7.0,15.0
JUL26-03620,Dinner,F02,House Burger,1,22.0,7.0,15.0
JUL26-03627,Dinner,F02,House Burger,1,22.0,7.0,15.0
JUL26-03634,Dinner,F02,House Burger,1,22.0,7.0,15.0
JUL26-03641,Dinner,F02,House Burger,1,22.0,7.0,15.0
JUL26-03648,Dinner,F02,House Burger,1,22.0,7.0,15.0
JUL26-03655,Dinner,F02,House Burger,1,22.0,7.0,15.0
JUL26-03662,Dinner,F02,House Burger,1,22.0,7.0,15.0
JUL26-03669,Dinner,F02,House Burger,1,22.0,7.0,15.0
JUL26-03676,Dinner,F02,House Burger,1,22.0,7.0,15.0
JUL26-03683,Dinner,F02,House Burger,1,22.0,7.0,15.0
JUL26-03690,Dinner,F02,House Burger,1,22.0,7.0,15.0
JUL26-03697,Dinner,F02,House Burger,1,22.0,7.0,15.0
JUL26-03704,Dinner,F02,House Burger,1,22.0,7.0,15.0
JUL26-03711,Dinner,F02,House Burger,1,22.0,7.0,15.0
JUL26-03718,Dinner,F02,House Burger,1,22.0,7.0,15.0
JUL26-03725,Dinner,F02,House Burger,1,22.0,7.0,15.0
JUL26-03732,Dinner,F02,House Burger,1,22.0,7.0,15.0
JUL26-03739,Dinner,F02,House Burger,1,22.0,7.0,15.0
JUL26-03746,Dinner,F02,House Burger,1,22.0,7.0,15.0
JUL26-03753,Dinner,F02,House Burger,1,22.0,7.0,15.0
JUL26-03760,Dinner,F02,House Burger,1,22.0,7.0,15.0
JUL26-03767,Dinner,F02,House Burger,1,22.0,7.0,15.0
JUL26-03774,Dinner,F02,House Burger,1,22.0,7.0,15.0
JUL26-03781,Dinner,F02,House Burger,1,22.0,7.0,15.0
JUL26-03788,Dinner,F02,House Burger,1,22.0,7.0,15.0
JUL26-03795,Dinner,F02,House Burger,1,22.0,7.0,15.0
JUL26-03802,Dinner,F02,House Burger,1,22.0,7.0,15.0
JUL26-03809,Dinner,F02,House Burger,1,22.0,7.0,15.0
JUL26-03816,Dinner,F02,House Burger,1,22.0,7.0,15.0
JUL26-03823,Dinner,F02,House Burger,1,22.0,7.0,15.0
JUL26-03830,Dinner,F02,House Burger,1,22.0,7.0,15.0
JUL26-03837,Dinner,F02,House Burger,1,22.0,7.0,15.0
JUL26-03844,Dinner,F02,House Burger,1,22.0,7.0,15.0
JUL26-03851,Dinner,F02,House Burger,1,22.0,7.0,15.0
JUL26-03858,Dinner,F02,House Burger,1,22.0,7.0,15.0
JUL26-03865,Dinner,F02,House Burger,1,22.0,7.0,15.0
JUL26-03872,Dinner,F02,House Burger,1,22.0,7.0,15.0
JUL26-03879,Dinner,F02,House Burger,1,22.0,7.0,15.0
JUL26-03886,Dinner,F02,House Burger,1,22.0,7.0,15.0
JUL26-03893,Dinner,F02,House Burger,1,22.0,7.0,15.0
JUL26-03900,Dinner,F02,House Burger,1,22.0,7.0,15.0
JUL26-03907,Dinner,F02,House Burger,1,22.0,7.0,15.0
JUL26-03914,Dinner,F02,House Burger,1,22.0,7.0,15.0
JUL26-03921,Dinner,F02,House Burger,1,22.0,7.0,15.0
JUL26-03928,Dinner,F02,House Burger,1,22.0,7.0,15.0
JUL26-03935,Dinner,F02,House Burger,1,22.0,7.0,15.0
JUL26-03942,Dinner,F02,House Burger,1,22.0,7.0,15.0
JUL26-03949,Dinner,F02,House Burger,1,22.0,7.0,15.0
JUL26-03956,Dinner,F02,House Burger,1,22.0,7.0,15.0
JUL26-03963,Dinner,F02,House Burger,1,22.0,7.0,15.0
JUL26-03970,Dinner,F02,House Burger,1,22.0,7.0,15.0
JUL26-03977,Dinner,F02,House Burger,1,22.0,7.0,15.0
JUL26-03984,Dinner,F02,House Burger,1,22.0,7.0,15.0
JUL26-03991,Dinner,F02,House Burger,1,22.0,7.0,15.0
JUL26-03998,Dinner,F02,House Burger,1,22.0,7.0,15.0
JUL26-04005,Dinner,F02,House Burger,1,22.0,7.0,15.0
JUL26-04012,Dinner,F02,House Burger,1,22.0,7.0,15.0
JUL26-04019,Dinner,F02,House Burger,1,22.0,7.0,15.0
JUL26-04026,Dinner,F02,House Burger,1,22.0,7.0,15.0
JUL26-04033,Dinner,F02,House Burger,1,22.0,7.0,15.0
JUL26-04040,Dinner,F02,House Burger,1,22.0,7.0,15.0
JUL26-04047,Dinner,F02,House Burger,1,22.0,7.0,15.0
JUL26-04054,Dinner,F02,House Burger,1,22.0,7.0,15.0
JUL26-04061,Dinner,F02,House Burger,1,22.0,7.0,15.0
JUL26-04068,Dinner,F02,House Burger,1,22.0,7.0,15.0
JUL26-04075,Dinner,F02,House Burger,1,22.0,7.0,15.0
JUL26-04082,Dinner,F02,House Burger,1,22.0,7.0,15.0
JUL26-04089,Dinner,F02,House Burger,1,22.0,7.0,15.0
JUL26-04096,Dinner,F02,House Burger,1,22.0,7.0,15.0
JUL26-04103,Dinner,F02,House Burger,1,22.0,7.0,15.0
JUL26-04110,Dinner,F02,House Burger,1,22.0,7.0,15.0
JUL26-04117,Dinner,F02,House Burger,1,22.0,7.0,15.0
JUL26-04124,Dinner,F02,House Burger,1,22.0,7.0,15.0
JUL26-04131,Dinner,F02,House Burger,1,22.0,7.0,15.0
JUL26-04138,Dinner,F02,House Burger,1,22.0,7.0,15.0
JUL26-04145,Dinner,F02,House Burger,1,22.0,7.0,15.0
JUL26-04152,Dinner,F02,House Burger,1,22.0,7.0,15.0
JUL26-04159,Dinner,F02,House Burger,1,22.0,7.0,15.0
JUL26-04166,Dinner,F02,House Burger,1,22.0,7.0,15.0
JUL26-04173,Dinner,F02,House Burger,1,22.0,7.0,15.0
JUL26-04180,Dinner,F02,House Burger,1,22.0,7.0,15.0
JUL26-04187,Dinner,F02,House Burger,1,22.0,7.0,15.0
JUL26-04194,Dinner,F02,House Burger,1,22.0,7.0,15.0
JUL26-04201,Dinner,F02,House Burger,1,22.0,7.0,15.0
JUL26-04208,Dinner,F02,House Burger,1,22.0,7.0,15.0
JUL26-04215,Dinner,F02,House Burger,1,22.0,7.0,15.0
JUL26-04222,Dinner,F02,House Burger,1,22.0,7.0,15.0
JUL26-04229,Dinner,F02,House Burger,1,22.0,7.0,15.0
JUL26-04236,Dinner,F02,House Burger,1,22.0,7.0,15.0
JUL26-04243,Dinner,F02,House Burger,1,22.0,7.0,15.0
JUL26-04250,Dinner,F02,House Burger,1,22.0,7.0,15.0
JUL26-04257,Dinner,F02,House Burger,1,22.0,7.0,15.0
JUL26-04264,Dinner,F02,House Burger,1,22.0,7.0,15.0
JUL26-04271,Dinner,F02,House Burger,1,22.0,7.0,15.0
JUL26-04278,Dinner,F02,House Burger,1,22.0,7.0,15.0
JUL26-04285,Dinner,F02,House Burger,1,22.0,7.0,15.0
JUL26-04292,Dinner,F02,House Burger,1,22.0,7.0,15.0
JUL26-04299,Dinner,F02,House Burger,1,22.0,7.0,15.0
JUL26-04306,Dinner,F02,House Burger,1,22.0,7.0,15.0
JUL26-04313,Dinner,F02,House Burger,1,22.0,7.0,15.0
JUL26-04320,Dinner,F02,House Burger,1,22.0,7.0,15.0
JUL26-04327,Dinner,F02,House Burger,1,22.0,7.0,15.0
JUL26-04334,Dinner,F02,House Burger,1,22.0,7.0,15.0
JUL26-04341,Dinner,F02,House Burger,1,22.0,7.0,15.0
JUL26-04348,Dinner,F02,House Burger,1,22.0,7.0,15.0
JUL26-04355,Dinner,F02,House Burger,1,22.0,7.0,15.0
JUL26-04362,Dinner,F02,House Burger,1,22.0,7.0,15.0
JUL26-04369,Dinner,F02,House Burger,1,22.0,7.0,15.0
JUL26-04376,Dinner,F02,House Burger,1,22.0,7.0,15.0
JUL26-04383,Dinner,F02,House Burger,1,22.0,7.0,15.0
JUL26-04390,Dinner,F02,House Burger,1,22.0,7.0,15.0
JUL26-04397,Dinner,F02,House Burger,1,22.0,7.0,15.0
JUL26-04404,Dinner,F02,House Burger,1,22.0,7.0,15.0
JUL26-04411,Dinner,F02,House Burger,1,22.0,7.0,15.0
JUL26-04418,Dinner,F02,House Burger,1,22.0,7.0,15.0
JUL26-04425,Dinner,F02,House Burger,1,22.0,7.0,15.0
JUL26-04432,Dinner,F02,House Burger,1,22.0,7.0,15.0
JUL26-04439,Dinner,F02,House Burger,1,22.0,7.0,15.0
JUL26-04446,Dinner,F02,House Burger,1,22.0,7.0,15.0
JUL26-04453,Dinner,F02,House Burger,1,22.0,7.0,15.0
JUL26-04460,Dinner,F02,House Burger,1,22.0,7.0,15.0
JUL26-04467,Dinner,F02,House Burger,1,22.0,7.0,15.0
JUL26-04474,Dinner,F02,House Burger,1,22.0,7.0,15.0
JUL26-04481,Dinner,F02,House Burger,1,22.0,7.0,15.0
JUL26-04488,Dinner,F02,House Burger,1,22.0,7.0,15.0
JUL26-04495,Dinner,F02,House Burger,1,22.0,7.0,15.0
JUL26-04502,Dinner,F02,House Burger,1,22.0,7.0,15.0
JUL26-04509,Dinner,F02,House Burger,1,22.0,7.0,15.0
JUL26-04516,Dinner,F02,House Burger,1,22.0,7.0,15.0
JUL26-04523,Dinner,F02,House Burger,1,22.0,7.0,15.0
JUL26-04530,Dinner,F02,House Burger,1,22.0,7.0,15.0
JUL26-04537,Dinner,F02,House Burger,1,22.0,7.0,15.0
JUL26-04544,Dinner,F02,House Burger,1,22.0,7.0,15.0
JUL26-04551,Dinner,F02,House Burger,1,22.0,7.0,15.0
JUL26-04558,Dinner,F02,House Burger,1,22.0,7.0,15.0
JUL26-04565,Dinner,F02,House Burger,1,22.0,7.0,15.0
JUL26-04572,Delivery / Takeaway,F02,House Burger,1,22.0,7.0,15.0
JUL26-04579,Delivery / Takeaway,F02,House Burger,1,22.0,7.0,15.0
JUL26-04586,Delivery / Takeaway,F02,House Burger,1,22.0,7.0,15.0
JUL26-04593,Delivery / Takeaway,F02,House Burger,1,22.0,7.0,15.0
JUL26-04600,Delivery / Takeaway,F02,House Burger,1,22.0,7.0,15.0
JUL26-04607,Delivery / Takeaway,F02,House Burger,1,22.0,7.0,15.0
JUL26-04614,Delivery / Takeaway,F02,House Burger,1,22.0,7.0,15.0
JUL26-04621,Delivery / Takeaway,F02,House Burger,1,22.0,7.0,15.0
JUL26-04628,Delivery / Takeaway,F02,House Burger,1,22.0,7.0,15.0
JUL26-04635,Delivery / Takeaway,F02,House Burger,1,22.0,7.0,15.0
JUL26-04642,Delivery / Takeaway,F02,House Burger,1,22.0,7.0,15.0
JUL26-04649,Delivery / Takeaway,F02,House Burger,1,22.0,7.0,15.0
JUL26-04656,Delivery / Takeaway,F02,House Burger,1,22.0,7.0,15.0
JUL26-04663,Delivery / Takeaway,F02,House Burger,1,22.0,7.0,15.0
JUL26-04670,Delivery / Takeaway,F02,House Burger,1,22.0,7.0,15.0
JUL26-04677,Delivery / Takeaway,F02,House Burger,1,22.0,7.0,15.0
JUL26-04684,Delivery / Takeaway,F02,House Burger,1,22.0,7.0,15.0
JUL26-04691,Delivery / Takeaway,F02,House Burger,1,22.0,7.0,15.0
JUL26-04698,Delivery / Takeaway,F02,House Burger,1,22.0,7.0,15.0
JUL26-04705,Delivery / Takeaway,F02,House Burger,1,22.0,7.0,15.0
JUL26-04712,Delivery / Takeaway,F02,House Burger,1,22.0,7.0,15.0
JUL26-04719,Delivery / Takeaway,F02,House Burger,1,22.0,7.0,15.0
JUL26-04726,Delivery / Takeaway,F02,House Burger,1,22.0,7.0,15.0
JUL26-04733,Delivery / Takeaway,F02,House Burger,1,22.0,7.0,15.0
JUL26-04740,Delivery / Takeaway,F02,House Burger,1,22.0,7.0,15.0
JUL26-04747,Delivery / Takeaway,F02,House Burger,1,22.0,7.0,15.0
JUL26-04754,Delivery / Takeaway,F02,House Burger,1,22.0,7.0,15.0
JUL26-04761,Delivery / Takeaway,F02,House Burger,1,22.0,7.0,15.0
JUL26-04768,Delivery / Takeaway,F02,House Burger,1,22.0,7.0,15.0
JUL26-04775,Delivery / Takeaway,F02,House Burger,1,22.0,7.0,15.0
JUL26-04782,Delivery / Takeaway,F02,House Burger,1,22.0,7.0,15.0
JUL26-04789,Delivery / Takeaway,F02,House Burger,1,22.0,7.0,15.0
JUL26-04796,Delivery / Takeaway,F02,House Burger,1,22.0,7.0,15.0
JUL26-04803,Delivery / Takeaway,F02,House Burger,1,22.0,7.0,15.0
JUL26-04810,Delivery / Takeaway,F02,House Burger,1,22.0,7.0,15.0
JUL26-04817,Delivery / Takeaway,F02,House Burger,1,22.0,7.0,15.0
JUL26-04824,Delivery / Takeaway,F02,House Burger,1,22.0,7.0,15.0
JUL26-04831,Delivery / Takeaway,F02,House Burger,1,22.0,7.0,15.0
JUL26-04838,Delivery / Takeaway,F02,House Burger,1,22.0,7.0,15.0
JUL26-04845,Delivery / Takeaway,F02,House Burger,1,22.0,7.0,15.0
JUL26-04852,Delivery / Takeaway,F02,House Burger,1,22.0,7.0,15.0
JUL26-04859,Delivery / Takeaway,F02,House Burger,1,22.0,7.0,15.0
JUL26-04866,Delivery / Takeaway,F02,House Burger,1,22.0,7.0,15.0
JUL26-04873,Delivery / Takeaway,F02,House Burger,1,22.0,7.0,15.0
JUL26-04880,Delivery / Takeaway,F02,House Burger,1,22.0,7.0,15.0
JUL26-04887,Delivery / Takeaway,F02,House Burger,1,22.0,7.0,15.0
JUL26-04894,Delivery / Takeaway,F02,House Burger,1,22.0,7.0,15.0
JUL26-04901,Delivery / Takeaway,F02,House Burger,1,22.0,7.0,15.0
JUL26-04908,Delivery / Takeaway,F02,House Burger,1,22.0,7.0,15.0
JUL26-04915,Delivery / Takeaway,F02,House Burger,1,22.0,7.0,15.0
JUL26-04922,Delivery / Takeaway,F02,House Burger,1,22.0,7.0,15.0
JUL26-04929,Delivery / Takeaway,F02,House Burger,1,22.0,7.0,15.0
JUL26-04936,Delivery / Takeaway,F02,House Burger,1,22.0,7.0,15.0
JUL26-04943,Delivery / Takeaway,F02,House Burger,1,22.0,7.0,15.0
JUL26-04950,Delivery / Takeaway,F02,House Burger,1,22.0,7.0,15.0
JUL26-04957,Delivery / Takeaway,F02,House Burger,1,22.0,7.0,15.0
JUL26-04964,Delivery / Takeaway,F02,House Burger,1,22.0,7.0,15.0
JUL26-04971,Delivery / Takeaway,F02,House Burger,1,22.0,7.0,15.0
JUL26-04978,Delivery / Takeaway,F02,House Burger,1,22.0,7.0,15.0
JUL26-04985,Delivery / Takeaway,F02,House Burger,1,22.0,7.0,15.0
JUL26-04992,Delivery / Takeaway,F02,House Burger,1,22.0,7.0,15.0
JUL26-04999,Delivery / Takeaway,F02,House Burger,1,22.0,7.0,15.0
JUL26-05006,Delivery / Takeaway,F02,House Burger,1,22.0,7.0,15.0
JUL26-05013,Delivery / Takeaway,F02,House Burger,1,22.0,7.0,15.0
JUL26-05020,Delivery / Takeaway,F02,House Burger,1,22.0,7.0,15.0
JUL26-05027,Delivery / Takeaway,F02,House Burger,1,22.0,7.0,15.0
JUL26-05034,Delivery / Takeaway,F02,House Burger,1,22.0,7.0,15.0
JUL26-05041,Delivery / Takeaway,F02,House Burger,1,22.0,7.0,15.0
JUL26-05048,Delivery / Takeaway,F02,House Burger,1,22.0,7.0,15.0
JUL26-05055,Delivery / Takeaway,F02,House Burger,1,22.0,7.0,15.0
JUL26-05062,Delivery / Takeaway,F02,House Burger,1,22.0,7.0,15.0
JUL26-05069,Delivery / Takeaway,F02,House Burger,1,22.0,7.0,15.0
JUL26-05076,Delivery / Takeaway,F02,House Burger,1,22.0,7.0,15.0
JUL26-05083,Delivery / Takeaway,F02,House Burger,1,22.0,7.0,15.0
JUL26-05090,Delivery / Takeaway,F02,House Burger,1,22.0,7.0,15.0
JUL26-05097,Delivery / Takeaway,F02,House Burger,1,22.0,7.0,15.0
JUL26-05104,Delivery / Takeaway,F02,House Burger,1,22.0,7.0,15.0
JUL26-05111,Delivery / Takeaway,F02,House Burger,1,22.0,7.0,15.0
JUL26-05118,Delivery / Takeaway,F02,House Burger,1,22.0,7.0,15.0
JUL26-05125,Delivery / Takeaway,F02,House Burger,1,22.0,7.0,15.0
JUL26-05132,Delivery / Takeaway,F02,House Burger,1,22.0,7.0,15.0
JUL26-05139,Delivery / Takeaway,F02,House Burger,1,22.0,7.0,15.0
JUL26-05146,Delivery / Takeaway,F02,House Burger,1,22.0,7.0,15.0
JUL26-05153,Delivery / Takeaway,F02,House Burger,1,22.0,7.0,15.0
JUL26-05160,Delivery / Takeaway,F02,House Burger,1,22.0,7.0,15.0
JUL26-05167,Delivery / Takeaway,F02,House Burger,1,22.0,7.0,15.0
JUL26-05174,Delivery / Takeaway,F02,House Burger,1,22.0,7.0,15.0
JUL26-05181,Delivery / Takeaway,F02,House Burger,1,22.0,7.0,15.0
JUL26-05188,Delivery / Takeaway,F02,House Burger,1,22.0,7.0,15.0
JUL26-05195,Delivery / Takeaway,F02,House Burger,1,22.0,7.0,15.0
JUL26-05202,Delivery / Takeaway,F02,House Burger,1,22.0,7.0,15.0
JUL26-05209,Delivery / Takeaway,F02,House Burger,1,22.0,7.0,15.0
JUL26-05216,Delivery / Takeaway,F02,House Burger,1,22.0,7.0,15.0
JUL26-05223,Delivery / Takeaway,F02,House Burger,1,22.0,7.0,15.0
JUL26-05230,Delivery / Takeaway,F02,House Burger,1,22.0,7.0,15.0
JUL26-05237,Delivery / Takeaway,F02,House Burger,1,22.0,7.0,15.0
JUL26-05244,Delivery / Takeaway,F02,House Burger,1,22.0,7.0,15.0
JUL26-05251,Delivery / Takeaway,F02,House Burger,1,22.0,7.0,15.0
JUL26-05258,Delivery / Takeaway,F02,House Burger,1,22.0,7.0,15.0
JUL26-05265,Delivery / Takeaway,F02,House Burger,1,22.0,7.0,15.0
JUL26-05272,Delivery / Takeaway,F02,House Burger,1,22.0,7.0,15.0
JUL26-05279,Delivery / Takeaway,F02,House Burger,1,22.0,7.0,15.0
JUL26-05286,Delivery / Takeaway,F02,House Burger,1,22.0,7.0,15.0
JUL26-05293,Delivery / Takeaway,F02,House Burger,1,22.0,7.0,15.0
JUL26-05300,Delivery / Takeaway,F02,House Burger,1,22.0,7.0,15.0
JUL26-05307,Delivery / Takeaway,F02,House Burger,1,22.0,7.0,15.0
JUL26-05314,Delivery / Takeaway,F02,House Burger,1,22.0,7.0,15.0
JUL26-05321,Private Event,F02,House Burger,1,22.0,7.0,15.0
JUL26-05328,Private Event,F02,House Burger,1,22.0,7.0,15.0
JUL26-05335,Private Event,F02,House Burger,1,22.0,7.0,15.0
JUL26-05342,Private Event,F02,House Burger,1,22.0,7.0,15.0
JUL26-05349,Private Event,F02,House Burger,1,22.0,7.0,15.0
JUL26-05356,Private Event,F02,House Burger,1,22.0,7.0,15.0
JUL26-05363,Private Event,F02,House Burger,1,22.0,7.0,15.0
JUL26-05370,Private Event,F02,House Burger,1,22.0,7.0,15.0
JUL26-05377,Private Event,F02,House Burger,1,22.0,7.0,15.0
JUL26-05384,Private Event,F02,House Burger,1,22.0,7.0,15.0
JUL26-05391,Private Event,F02,House Burger,1,22.0,7.0,15.0
JUL26-05398,Private Event,F02,House Burger,1,22.0,7.0,15.0
JUL26-05405,Private Event,F02,House Burger,1,22.0,7.0,15.0
JUL26-05412,Private Event,F02,House Burger,1,22.0,7.0,15.0
JUL26-05419,Private Event,F02,House Burger,1,22.0,7.0,15.0
JUL26-05426,Private Event,F02,House Burger,1,22.0,7.0,15.0
JUL26-05433,Private Event,F02,House Burger,1,22.0,7.0,15.0
JUL26-05440,Private Event,F02,House Burger,1,22.0,7.0,15.0
JUL26-05447,Private Event,F02,House Burger,1,22.0,7.0,15.0
JUL26-05454,Private Event,F02,House Burger,1,22.0,7.0,15.0
JUL26-05461,Private Event,F02,House Burger,1,22.0,7.0,15.0
JUL26-05468,Private Event,F02,House Burger,1,22.0,7.0,15.0
JUL26-05475,Private Event,F02,House Burger,1,22.0,7.0,15.0
JUL26-05482,Private Event,F02,House Burger,1,22.0,7.0,15.0
JUL26-05489,Private Event,F02,House Burger,1,22.0,7.0,15.0
JUL26-05496,Private Event,F02,House Burger,1,22.0,7.0,15.0
JUL26-05503,Private Event,F02,House Burger,1,22.0,7.0,15.0
JUL26-05510,Private Event,F02,House Burger,1,22.0,7.0,15.0
JUL26-05517,Private Event,F02,House Burger,1,22.0,7.0,15.0
JUL26-05524,Private Event,F02,House Burger,1,22.0,7.0,15.0
JUL26-05531,Private Event,F02,House Burger,1,22.0,7.0,15.0
JUL26-05538,Private Event,F02,House Burger,1,22.0,7.0,15.0
JUL26-05545,Private Event,F02,House Burger,1,22.0,7.0,15.0
JUL26-05552,Private Event,F02,House Burger,1,22.0,7.0,15.0
JUL26-05559,Private Event,F02,House Burger,1,22.0,7.0,15.0
JUL26-05566,Corporate / Group,F02,House Burger,1,22.0,7.0,15.0
JUL26-05573,Corporate / Group,F02,House Burger,1,22.0,7.0,15.0
JUL26-05580,Corporate / Group,F02,House Burger,1,22.0,7.0,15.0
JUL26-05587,Corporate / Group,F02,House Burger,1,22.0,7.0,15.0
JUL26-05594,Corporate / Group,F02,House Burger,1,22.0,7.0,15.0
JUL26-05601,Corporate / Group,F02,House Burger,1,22.0,7.0,15.0
JUL26-05608,Corporate / Group,F02,House Burger,1,22.0,7.0,15.0
JUL26-05615,Corporate / Group,F02,House Burger,1,22.0,7.0,15.0
JUL26-05622,Corporate / Group,F02,House Burger,1,22.0,7.0,15.0
JUL26-05629,Corporate / Group,F02,House Burger,1,22.0,7.0,15.0
JUL26-05636,Corporate / Group,F02,House Burger,1,22.0,7.0,15.0
JUL26-05643,Corporate / Group,F02,House Burger,1,22.0,7.0,15.0
JUL26-05650,Corporate / Group,F02,House Burger,1,22.0,7.0,15.0
JUL26-00007,Brunch,F02,House Burger,1,22.0,7.0,15.0
JUL26-00014,Brunch,F02,House Burger,1,22.0,7.0,15.0
JUL26-00021,Brunch,F02,House Burger,1,22.0,7.0,15.0
JUL26-00028,Brunch,F02,House Burger,1,22.0,7.0,15.0
JUL26-00035,Brunch,F02,House Burger,1,22.0,7.0,15.0
JUL26-00042,Brunch,F02,House Burger,1,22.0,7.0,15.0
JUL26-00049,Brunch,F02,House Burger,1,22.0,7.0,15.0
JUL26-00056,Brunch,F02,House Burger,1,22.0,7.0,15.0
JUL26-00063,Brunch,F02,House Burger,1,22.0,7.0,15.0
JUL26-00070,Brunch,F02,House Burger,1,22.0,7.0,15.0
JUL26-00077,Brunch,F02,House Burger,1,22.0,7.0,15.0
JUL26-00084,Brunch,F02,House Burger,1,22.0,7.0,15.0
JUL26-00091,Brunch,F02,House Burger,1,22.0,7.0,15.0
JUL26-00098,Brunch,F02,House Burger,1,22.0,7.0,15.0
JUL26-00105,Brunch,F02,House Burger,1,22.0,7.0,15.0
JUL26-00434,Brunch,F03,Club Sandwich,1,18.0,5.5,12.5
JUL26-00441,Brunch,F03,Club Sandwich,1,18.0,5.5,12.5
JUL26-00448,Brunch,F03,Club Sandwich,1,18.0,5.5,12.5
JUL26-00455,Brunch,F03,Club Sandwich,1,18.0,5.5,12.5
JUL26-00462,Brunch,F03,Club Sandwich,1,18.0,5.5,12.5
JUL26-00469,Brunch,F03,Club Sandwich,1,18.0,5.5,12.5
JUL26-00476,Brunch,F03,Club Sandwich,1,18.0,5.5,12.5
JUL26-00483,Brunch,F03,Club Sandwich,1,18.0,5.5,12.5
JUL26-00490,Brunch,F03,Club Sandwich,1,18.0,5.5,12.5
JUL26-00497,Brunch,F03,Club Sandwich,1,18.0,5.5,12.5
JUL26-00504,Brunch,F03,Club Sandwich,1,18.0,5.5,12.5
JUL26-00511,Brunch,F03,Club Sandwich,1,18.0,5.5,12.5
JUL26-00518,Brunch,F03,Club Sandwich,1,18.0,5.5,12.5
JUL26-00525,Brunch,F03,Club Sandwich,1,18.0,5.5,12.5
JUL26-00532,Brunch,F03,Club Sandwich,1,18.0,5.5,12.5
JUL26-00539,Brunch,F03,Club Sandwich,1,18.0,5.5,12.5
JUL26-00546,Brunch,F03,Club Sandwich,1,18.0,5.5,12.5
JUL26-00553,Brunch,F03,Club Sandwich,1,18.0,5.5,12.5
JUL26-00560,Brunch,F03,Club Sandwich,1,18.0,5.5,12.5
JUL26-00567,Brunch,F03,Club Sandwich,1,18.0,5.5,12.5
JUL26-00574,Brunch,F03,Club Sandwich,1,18.0,5.5,12.5
JUL26-00581,Brunch,F03,Club Sandwich,1,18.0,5.5,12.5
JUL26-00588,Brunch,F03,Club Sandwich,1,18.0,5.5,12.5
JUL26-00595,Brunch,F03,Club Sandwich,1,18.0,5.5,12.5
JUL26-00602,Brunch,F03,Club Sandwich,1,18.0,5.5,12.5
JUL26-00609,Brunch,F03,Club Sandwich,1,18.0,5.5,12.5
JUL26-00616,Brunch,F03,Club Sandwich,1,18.0,5.5,12.5
JUL26-00623,Brunch,F03,Club Sandwich,1,18.0,5.5,12.5
JUL26-00630,Brunch,F03,Club Sandwich,1,18.0,5.5,12.5
JUL26-00637,Brunch,F03,Club Sandwich,1,18.0,5.5,12.5
JUL26-00644,Brunch,F03,Club Sandwich,1,18.0,5.5,12.5
JUL26-00651,Brunch,F03,Club Sandwich,1,18.0,5.5,12.5
JUL26-00658,Brunch,F03,Club Sandwich,1,18.0,5.5,12.5
JUL26-00665,Brunch,F03,Club Sandwich,1,18.0,5.5,12.5
JUL26-00672,Brunch,F03,Club Sandwich,1,18.0,5.5,12.5
JUL26-00679,Brunch,F03,Club Sandwich,1,18.0,5.5,12.5
JUL26-00686,Brunch,F03,Club Sandwich,1,18.0,5.5,12.5
JUL26-00693,Brunch,F03,Club Sandwich,1,18.0,5.5,12.5
JUL26-00700,Brunch,F03,Club Sandwich,1,18.0,5.5,12.5
JUL26-00707,Lunch,F03,Club Sandwich,1,18.0,5.5,12.5
JUL26-00714,Lunch,F03,Club Sandwich,1,18.0,5.5,12.5
JUL26-00721,Lunch,F03,Club Sandwich,1,18.0,5.5,12.5
JUL26-00728,Lunch,F03,Club Sandwich,1,18.0,5.5,12.5
JUL26-00735,Lunch,F03,Club Sandwich,1,18.0,5.5,12.5
JUL26-00742,Lunch,F03,Club Sandwich,1,18.0,5.5,12.5
JUL26-00749,Lunch,F03,Club Sandwich,1,18.0,5.5,12.5
JUL26-00756,Lunch,F03,Club Sandwich,1,18.0,5.5,12.5
JUL26-00763,Lunch,F03,Club Sandwich,1,18.0,5.5,12.5
JUL26-00770,Lunch,F03,Club Sandwich,1,18.0,5.5,12.5
JUL26-00777,Lunch,F03,Club Sandwich,1,18.0,5.5,12.5
JUL26-00784,Lunch,F03,Club Sandwich,1,18.0,5.5,12.5
JUL26-00791,Lunch,F03,Club Sandwich,1,18.0,5.5,12.5
JUL26-00798,Lunch,F03,Club Sandwich,1,18.0,5.5,12.5
JUL26-00805,Lunch,F03,Club Sandwich,1,18.0,5.5,12.5
JUL26-00812,Lunch,F03,Club Sandwich,1,18.0,5.5,12.5
JUL26-00819,Lunch,F03,Club Sandwich,1,18.0,5.5,12.5
JUL26-00826,Lunch,F03,Club Sandwich,1,18.0,5.5,12.5
JUL26-00833,Lunch,F03,Club Sandwich,1,18.0,5.5,12.5
JUL26-00840,Lunch,F03,Club Sandwich,1,18.0,5.5,12.5
JUL26-00847,Lunch,F03,Club Sandwich,1,18.0,5.5,12.5
JUL26-00854,Lunch,F03,Club Sandwich,1,18.0,5.5,12.5
JUL26-00861,Lunch,F03,Club Sandwich,1,18.0,5.5,12.5
JUL26-00868,Lunch,F03,Club Sandwich,1,18.0,5.5,12.5
JUL26-00875,Lunch,F03,Club Sandwich,1,18.0,5.5,12.5
JUL26-00882,Lunch,F03,Club Sandwich,1,18.0,5.5,12.5
JUL26-00889,Lunch,F03,Club Sandwich,1,18.0,5.5,12.5
JUL26-00896,Lunch,F03,Club Sandwich,1,18.0,5.5,12.5
JUL26-00903,Lunch,F03,Club Sandwich,1,18.0,5.5,12.5
JUL26-00910,Lunch,F03,Club Sandwich,1,18.0,5.5,12.5
JUL26-00917,Lunch,F03,Club Sandwich,1,18.0,5.5,12.5
JUL26-00924,Lunch,F03,Club Sandwich,1,18.0,5.5,12.5
JUL26-00931,Lunch,F03,Club Sandwich,1,18.0,5.5,12.5
JUL26-00938,Lunch,F03,Club Sandwich,1,18.0,5.5,12.5
JUL26-00945,Lunch,F03,Club Sandwich,1,18.0,5.5,12.5
JUL26-00952,Lunch,F03,Club Sandwich,1,18.0,5.5,12.5
JUL26-00959,Lunch,F03,Club Sandwich,1,18.0,5.5,12.5
JUL26-00966,Lunch,F03,Club Sandwich,1,18.0,5.5,12.5
JUL26-00973,Lunch,F03,Club Sandwich,1,18.0,5.5,12.5
JUL26-00980,Lunch,F03,Club Sandwich,1,18.0,5.5,12.5
JUL26-00987,Lunch,F03,Club Sandwich,1,18.0,5.5,12.5
JUL26-00994,Lunch,F03,Club Sandwich,1,18.0,5.5,12.5
JUL26-01001,Lunch,F03,Club Sandwich,1,18.0,5.5,12.5
JUL26-01008,Lunch,F03,Club Sandwich,1,18.0,5.5,12.5
JUL26-01015,Lunch,F03,Club Sandwich,1,18.0,5.5,12.5
JUL26-01022,Lunch,F03,Club Sandwich,1,18.0,5.5,12.5
JUL26-01029,Lunch,F03,Club Sandwich,1,18.0,5.5,12.5
JUL26-01036,Lunch,F03,Club Sandwich,1,18.0,5.5,12.5
JUL26-01043,Lunch,F03,Club Sandwich,1,18.0,5.5,12.5
JUL26-01050,Lunch,F03,Club Sandwich,1,18.0,5.5,12.5
JUL26-01057,Lunch,F03,Club Sandwich,1,18.0,5.5,12.5
JUL26-01064,Lunch,F03,Club Sandwich,1,18.0,5.5,12.5
JUL26-01071,Lunch,F03,Club Sandwich,1,18.0,5.5,12.5
JUL26-01078,Lunch,F03,Club Sandwich,1,18.0,5.5,12.5
JUL26-01085,Lunch,F03,Club Sandwich,1,18.0,5.5,12.5
JUL26-01092,Lunch,F03,Club Sandwich,1,18.0,5.5,12.5
JUL26-01099,Lunch,F03,Club Sandwich,1,18.0,5.5,12.5
JUL26-01106,Lunch,F03,Club Sandwich,1,18.0,5.5,12.5
JUL26-01113,Lunch,F03,Club Sandwich,1,18.0,5.5,12.5
JUL26-01120,Lunch,F03,Club Sandwich,1,18.0,5.5,12.5
JUL26-01127,Lunch,F03,Club Sandwich,1,18.0,5.5,12.5
JUL26-01134,Lunch,F03,Club Sandwich,1,18.0,5.5,12.5
JUL26-01141,Lunch,F03,Club Sandwich,1,18.0,5.5,12.5
JUL26-01148,Lunch,F03,Club Sandwich,1,18.0,5.5,12.5
JUL26-01155,Lunch,F03,Club Sandwich,1,18.0,5.5,12.5
JUL26-01162,Lunch,F03,Club Sandwich,1,18.0,5.5,12.5
JUL26-01169,Lunch,F03,Club Sandwich,1,18.0,5.5,12.5
JUL26-01176,Lunch,F03,Club Sandwich,1,18.0,5.5,12.5
JUL26-01183,Lunch,F03,Club Sandwich,1,18.0,5.5,12.5
JUL26-01190,Lunch,F03,Club Sandwich,1,18.0,5.5,12.5
JUL26-01197,Lunch,F03,Club Sandwich,1,18.0,5.5,12.5
JUL26-01204,Lunch,F03,Club Sandwich,1,18.0,5.5,12.5
JUL26-01211,Lunch,F03,Club Sandwich,1,18.0,5.5,12.5
JUL26-01218,Lunch,F03,Club Sandwich,1,18.0,5.5,12.5
JUL26-01225,Lunch,F03,Club Sandwich,1,18.0,5.5,12.5
JUL26-01232,Lunch,F03,Club Sandwich,1,18.0,5.5,12.5
JUL26-01239,Lunch,F03,Club Sandwich,1,18.0,5.5,12.5
JUL26-01246,Lunch,F03,Club Sandwich,1,18.0,5.5,12.5
JUL26-01253,Lunch,F03,Club Sandwich,1,18.0,5.5,12.5
JUL26-01260,Lunch,F03,Club Sandwich,1,18.0,5.5,12.5
JUL26-01267,Lunch,F03,Club Sandwich,1,18.0,5.5,12.5
JUL26-01274,Lunch,F03,Club Sandwich,1,18.0,5.5,12.5
JUL26-01281,Lunch,F03,Club Sandwich,1,18.0,5.5,12.5
JUL26-01288,Lunch,F03,Club Sandwich,1,18.0,5.5,12.5
JUL26-01295,Lunch,F03,Club Sandwich,1,18.0,5.5,12.5
JUL26-01302,Lunch,F03,Club Sandwich,1,18.0,5.5,12.5
JUL26-01309,Lunch,F03,Club Sandwich,1,18.0,5.5,12.5
JUL26-01316,Lunch,F03,Club Sandwich,1,18.0,5.5,12.5
JUL26-01323,Lunch,F03,Club Sandwich,1,18.0,5.5,12.5
JUL26-01330,Lunch,F03,Club Sandwich,1,18.0,5.5,12.5
JUL26-01337,Lunch,F03,Club Sandwich,1,18.0,5.5,12.5
JUL26-01344,Lunch,F03,Club Sandwich,1,18.0,5.5,12.5
JUL26-01351,Lunch,F03,Club Sandwich,1,18.0,5.5,12.5
JUL26-01358,Lunch,F03,Club Sandwich,1,18.0,5.5,12.5
JUL26-01365,Lunch,F03,Club Sandwich,1,18.0,5.5,12.5
JUL26-01372,Lunch,F03,Club Sandwich,1,18.0,5.5,12.5
JUL26-01379,Lunch,F03,Club Sandwich,1,18.0,5.5,12.5
JUL26-01386,Lunch,F03,Club Sandwich,1,18.0,5.5,12.5
JUL26-01393,Lunch,F03,Club Sandwich,1,18.0,5.5,12.5
JUL26-01400,Lunch,F03,Club Sandwich,1,18.0,5.5,12.5
JUL26-01407,Lunch,F03,Club Sandwich,1,18.0,5.5,12.5
JUL26-01414,Lunch,F03,Club Sandwich,1,18.0,5.5,12.5
JUL26-01421,Lunch,F03,Club Sandwich,1,18.0,5.5,12.5
JUL26-01428,Lunch,F03,Club Sandwich,1,18.0,5.5,12.5
JUL26-01435,Lunch,F03,Club Sandwich,1,18.0,5.5,12.5
JUL26-01442,Lunch,F03,Club Sandwich,1,18.0,5.5,12.5
JUL26-01449,Lunch,F03,Club Sandwich,1,18.0,5.5,12.5
JUL26-01456,Lunch,F03,Club Sandwich,1,18.0,5.5,12.5
JUL26-01463,Lunch,F03,Club Sandwich,1,18.0,5.5,12.5
JUL26-01470,Lunch,F03,Club Sandwich,1,18.0,5.5,12.5
JUL26-01477,Lunch,F03,Club Sandwich,1,18.0,5.5,12.5
JUL26-01484,Lunch,F03,Club Sandwich,1,18.0,5.5,12.5
JUL26-01491,Lunch,F03,Club Sandwich,1,18.0,5.5,12.5
JUL26-01498,Lunch,F03,Club Sandwich,1,18.0,5.5,12.5
JUL26-01505,Lunch,F03,Club Sandwich,1,18.0,5.5,12.5
JUL26-01512,Lunch,F03,Club Sandwich,1,18.0,5.5,12.5
JUL26-01519,Lunch,F03,Club Sandwich,1,18.0,5.5,12.5
JUL26-01526,Lunch,F03,Club Sandwich,1,18.0,5.5,12.5
JUL26-01533,Lunch,F03,Club Sandwich,1,18.0,5.5,12.5
JUL26-01540,Lunch,F03,Club Sandwich,1,18.0,5.5,12.5
JUL26-01547,Lunch,F03,Club Sandwich,1,18.0,5.5,12.5
JUL26-01554,Lunch,F03,Club Sandwich,1,18.0,5.5,12.5
JUL26-01561,Lunch,F03,Club Sandwich,1,18.0,5.5,12.5
JUL26-01568,Lunch,F03,Club Sandwich,1,18.0,5.5,12.5
JUL26-01575,Lunch,F03,Club Sandwich,1,18.0,5.5,12.5
JUL26-01582,Lunch,F03,Club Sandwich,1,18.0,5.5,12.5
JUL26-01589,Lunch,F03,Club Sandwich,1,18.0,5.5,12.5
JUL26-01596,Lunch,F03,Club Sandwich,1,18.0,5.5,12.5
JUL26-01603,Lunch,F03,Club Sandwich,1,18.0,5.5,12.5
JUL26-01610,Lunch,F03,Club Sandwich,1,18.0,5.5,12.5
JUL26-01617,Lunch,F03,Club Sandwich,1,18.0,5.5,12.5
JUL26-01624,Lunch,F03,Club Sandwich,1,18.0,5.5,12.5
JUL26-01631,Lunch,F03,Club Sandwich,1,18.0,5.5,12.5
JUL26-01638,Lunch,F03,Club Sandwich,1,18.0,5.5,12.5
JUL26-01645,Lunch,F03,Club Sandwich,1,18.0,5.5,12.5
JUL26-01652,Lunch,F03,Club Sandwich,1,18.0,5.5,12.5
JUL26-01659,Lunch,F03,Club Sandwich,1,18.0,5.5,12.5
JUL26-01666,Lunch,F03,Club Sandwich,1,18.0,5.5,12.5
JUL26-01673,Lunch,F03,Club Sandwich,1,18.0,5.5,12.5
JUL26-01680,Lunch,F03,Club Sandwich,1,18.0,5.5,12.5
JUL26-01687,Lunch,F03,Club Sandwich,1,18.0,5.5,12.5
JUL26-01694,Lunch,F03,Club Sandwich,1,18.0,5.5,12.5
JUL26-01701,Lunch,F03,Club Sandwich,1,18.0,5.5,12.5
JUL26-01708,Lunch,F03,Club Sandwich,1,18.0,5.5,12.5
JUL26-01715,Lunch,F03,Club Sandwich,1,18.0,5.5,12.5
JUL26-01722,Lunch,F03,Club Sandwich,1,18.0,5.5,12.5
JUL26-01729,Lunch,F03,Club Sandwich,1,18.0,5.5,12.5
JUL26-01736,Lunch,F03,Club Sandwich,1,18.0,5.5,12.5
JUL26-01743,Lunch,F03,Club Sandwich,1,18.0,5.5,12.5
JUL26-01750,Lunch,F03,Club Sandwich,1,18.0,5.5,12.5
JUL26-01757,Lunch,F03,Club Sandwich,1,18.0,5.5,12.5
JUL26-01764,Lunch,F03,Club Sandwich,1,18.0,5.5,12.5
JUL26-01771,Lunch,F03,Club Sandwich,1,18.0,5.5,12.5
JUL26-01778,Lunch,F03,Club Sandwich,1,18.0,5.5,12.5
JUL26-01785,Lunch,F03,Club Sandwich,1,18.0,5.5,12.5
JUL26-01792,Lunch,F03,Club Sandwich,1,18.0,5.5,12.5
JUL26-01799,Lunch,F03,Club Sandwich,1,18.0,5.5,12.5
JUL26-01806,Lunch,F03,Club Sandwich,1,18.0,5.5,12.5
JUL26-01813,Lunch,F03,Club Sandwich,1,18.0,5.5,12.5
JUL26-01820,Lunch,F03,Club Sandwich,1,18.0,5.5,12.5
JUL26-01827,Lunch,F03,Club Sandwich,1,18.0,5.5,12.5
JUL26-01834,Lunch,F03,Club Sandwich,1,18.0,5.5,12.5
JUL26-01841,Lunch,F03,Club Sandwich,1,18.0,5.5,12.5
JUL26-01848,Lunch,F03,Club Sandwich,1,18.0,5.5,12.5
JUL26-01855,Lunch,F03,Club Sandwich,1,18.0,5.5,12.5
JUL26-01862,Lunch,F03,Club Sandwich,1,18.0,5.5,12.5
JUL26-01869,Lunch,F03,Club Sandwich,1,18.0,5.5,12.5
JUL26-01876,Lunch,F03,Club Sandwich,1,18.0,5.5,12.5
JUL26-01883,Lunch,F03,Club Sandwich,1,18.0,5.5,12.5
JUL26-01890,Lunch,F03,Club Sandwich,1,18.0,5.5,12.5
JUL26-01897,Lunch,F03,Club Sandwich,1,18.0,5.5,12.5
JUL26-01904,Lunch,F03,Club Sandwich,1,18.0,5.5,12.5
JUL26-01911,Lunch,F03,Club Sandwich,1,18.0,5.5,12.5
JUL26-01918,Lunch,F03,Club Sandwich,1,18.0,5.5,12.5
JUL26-01925,Lunch,F03,Club Sandwich,1,18.0,5.5,12.5
JUL26-01932,Lunch,F03,Club Sandwich,1,18.0,5.5,12.5
JUL26-01939,Lunch,F03,Club Sandwich,1,18.0,5.5,12.5
JUL26-01946,Lunch,F03,Club Sandwich,1,18.0,5.5,12.5
JUL26-01953,Lunch,F03,Club Sandwich,1,18.0,5.5,12.5
JUL26-01960,Lunch,F03,Club Sandwich,1,18.0,5.5,12.5
JUL26-01967,Lunch,F03,Club Sandwich,1,18.0,5.5,12.5
JUL26-01974,Lunch,F03,Club Sandwich,1,18.0,5.5,12.5
JUL26-01981,Lunch,F03,Club Sandwich,1,18.0,5.5,12.5
JUL26-01988,Lunch,F03,Club Sandwich,1,18.0,5.5,12.5
JUL26-01995,Lunch,F03,Club Sandwich,1,18.0,5.5,12.5
JUL26-02002,Lunch,F03,Club Sandwich,1,18.0,5.5,12.5
JUL26-02009,Lunch,F03,Club Sandwich,1,18.0,5.5,12.5
JUL26-02016,Lunch,F03,Club Sandwich,1,18.0,5.5,12.5
JUL26-02023,Lunch,F03,Club Sandwich,1,18.0,5.5,12.5
JUL26-02030,Lunch,F03,Club Sandwich,1,18.0,5.5,12.5
JUL26-02037,Lunch,F03,Club Sandwich,1,18.0,5.5,12.5
JUL26-02044,Lunch,F03,Club Sandwich,1,18.0,5.5,12.5
JUL26-02051,Lunch,F03,Club Sandwich,1,18.0,5.5,12.5
JUL26-02058,Lunch,F03,Club Sandwich,1,18.0,5.5,12.5
JUL26-02065,Lunch,F03,Club Sandwich,1,18.0,5.5,12.5
JUL26-02072,Lunch,F03,Club Sandwich,1,18.0,5.5,12.5
JUL26-02079,Lunch,F03,Club Sandwich,1,18.0,5.5,12.5
JUL26-02086,Lunch,F03,Club Sandwich,1,18.0,5.5,12.5
JUL26-02093,Lunch,F03,Club Sandwich,1,18.0,5.5,12.5
JUL26-02100,Lunch,F03,Club Sandwich,1,18.0,5.5,12.5
JUL26-02107,Lunch,F03,Club Sandwich,1,18.0,5.5,12.5
JUL26-02114,Lunch,F03,Club Sandwich,1,18.0,5.5,12.5
JUL26-02121,Lunch,F03,Club Sandwich,1,18.0,5.5,12.5
JUL26-02128,Lunch,F03,Club Sandwich,1,18.0,5.5,12.5
JUL26-02135,Lunch,F03,Club Sandwich,1,18.0,5.5,12.5
JUL26-02142,Lunch,F03,Club Sandwich,1,18.0,5.5,12.5
JUL26-02149,Lunch,F03,Club Sandwich,1,18.0,5.5,12.5
JUL26-02156,Lunch,F03,Club Sandwich,1,18.0,5.5,12.5
JUL26-02163,Lunch,F03,Club Sandwich,1,18.0,5.5,12.5
JUL26-02170,Lunch,F03,Club Sandwich,1,18.0,5.5,12.5
JUL26-02177,Lunch,F03,Club Sandwich,1,18.0,5.5,12.5
JUL26-02184,Dinner,F03,Club Sandwich,1,18.0,5.5,12.5
JUL26-02191,Dinner,F03,Club Sandwich,1,18.0,5.5,12.5
JUL26-02198,Dinner,F03,Club Sandwich,1,18.0,5.5,12.5
JUL26-02205,Dinner,F03,Club Sandwich,1,18.0,5.5,12.5
JUL26-02212,Dinner,F03,Club Sandwich,1,18.0,5.5,12.5
JUL26-02219,Dinner,F03,Club Sandwich,1,18.0,5.5,12.5
JUL26-02226,Dinner,F03,Club Sandwich,1,18.0,5.5,12.5
JUL26-02233,Dinner,F03,Club Sandwich,1,18.0,5.5,12.5
JUL26-02240,Dinner,F03,Club Sandwich,1,18.0,5.5,12.5
JUL26-02247,Dinner,F03,Club Sandwich,1,18.0,5.5,12.5
JUL26-02254,Dinner,F03,Club Sandwich,1,18.0,5.5,12.5
JUL26-02261,Dinner,F03,Club Sandwich,1,18.0,5.5,12.5
JUL26-02268,Dinner,F03,Club Sandwich,1,18.0,5.5,12.5
JUL26-02275,Dinner,F03,Club Sandwich,1,18.0,5.5,12.5
JUL26-02282,Dinner,F03,Club Sandwich,1,18.0,5.5,12.5
JUL26-02289,Dinner,F03,Club Sandwich,1,18.0,5.5,12.5
JUL26-02296,Dinner,F03,Club Sandwich,1,18.0,5.5,12.5
JUL26-02303,Dinner,F03,Club Sandwich,1,18.0,5.5,12.5
JUL26-02310,Dinner,F03,Club Sandwich,1,18.0,5.5,12.5
JUL26-02317,Dinner,F03,Club Sandwich,1,18.0,5.5,12.5
JUL26-02324,Dinner,F03,Club Sandwich,1,18.0,5.5,12.5
JUL26-02331,Dinner,F03,Club Sandwich,1,18.0,5.5,12.5
JUL26-02338,Dinner,F03,Club Sandwich,1,18.0,5.5,12.5
JUL26-02345,Dinner,F03,Club Sandwich,1,18.0,5.5,12.5
JUL26-02352,Dinner,F03,Club Sandwich,1,18.0,5.5,12.5
JUL26-02359,Dinner,F03,Club Sandwich,1,18.0,5.5,12.5
JUL26-02366,Dinner,F03,Club Sandwich,1,18.0,5.5,12.5
JUL26-02373,Dinner,F03,Club Sandwich,1,18.0,5.5,12.5
JUL26-02380,Dinner,F03,Club Sandwich,1,18.0,5.5,12.5
JUL26-02387,Dinner,F03,Club Sandwich,1,18.0,5.5,12.5
JUL26-02394,Dinner,F03,Club Sandwich,1,18.0,5.5,12.5
JUL26-02401,Dinner,F03,Club Sandwich,1,18.0,5.5,12.5
JUL26-02408,Dinner,F03,Club Sandwich,1,18.0,5.5,12.5
JUL26-02415,Dinner,F03,Club Sandwich,1,18.0,5.5,12.5
JUL26-02422,Dinner,F03,Club Sandwich,1,18.0,5.5,12.5
JUL26-02429,Dinner,F03,Club Sandwich,1,18.0,5.5,12.5
JUL26-02436,Dinner,F03,Club Sandwich,1,18.0,5.5,12.5
JUL26-02443,Dinner,F03,Club Sandwich,1,18.0,5.5,12.5
JUL26-02450,Dinner,F03,Club Sandwich,1,18.0,5.5,12.5
JUL26-02457,Dinner,F03,Club Sandwich,1,18.0,5.5,12.5
JUL26-02464,Dinner,F03,Club Sandwich,1,18.0,5.5,12.5
JUL26-02471,Dinner,F03,Club Sandwich,1,18.0,5.5,12.5
JUL26-02478,Dinner,F03,Club Sandwich,1,18.0,5.5,12.5
JUL26-02485,Dinner,F03,Club Sandwich,1,18.0,5.5,12.5
JUL26-02492,Dinner,F03,Club Sandwich,1,18.0,5.5,12.5
JUL26-02499,Dinner,F03,Club Sandwich,1,18.0,5.5,12.5
JUL26-02506,Dinner,F03,Club Sandwich,1,18.0,5.5,12.5
JUL26-02513,Dinner,F03,Club Sandwich,1,18.0,5.5,12.5
JUL26-02520,Dinner,F03,Club Sandwich,1,18.0,5.5,12.5
JUL26-02527,Dinner,F03,Club Sandwich,1,18.0,5.5,12.5
JUL26-02534,Dinner,F03,Club Sandwich,1,18.0,5.5,12.5
JUL26-02541,Dinner,F03,Club Sandwich,1,18.0,5.5,12.5
JUL26-02548,Dinner,F03,Club Sandwich,1,18.0,5.5,12.5
JUL26-02555,Dinner,F03,Club Sandwich,1,18.0,5.5,12.5
JUL26-02562,Dinner,F03,Club Sandwich,1,18.0,5.5,12.5
JUL26-02569,Dinner,F03,Club Sandwich,1,18.0,5.5,12.5
JUL26-02576,Dinner,F03,Club Sandwich,1,18.0,5.5,12.5
JUL26-02583,Dinner,F03,Club Sandwich,1,18.0,5.5,12.5
JUL26-02590,Dinner,F03,Club Sandwich,1,18.0,5.5,12.5
JUL26-02597,Dinner,F03,Club Sandwich,1,18.0,5.5,12.5
JUL26-02604,Dinner,F03,Club Sandwich,1,18.0,5.5,12.5
JUL26-02611,Dinner,F03,Club Sandwich,1,18.0,5.5,12.5
JUL26-02618,Dinner,F03,Club Sandwich,1,18.0,5.5,12.5
JUL26-02625,Dinner,F03,Club Sandwich,1,18.0,5.5,12.5
JUL26-02632,Dinner,F03,Club Sandwich,1,18.0,5.5,12.5
JUL26-02639,Dinner,F03,Club Sandwich,1,18.0,5.5,12.5
JUL26-02646,Dinner,F03,Club Sandwich,1,18.0,5.5,12.5
JUL26-02653,Dinner,F03,Club Sandwich,1,18.0,5.5,12.5
JUL26-02660,Dinner,F03,Club Sandwich,1,18.0,5.5,12.5
JUL26-02667,Dinner,F03,Club Sandwich,1,18.0,5.5,12.5
JUL26-02674,Dinner,F03,Club Sandwich,1,18.0,5.5,12.5
JUL26-02681,Dinner,F03,Club Sandwich,1,18.0,5.5,12.5
JUL26-02688,Dinner,F03,Club Sandwich,1,18.0,5.5,12.5
JUL26-02695,Dinner,F03,Club Sandwich,1,18.0,5.5,12.5
JUL26-02702,Dinner,F03,Club Sandwich,1,18.0,5.5,12.5
JUL26-02709,Dinner,F03,Club Sandwich,1,18.0,5.5,12.5
JUL26-02716,Dinner,F03,Club Sandwich,1,18.0,5.5,12.5
JUL26-02723,Dinner,F03,Club Sandwich,1,18.0,5.5,12.5
JUL26-02730,Dinner,F03,Club Sandwich,1,18.0,5.5,12.5
JUL26-02737,Dinner,F03,Club Sandwich,1,18.0,5.5,12.5
JUL26-02744,Dinner,F03,Club Sandwich,1,18.0,5.5,12.5
JUL26-02751,Dinner,F03,Club Sandwich,1,18.0,5.5,12.5
JUL26-02758,Dinner,F03,Club Sandwich,1,18.0,5.5,12.5
JUL26-02765,Dinner,F03,Club Sandwich,1,18.0,5.5,12.5
JUL26-02772,Dinner,F03,Club Sandwich,1,18.0,5.5,12.5
JUL26-02779,Dinner,F03,Club Sandwich,1,18.0,5.5,12.5
JUL26-02786,Dinner,F03,Club Sandwich,1,18.0,5.5,12.5
JUL26-02793,Dinner,F03,Club Sandwich,1,18.0,5.5,12.5
JUL26-02800,Dinner,F03,Club Sandwich,1,18.0,5.5,12.5
JUL26-02807,Dinner,F03,Club Sandwich,1,18.0,5.5,12.5
JUL26-02814,Dinner,F03,Club Sandwich,1,18.0,5.5,12.5
JUL26-02821,Dinner,F03,Club Sandwich,1,18.0,5.5,12.5
JUL26-02828,Dinner,F03,Club Sandwich,1,18.0,5.5,12.5
JUL26-02835,Dinner,F03,Club Sandwich,1,18.0,5.5,12.5
JUL26-02842,Dinner,F03,Club Sandwich,1,18.0,5.5,12.5
JUL26-02849,Dinner,F03,Club Sandwich,1,18.0,5.5,12.5
JUL26-02856,Dinner,F03,Club Sandwich,1,18.0,5.5,12.5
JUL26-02863,Dinner,F03,Club Sandwich,1,18.0,5.5,12.5
JUL26-02870,Dinner,F03,Club Sandwich,1,18.0,5.5,12.5
JUL26-02877,Dinner,F03,Club Sandwich,1,18.0,5.5,12.5
JUL26-02884,Dinner,F03,Club Sandwich,1,18.0,5.5,12.5
JUL26-02891,Dinner,F03,Club Sandwich,1,18.0,5.5,12.5
JUL26-02898,Dinner,F03,Club Sandwich,1,18.0,5.5,12.5
JUL26-02905,Dinner,F03,Club Sandwich,1,18.0,5.5,12.5
JUL26-02912,Dinner,F03,Club Sandwich,1,18.0,5.5,12.5
JUL26-02919,Dinner,F03,Club Sandwich,1,18.0,5.5,12.5
JUL26-02926,Dinner,F03,Club Sandwich,1,18.0,5.5,12.5
JUL26-02933,Dinner,F03,Club Sandwich,1,18.0,5.5,12.5
JUL26-02940,Dinner,F03,Club Sandwich,1,18.0,5.5,12.5
JUL26-02947,Dinner,F03,Club Sandwich,1,18.0,5.5,12.5
JUL26-02954,Dinner,F03,Club Sandwich,1,18.0,5.5,12.5
JUL26-02961,Dinner,F03,Club Sandwich,1,18.0,5.5,12.5
JUL26-02968,Dinner,F03,Club Sandwich,1,18.0,5.5,12.5
JUL26-02975,Dinner,F03,Club Sandwich,1,18.0,5.5,12.5
JUL26-02982,Dinner,F03,Club Sandwich,1,18.0,5.5,12.5
JUL26-02989,Dinner,F03,Club Sandwich,1,18.0,5.5,12.5
JUL26-02996,Dinner,F03,Club Sandwich,1,18.0,5.5,12.5
JUL26-03003,Dinner,F03,Club Sandwich,1,18.0,5.5,12.5
JUL26-03010,Dinner,F03,Club Sandwich,1,18.0,5.5,12.5
JUL26-03017,Dinner,F03,Club Sandwich,1,18.0,5.5,12.5
JUL26-03024,Dinner,F03,Club Sandwich,1,18.0,5.5,12.5
JUL26-03031,Dinner,F03,Club Sandwich,1,18.0,5.5,12.5
JUL26-03038,Dinner,F03,Club Sandwich,1,18.0,5.5,12.5
JUL26-03045,Dinner,F03,Club Sandwich,1,18.0,5.5,12.5
JUL26-03052,Dinner,F03,Club Sandwich,1,18.0,5.5,12.5
JUL26-03059,Dinner,F03,Club Sandwich,1,18.0,5.5,12.5
JUL26-03066,Dinner,F03,Club Sandwich,1,18.0,5.5,12.5
JUL26-03073,Dinner,F03,Club Sandwich,1,18.0,5.5,12.5
JUL26-03080,Dinner,F03,Club Sandwich,1,18.0,5.5,12.5
JUL26-03087,Dinner,F03,Club Sandwich,1,18.0,5.5,12.5
JUL26-03094,Dinner,F03,Club Sandwich,1,18.0,5.5,12.5
JUL26-03101,Dinner,F03,Club Sandwich,1,18.0,5.5,12.5
JUL26-03108,Dinner,F03,Club Sandwich,1,18.0,5.5,12.5
JUL26-03115,Dinner,F03,Club Sandwich,1,18.0,5.5,12.5
JUL26-03122,Dinner,F03,Club Sandwich,1,18.0,5.5,12.5
JUL26-03129,Dinner,F03,Club Sandwich,1,18.0,5.5,12.5
JUL26-03136,Dinner,F03,Club Sandwich,1,18.0,5.5,12.5
JUL26-03143,Dinner,F03,Club Sandwich,1,18.0,5.5,12.5
JUL26-03150,Dinner,F03,Club Sandwich,1,18.0,5.5,12.5
JUL26-03157,Dinner,F03,Club Sandwich,1,18.0,5.5,12.5
JUL26-03164,Dinner,F03,Club Sandwich,1,18.0,5.5,12.5
JUL26-03171,Dinner,F03,Club Sandwich,1,18.0,5.5,12.5
JUL26-03178,Dinner,F03,Club Sandwich,1,18.0,5.5,12.5
JUL26-03185,Dinner,F03,Club Sandwich,1,18.0,5.5,12.5
JUL26-03192,Dinner,F03,Club Sandwich,1,18.0,5.5,12.5
JUL26-03199,Dinner,F03,Club Sandwich,1,18.0,5.5,12.5
JUL26-03206,Dinner,F03,Club Sandwich,1,18.0,5.5,12.5
JUL26-03213,Dinner,F03,Club Sandwich,1,18.0,5.5,12.5
JUL26-03220,Dinner,F03,Club Sandwich,1,18.0,5.5,12.5
JUL26-03227,Dinner,F03,Club Sandwich,1,18.0,5.5,12.5
JUL26-03234,Dinner,F03,Club Sandwich,1,18.0,5.5,12.5
JUL26-03241,Dinner,F03,Club Sandwich,1,18.0,5.5,12.5
JUL26-03248,Dinner,F03,Club Sandwich,1,18.0,5.5,12.5
JUL26-03255,Dinner,F03,Club Sandwich,1,18.0,5.5,12.5
JUL26-03262,Dinner,F03,Club Sandwich,1,18.0,5.5,12.5
JUL26-03269,Dinner,F03,Club Sandwich,1,18.0,5.5,12.5
JUL26-03276,Dinner,F03,Club Sandwich,1,18.0,5.5,12.5
JUL26-03283,Dinner,F03,Club Sandwich,1,18.0,5.5,12.5
JUL26-03290,Dinner,F03,Club Sandwich,1,18.0,5.5,12.5
JUL26-03297,Dinner,F03,Club Sandwich,1,18.0,5.5,12.5
JUL26-03304,Dinner,F03,Club Sandwich,1,18.0,5.5,12.5
JUL26-03311,Dinner,F03,Club Sandwich,1,18.0,5.5,12.5
JUL26-03318,Dinner,F03,Club Sandwich,1,18.0,5.5,12.5
JUL26-03325,Dinner,F03,Club Sandwich,1,18.0,5.5,12.5
JUL26-03332,Dinner,F03,Club Sandwich,1,18.0,5.5,12.5
JUL26-03339,Dinner,F03,Club Sandwich,1,18.0,5.5,12.5
JUL26-03346,Dinner,F03,Club Sandwich,1,18.0,5.5,12.5
JUL26-03353,Dinner,F03,Club Sandwich,1,18.0,5.5,12.5
JUL26-03360,Dinner,F03,Club Sandwich,1,18.0,5.5,12.5
JUL26-03367,Dinner,F03,Club Sandwich,1,18.0,5.5,12.5
JUL26-03374,Dinner,F03,Club Sandwich,1,18.0,5.5,12.5
JUL26-03381,Dinner,F03,Club Sandwich,1,18.0,5.5,12.5
JUL26-03388,Dinner,F03,Club Sandwich,1,18.0,5.5,12.5
JUL26-03395,Dinner,F03,Club Sandwich,1,18.0,5.5,12.5
JUL26-03402,Dinner,F03,Club Sandwich,1,18.0,5.5,12.5
JUL26-03409,Dinner,F03,Club Sandwich,1,18.0,5.5,12.5
JUL26-03416,Dinner,F03,Club Sandwich,1,18.0,5.5,12.5
JUL26-03423,Dinner,F03,Club Sandwich,1,18.0,5.5,12.5
JUL26-03430,Dinner,F03,Club Sandwich,1,18.0,5.5,12.5
JUL26-03437,Dinner,F03,Club Sandwich,1,18.0,5.5,12.5
JUL26-03444,Dinner,F03,Club Sandwich,1,18.0,5.5,12.5
JUL26-03451,Dinner,F03,Club Sandwich,1,18.0,5.5,12.5
JUL26-03458,Dinner,F03,Club Sandwich,1,18.0,5.5,12.5
JUL26-03465,Dinner,F03,Club Sandwich,1,18.0,5.5,12.5
JUL26-03472,Dinner,F03,Club Sandwich,1,18.0,5.5,12.5
JUL26-03479,Dinner,F03,Club Sandwich,1,18.0,5.5,12.5
JUL26-03486,Dinner,F03,Club Sandwich,1,18.0,5.5,12.5
JUL26-03493,Dinner,F03,Club Sandwich,1,18.0,5.5,12.5
JUL26-03500,Dinner,F03,Club Sandwich,1,18.0,5.5,12.5
JUL26-03507,Dinner,F03,Club Sandwich,1,18.0,5.5,12.5
JUL26-03514,Dinner,F03,Club Sandwich,1,18.0,5.5,12.5
JUL26-03521,Dinner,F03,Club Sandwich,1,18.0,5.5,12.5
JUL26-03528,Dinner,F03,Club Sandwich,1,18.0,5.5,12.5
JUL26-03535,Dinner,F03,Club Sandwich,1,18.0,5.5,12.5
JUL26-03542,Dinner,F03,Club Sandwich,1,18.0,5.5,12.5
JUL26-03549,Dinner,F03,Club Sandwich,1,18.0,5.5,12.5
JUL26-03556,Dinner,F03,Club Sandwich,1,18.0,5.5,12.5
JUL26-03563,Dinner,F03,Club Sandwich,1,18.0,5.5,12.5
JUL26-03570,Dinner,F03,Club Sandwich,1,18.0,5.5,12.5
JUL26-03577,Dinner,F03,Club Sandwich,1,18.0,5.5,12.5
JUL26-03584,Dinner,F03,Club Sandwich,1,18.0,5.5,12.5
JUL26-03591,Dinner,F03,Club Sandwich,1,18.0,5.5,12.5
JUL26-03598,Dinner,F03,Club Sandwich,1,18.0,5.5,12.5
JUL26-03605,Dinner,F03,Club Sandwich,1,18.0,5.5,12.5
JUL26-03612,Dinner,F03,Club Sandwich,1,18.0,5.5,12.5
JUL26-03619,Dinner,F03,Club Sandwich,1,18.0,5.5,12.5
JUL26-03626,Dinner,F03,Club Sandwich,1,18.0,5.5,12.5
JUL26-03633,Dinner,F03,Club Sandwich,1,18.0,5.5,12.5
JUL26-03640,Dinner,F03,Club Sandwich,1,18.0,5.5,12.5
JUL26-03647,Dinner,F03,Club Sandwich,1,18.0,5.5,12.5
JUL26-03654,Dinner,F03,Club Sandwich,1,18.0,5.5,12.5
JUL26-03661,Dinner,F03,Club Sandwich,1,18.0,5.5,12.5
JUL26-03668,Dinner,F03,Club Sandwich,1,18.0,5.5,12.5
JUL26-03675,Dinner,F03,Club Sandwich,1,18.0,5.5,12.5
JUL26-03682,Dinner,F03,Club Sandwich,1,18.0,5.5,12.5
JUL26-03689,Dinner,F03,Club Sandwich,1,18.0,5.5,12.5
JUL26-03696,Dinner,F03,Club Sandwich,1,18.0,5.5,12.5
JUL26-03703,Dinner,F03,Club Sandwich,1,18.0,5.5,12.5
JUL26-03710,Dinner,F03,Club Sandwich,1,18.0,5.5,12.5
JUL26-03717,Dinner,F03,Club Sandwich,1,18.0,5.5,12.5
JUL26-03724,Dinner,F03,Club Sandwich,1,18.0,5.5,12.5
JUL26-03731,Dinner,F03,Club Sandwich,1,18.0,5.5,12.5
JUL26-03738,Dinner,F03,Club Sandwich,1,18.0,5.5,12.5
JUL26-03745,Dinner,F03,Club Sandwich,1,18.0,5.5,12.5
JUL26-03752,Dinner,F03,Club Sandwich,1,18.0,5.5,12.5
JUL26-03759,Dinner,F03,Club Sandwich,1,18.0,5.5,12.5
JUL26-03766,Dinner,F03,Club Sandwich,1,18.0,5.5,12.5
JUL26-03773,Dinner,F03,Club Sandwich,1,18.0,5.5,12.5
JUL26-03780,Dinner,F03,Club Sandwich,1,18.0,5.5,12.5
JUL26-03787,Dinner,F03,Club Sandwich,1,18.0,5.5,12.5
JUL26-03794,Dinner,F03,Club Sandwich,1,18.0,5.5,12.5
JUL26-03801,Dinner,F03,Club Sandwich,1,18.0,5.5,12.5
JUL26-03808,Dinner,F03,Club Sandwich,1,18.0,5.5,12.5
JUL26-03815,Dinner,F03,Club Sandwich,1,18.0,5.5,12.5
JUL26-03822,Dinner,F03,Club Sandwich,1,18.0,5.5,12.5
JUL26-03829,Dinner,F03,Club Sandwich,1,18.0,5.5,12.5
JUL26-03836,Dinner,F03,Club Sandwich,1,18.0,5.5,12.5
JUL26-03843,Dinner,F03,Club Sandwich,1,18.0,5.5,12.5
JUL26-03850,Dinner,F03,Club Sandwich,1,18.0,5.5,12.5
JUL26-03857,Dinner,F03,Club Sandwich,1,18.0,5.5,12.5
JUL26-03864,Dinner,F03,Club Sandwich,1,18.0,5.5,12.5
JUL26-03871,Dinner,F03,Club Sandwich,1,18.0,5.5,12.5
JUL26-03878,Dinner,F03,Club Sandwich,1,18.0,5.5,12.5
JUL26-03885,Dinner,F03,Club Sandwich,1,18.0,5.5,12.5
JUL26-03892,Dinner,F03,Club Sandwich,1,18.0,5.5,12.5
JUL26-03899,Dinner,F03,Club Sandwich,1,18.0,5.5,12.5
JUL26-03906,Dinner,F03,Club Sandwich,1,18.0,5.5,12.5
JUL26-03913,Dinner,F03,Club Sandwich,1,18.0,5.5,12.5
JUL26-03920,Dinner,F03,Club Sandwich,1,18.0,5.5,12.5
JUL26-03927,Dinner,F03,Club Sandwich,1,18.0,5.5,12.5
JUL26-03934,Dinner,F03,Club Sandwich,1,18.0,5.5,12.5
JUL26-03941,Dinner,F03,Club Sandwich,1,18.0,5.5,12.5
JUL26-03948,Dinner,F03,Club Sandwich,1,18.0,5.5,12.5
JUL26-03955,Dinner,F03,Club Sandwich,1,18.0,5.5,12.5
JUL26-03962,Dinner,F03,Club Sandwich,1,18.0,5.5,12.5
JUL26-03969,Dinner,F03,Club Sandwich,1,18.0,5.5,12.5
JUL26-03976,Dinner,F03,Club Sandwich,1,18.0,5.5,12.5
JUL26-03983,Dinner,F03,Club Sandwich,1,18.0,5.5,12.5
JUL26-03990,Dinner,F03,Club Sandwich,1,18.0,5.5,12.5
JUL26-03997,Dinner,F03,Club Sandwich,1,18.0,5.5,12.5
JUL26-04004,Dinner,F03,Club Sandwich,1,18.0,5.5,12.5
JUL26-04011,Dinner,F03,Club Sandwich,1,18.0,5.5,12.5
JUL26-04018,Dinner,F03,Club Sandwich,1,18.0,5.5,12.5
JUL26-04025,Dinner,F03,Club Sandwich,1,18.0,5.5,12.5
JUL26-04032,Dinner,F03,Club Sandwich,1,18.0,5.5,12.5
JUL26-04039,Dinner,F03,Club Sandwich,1,18.0,5.5,12.5
JUL26-04046,Dinner,F03,Club Sandwich,1,18.0,5.5,12.5
JUL26-04053,Dinner,F03,Club Sandwich,1,18.0,5.5,12.5
JUL26-04060,Dinner,F03,Club Sandwich,1,18.0,5.5,12.5
JUL26-04067,Dinner,F03,Club Sandwich,1,18.0,5.5,12.5
JUL26-04074,Dinner,F03,Club Sandwich,1,18.0,5.5,12.5
JUL26-04081,Dinner,F03,Club Sandwich,1,18.0,5.5,12.5
JUL26-04088,Dinner,F03,Club Sandwich,1,18.0,5.5,12.5
JUL26-04095,Dinner,F03,Club Sandwich,1,18.0,5.5,12.5
JUL26-04102,Dinner,F03,Club Sandwich,1,18.0,5.5,12.5
JUL26-04109,Dinner,F03,Club Sandwich,1,18.0,5.5,12.5
JUL26-04116,Dinner,F03,Club Sandwich,1,18.0,5.5,12.5
JUL26-04123,Dinner,F03,Club Sandwich,1,18.0,5.5,12.5
JUL26-04130,Dinner,F03,Club Sandwich,1,18.0,5.5,12.5
JUL26-04137,Dinner,F03,Club Sandwich,1,18.0,5.5,12.5
JUL26-04144,Dinner,F03,Club Sandwich,1,18.0,5.5,12.5
JUL26-04151,Dinner,F03,Club Sandwich,1,18.0,5.5,12.5
JUL26-04158,Dinner,F03,Club Sandwich,1,18.0,5.5,12.5
JUL26-04165,Dinner,F03,Club Sandwich,1,18.0,5.5,12.5
JUL26-04172,Dinner,F03,Club Sandwich,1,18.0,5.5,12.5
JUL26-04179,Dinner,F03,Club Sandwich,1,18.0,5.5,12.5
JUL26-04186,Dinner,F03,Club Sandwich,1,18.0,5.5,12.5
JUL26-04193,Dinner,F03,Club Sandwich,1,18.0,5.5,12.5
JUL26-04200,Dinner,F03,Club Sandwich,1,18.0,5.5,12.5
JUL26-04207,Dinner,F03,Club Sandwich,1,18.0,5.5,12.5
JUL26-04214,Dinner,F03,Club Sandwich,1,18.0,5.5,12.5
JUL26-04221,Dinner,F03,Club Sandwich,1,18.0,5.5,12.5
JUL26-04228,Dinner,F03,Club Sandwich,1,18.0,5.5,12.5
JUL26-04235,Dinner,F03,Club Sandwich,1,18.0,5.5,12.5
JUL26-04242,Dinner,F03,Club Sandwich,1,18.0,5.5,12.5
JUL26-04249,Dinner,F03,Club Sandwich,1,18.0,5.5,12.5
JUL26-04256,Dinner,F03,Club Sandwich,1,18.0,5.5,12.5
JUL26-04263,Dinner,F03,Club Sandwich,1,18.0,5.5,12.5
JUL26-04270,Dinner,F03,Club Sandwich,1,18.0,5.5,12.5
JUL26-04277,Dinner,F03,Club Sandwich,1,18.0,5.5,12.5
JUL26-04284,Dinner,F03,Club Sandwich,1,18.0,5.5,12.5
JUL26-04291,Dinner,F03,Club Sandwich,1,18.0,5.5,12.5
JUL26-04298,Dinner,F03,Club Sandwich,1,18.0,5.5,12.5
JUL26-04305,Dinner,F03,Club Sandwich,1,18.0,5.5,12.5
JUL26-04312,Dinner,F03,Club Sandwich,1,18.0,5.5,12.5
JUL26-04319,Dinner,F03,Club Sandwich,1,18.0,5.5,12.5
JUL26-04326,Dinner,F03,Club Sandwich,1,18.0,5.5,12.5
JUL26-04333,Dinner,F03,Club Sandwich,1,18.0,5.5,12.5
JUL26-04340,Dinner,F03,Club Sandwich,1,18.0,5.5,12.5
JUL26-04347,Dinner,F03,Club Sandwich,1,18.0,5.5,12.5
JUL26-04354,Dinner,F03,Club Sandwich,1,18.0,5.5,12.5
JUL26-04361,Dinner,F03,Club Sandwich,1,18.0,5.5,12.5
JUL26-04368,Dinner,F03,Club Sandwich,1,18.0,5.5,12.5
JUL26-04375,Dinner,F03,Club Sandwich,1,18.0,5.5,12.5
JUL26-04382,Dinner,F03,Club Sandwich,1,18.0,5.5,12.5
JUL26-04389,Dinner,F03,Club Sandwich,1,18.0,5.5,12.5
JUL26-04396,Dinner,F03,Club Sandwich,1,18.0,5.5,12.5
JUL26-04403,Dinner,F03,Club Sandwich,1,18.0,5.5,12.5
JUL26-04410,Dinner,F03,Club Sandwich,1,18.0,5.5,12.5
JUL26-04417,Dinner,F03,Club Sandwich,1,18.0,5.5,12.5
JUL26-04424,Dinner,F03,Club Sandwich,1,18.0,5.5,12.5
JUL26-04431,Dinner,F03,Club Sandwich,1,18.0,5.5,12.5
JUL26-04438,Dinner,F03,Club Sandwich,1,18.0,5.5,12.5
JUL26-04445,Dinner,F03,Club Sandwich,1,18.0,5.5,12.5
JUL26-04452,Dinner,F03,Club Sandwich,1,18.0,5.5,12.5
JUL26-04459,Dinner,F03,Club Sandwich,1,18.0,5.5,12.5
JUL26-04466,Dinner,F03,Club Sandwich,1,18.0,5.5,12.5
JUL26-04473,Dinner,F03,Club Sandwich,1,18.0,5.5,12.5
JUL26-04480,Dinner,F03,Club Sandwich,1,18.0,5.5,12.5
JUL26-04487,Dinner,F03,Club Sandwich,1,18.0,5.5,12.5
JUL26-04494,Dinner,F03,Club Sandwich,1,18.0,5.5,12.5
JUL26-04501,Dinner,F03,Club Sandwich,1,18.0,5.5,12.5
JUL26-04508,Dinner,F03,Club Sandwich,1,18.0,5.5,12.5
JUL26-04515,Dinner,F03,Club Sandwich,1,18.0,5.5,12.5
JUL26-04522,Dinner,F03,Club Sandwich,1,18.0,5.5,12.5
JUL26-04529,Dinner,F03,Club Sandwich,1,18.0,5.5,12.5
JUL26-04536,Dinner,F03,Club Sandwich,1,18.0,5.5,12.5
JUL26-04543,Dinner,F03,Club Sandwich,1,18.0,5.5,12.5
JUL26-04550,Dinner,F03,Club Sandwich,1,18.0,5.5,12.5
JUL26-04557,Dinner,F03,Club Sandwich,1,18.0,5.5,12.5
JUL26-04564,Dinner,F03,Club Sandwich,1,18.0,5.5,12.5
JUL26-04571,Delivery / Takeaway,F03,Club Sandwich,1,18.0,5.5,12.5
JUL26-04578,Delivery / Takeaway,F03,Club Sandwich,1,18.0,5.5,12.5
JUL26-04585,Delivery / Takeaway,F03,Club Sandwich,1,18.0,5.5,12.5
JUL26-04592,Delivery / Takeaway,F03,Club Sandwich,1,18.0,5.5,12.5
JUL26-04599,Delivery / Takeaway,F03,Club Sandwich,1,18.0,5.5,12.5
JUL26-04606,Delivery / Takeaway,F03,Club Sandwich,1,18.0,5.5,12.5
JUL26-04613,Delivery / Takeaway,F03,Club Sandwich,1,18.0,5.5,12.5
JUL26-04620,Delivery / Takeaway,F03,Club Sandwich,1,18.0,5.5,12.5
JUL26-04627,Delivery / Takeaway,F03,Club Sandwich,1,18.0,5.5,12.5
JUL26-04634,Delivery / Takeaway,F03,Club Sandwich,1,18.0,5.5,12.5
JUL26-04641,Delivery / Takeaway,F03,Club Sandwich,1,18.0,5.5,12.5
JUL26-04648,Delivery / Takeaway,F03,Club Sandwich,1,18.0,5.5,12.5
JUL26-04655,Delivery / Takeaway,F03,Club Sandwich,1,18.0,5.5,12.5
JUL26-04662,Delivery / Takeaway,F03,Club Sandwich,1,18.0,5.5,12.5
JUL26-04669,Delivery / Takeaway,F03,Club Sandwich,1,18.0,5.5,12.5
JUL26-04676,Delivery / Takeaway,F03,Club Sandwich,1,18.0,5.5,12.5
JUL26-04683,Delivery / Takeaway,F03,Club Sandwich,1,18.0,5.5,12.5
JUL26-04690,Delivery / Takeaway,F03,Club Sandwich,1,18.0,5.5,12.5
JUL26-04697,Delivery / Takeaway,F03,Club Sandwich,1,18.0,5.5,12.5
JUL26-04704,Delivery / Takeaway,F03,Club Sandwich,1,18.0,5.5,12.5
JUL26-04711,Delivery / Takeaway,F03,Club Sandwich,1,18.0,5.5,12.5
JUL26-04718,Delivery / Takeaway,F03,Club Sandwich,1,18.0,5.5,12.5
JUL26-04725,Delivery / Takeaway,F03,Club Sandwich,1,18.0,5.5,12.5
JUL26-04732,Delivery / Takeaway,F03,Club Sandwich,1,18.0,5.5,12.5
JUL26-04739,Delivery / Takeaway,F03,Club Sandwich,1,18.0,5.5,12.5
JUL26-04746,Delivery / Takeaway,F03,Club Sandwich,1,18.0,5.5,12.5
JUL26-04753,Delivery / Takeaway,F03,Club Sandwich,1,18.0,5.5,12.5
JUL26-04760,Delivery / Takeaway,F03,Club Sandwich,1,18.0,5.5,12.5
JUL26-04767,Delivery / Takeaway,F03,Club Sandwich,1,18.0,5.5,12.5
JUL26-04774,Delivery / Takeaway,F03,Club Sandwich,1,18.0,5.5,12.5
JUL26-04781,Delivery / Takeaway,F03,Club Sandwich,1,18.0,5.5,12.5
JUL26-04788,Delivery / Takeaway,F03,Club Sandwich,1,18.0,5.5,12.5
JUL26-04795,Delivery / Takeaway,F03,Club Sandwich,1,18.0,5.5,12.5
JUL26-04802,Delivery / Takeaway,F03,Club Sandwich,1,18.0,5.5,12.5
JUL26-04809,Delivery / Takeaway,F03,Club Sandwich,1,18.0,5.5,12.5
JUL26-04816,Delivery / Takeaway,F03,Club Sandwich,1,18.0,5.5,12.5
JUL26-04823,Delivery / Takeaway,F03,Club Sandwich,1,18.0,5.5,12.5
JUL26-04830,Delivery / Takeaway,F03,Club Sandwich,1,18.0,5.5,12.5
JUL26-04837,Delivery / Takeaway,F03,Club Sandwich,1,18.0,5.5,12.5
JUL26-04844,Delivery / Takeaway,F03,Club Sandwich,1,18.0,5.5,12.5
JUL26-04851,Delivery / Takeaway,F03,Club Sandwich,1,18.0,5.5,12.5
JUL26-04858,Delivery / Takeaway,F03,Club Sandwich,1,18.0,5.5,12.5
JUL26-04865,Delivery / Takeaway,F03,Club Sandwich,1,18.0,5.5,12.5
JUL26-04872,Delivery / Takeaway,F03,Club Sandwich,1,18.0,5.5,12.5
JUL26-04879,Delivery / Takeaway,F03,Club Sandwich,1,18.0,5.5,12.5
JUL26-04886,Delivery / Takeaway,F03,Club Sandwich,1,18.0,5.5,12.5
JUL26-04893,Delivery / Takeaway,F03,Club Sandwich,1,18.0,5.5,12.5
JUL26-04900,Delivery / Takeaway,F03,Club Sandwich,1,18.0,5.5,12.5
JUL26-04907,Delivery / Takeaway,F03,Club Sandwich,1,18.0,5.5,12.5
JUL26-04914,Delivery / Takeaway,F03,Club Sandwich,1,18.0,5.5,12.5
JUL26-04921,Delivery / Takeaway,F03,Club Sandwich,1,18.0,5.5,12.5
JUL26-04928,Delivery / Takeaway,F03,Club Sandwich,1,18.0,5.5,12.5
JUL26-04935,Delivery / Takeaway,F03,Club Sandwich,1,18.0,5.5,12.5
JUL26-04942,Delivery / Takeaway,F03,Club Sandwich,1,18.0,5.5,12.5
JUL26-04949,Delivery / Takeaway,F03,Club Sandwich,1,18.0,5.5,12.5
JUL26-04956,Delivery / Takeaway,F03,Club Sandwich,1,18.0,5.5,12.5
JUL26-04963,Delivery / Takeaway,F03,Club Sandwich,1,18.0,5.5,12.5
JUL26-04970,Delivery / Takeaway,F03,Club Sandwich,1,18.0,5.5,12.5
JUL26-04977,Delivery / Takeaway,F03,Club Sandwich,1,18.0,5.5,12.5
JUL26-04984,Delivery / Takeaway,F03,Club Sandwich,1,18.0,5.5,12.5
JUL26-04991,Delivery / Takeaway,F03,Club Sandwich,1,18.0,5.5,12.5
JUL26-04998,Delivery / Takeaway,F03,Club Sandwich,1,18.0,5.5,12.5
JUL26-05005,Delivery / Takeaway,F03,Club Sandwich,1,18.0,5.5,12.5
JUL26-05012,Delivery / Takeaway,F03,Club Sandwich,1,18.0,5.5,12.5
JUL26-05019,Delivery / Takeaway,F03,Club Sandwich,1,18.0,5.5,12.5
JUL26-05026,Delivery / Takeaway,F03,Club Sandwich,1,18.0,5.5,12.5
JUL26-05033,Delivery / Takeaway,F03,Club Sandwich,1,18.0,5.5,12.5
JUL26-05040,Delivery / Takeaway,F03,Club Sandwich,1,18.0,5.5,12.5
JUL26-05047,Delivery / Takeaway,F03,Club Sandwich,1,18.0,5.5,12.5
JUL26-05054,Delivery / Takeaway,F03,Club Sandwich,1,18.0,5.5,12.5
JUL26-05061,Delivery / Takeaway,F03,Club Sandwich,1,18.0,5.5,12.5
JUL26-05068,Delivery / Takeaway,F03,Club Sandwich,1,18.0,5.5,12.5
JUL26-05075,Delivery / Takeaway,F03,Club Sandwich,1,18.0,5.5,12.5
JUL26-05082,Delivery / Takeaway,F03,Club Sandwich,1,18.0,5.5,12.5
JUL26-05089,Delivery / Takeaway,F03,Club Sandwich,1,18.0,5.5,12.5
JUL26-05096,Delivery / Takeaway,F03,Club Sandwich,1,18.0,5.5,12.5
JUL26-05103,Delivery / Takeaway,F03,Club Sandwich,1,18.0,5.5,12.5
JUL26-05110,Delivery / Takeaway,F03,Club Sandwich,1,18.0,5.5,12.5
JUL26-05117,Delivery / Takeaway,F03,Club Sandwich,1,18.0,5.5,12.5
JUL26-05124,Delivery / Takeaway,F03,Club Sandwich,1,18.0,5.5,12.5
JUL26-05131,Delivery / Takeaway,F03,Club Sandwich,1,18.0,5.5,12.5
JUL26-05138,Delivery / Takeaway,F03,Club Sandwich,1,18.0,5.5,12.5
JUL26-05145,Delivery / Takeaway,F03,Club Sandwich,1,18.0,5.5,12.5
JUL26-05152,Delivery / Takeaway,F03,Club Sandwich,1,18.0,5.5,12.5
JUL26-05159,Delivery / Takeaway,F03,Club Sandwich,1,18.0,5.5,12.5
JUL26-05166,Delivery / Takeaway,F03,Club Sandwich,1,18.0,5.5,12.5
JUL26-05173,Delivery / Takeaway,F03,Club Sandwich,1,18.0,5.5,12.5
JUL26-05180,Delivery / Takeaway,F03,Club Sandwich,1,18.0,5.5,12.5
JUL26-05187,Delivery / Takeaway,F03,Club Sandwich,1,18.0,5.5,12.5
JUL26-05194,Delivery / Takeaway,F03,Club Sandwich,1,18.0,5.5,12.5
JUL26-05201,Delivery / Takeaway,F03,Club Sandwich,1,18.0,5.5,12.5
JUL26-05208,Delivery / Takeaway,F03,Club Sandwich,1,18.0,5.5,12.5
JUL26-05215,Delivery / Takeaway,F03,Club Sandwich,1,18.0,5.5,12.5
JUL26-05222,Delivery / Takeaway,F03,Club Sandwich,1,18.0,5.5,12.5
JUL26-05229,Delivery / Takeaway,F03,Club Sandwich,1,18.0,5.5,12.5
JUL26-05236,Delivery / Takeaway,F03,Club Sandwich,1,18.0,5.5,12.5
JUL26-05243,Delivery / Takeaway,F03,Club Sandwich,1,18.0,5.5,12.5
JUL26-05250,Delivery / Takeaway,F03,Club Sandwich,1,18.0,5.5,12.5
JUL26-05257,Delivery / Takeaway,F03,Club Sandwich,1,18.0,5.5,12.5
JUL26-05264,Delivery / Takeaway,F03,Club Sandwich,1,18.0,5.5,12.5
JUL26-05271,Delivery / Takeaway,F03,Club Sandwich,1,18.0,5.5,12.5
JUL26-05278,Delivery / Takeaway,F03,Club Sandwich,1,18.0,5.5,12.5
JUL26-05285,Delivery / Takeaway,F03,Club Sandwich,1,18.0,5.5,12.5
JUL26-05292,Delivery / Takeaway,F03,Club Sandwich,1,18.0,5.5,12.5
JUL26-05299,Delivery / Takeaway,F03,Club Sandwich,1,18.0,5.5,12.5
JUL26-05306,Delivery / Takeaway,F03,Club Sandwich,1,18.0,5.5,12.5
JUL26-05313,Delivery / Takeaway,F03,Club Sandwich,1,18.0,5.5,12.5
JUL26-05320,Delivery / Takeaway,F03,Club Sandwich,1,18.0,5.5,12.5
JUL26-05327,Private Event,F03,Club Sandwich,1,18.0,5.5,12.5
JUL26-05334,Private Event,F03,Club Sandwich,1,18.0,5.5,12.5
JUL26-05341,Private Event,F03,Club Sandwich,1,18.0,5.5,12.5
JUL26-05348,Private Event,F03,Club Sandwich,1,18.0,5.5,12.5
JUL26-05355,Private Event,F03,Club Sandwich,1,18.0,5.5,12.5
JUL26-05362,Private Event,F03,Club Sandwich,1,18.0,5.5,12.5
JUL26-05369,Private Event,F03,Club Sandwich,1,18.0,5.5,12.5
JUL26-05376,Private Event,F03,Club Sandwich,1,18.0,5.5,12.5
JUL26-05383,Private Event,F03,Club Sandwich,1,18.0,5.5,12.5
JUL26-05390,Private Event,F03,Club Sandwich,1,18.0,5.5,12.5
JUL26-05397,Private Event,F03,Club Sandwich,1,18.0,5.5,12.5
JUL26-05404,Private Event,F03,Club Sandwich,1,18.0,5.5,12.5
JUL26-05411,Private Event,F03,Club Sandwich,1,18.0,5.5,12.5
JUL26-05418,Private Event,F03,Club Sandwich,1,18.0,5.5,12.5
JUL26-05425,Private Event,F03,Club Sandwich,1,18.0,5.5,12.5
JUL26-05432,Private Event,F03,Club Sandwich,1,18.0,5.5,12.5
JUL26-05439,Private Event,F03,Club Sandwich,1,18.0,5.5,12.5
JUL26-05446,Private Event,F03,Club Sandwich,1,18.0,5.5,12.5
JUL26-05453,Private Event,F03,Club Sandwich,1,18.0,5.5,12.5
JUL26-05460,Private Event,F03,Club Sandwich,1,18.0,5.5,12.5
JUL26-05467,Private Event,F03,Club Sandwich,1,18.0,5.5,12.5
JUL26-05474,Private Event,F03,Club Sandwich,1,18.0,5.5,12.5
JUL26-05481,Private Event,F03,Club Sandwich,1,18.0,5.5,12.5
JUL26-05488,Private Event,F03,Club Sandwich,1,18.0,5.5,12.5
JUL26-05495,Private Event,F03,Club Sandwich,1,18.0,5.5,12.5
JUL26-05502,Private Event,F03,Club Sandwich,1,18.0,5.5,12.5
JUL26-05509,Private Event,F03,Club Sandwich,1,18.0,5.5,12.5
JUL26-05516,Private Event,F03,Club Sandwich,1,18.0,5.5,12.5
JUL26-05523,Private Event,F03,Club Sandwich,1,18.0,5.5,12.5
JUL26-05530,Private Event,F03,Club Sandwich,1,18.0,5.5,12.5
JUL26-05537,Private Event,F03,Club Sandwich,1,18.0,5.5,12.5
JUL26-05544,Private Event,F03,Club Sandwich,1,18.0,5.5,12.5
JUL26-05551,Private Event,F03,Club Sandwich,1,18.0,5.5,12.5
JUL26-05558,Private Event,F03,Club Sandwich,1,18.0,5.5,12.5
JUL26-05565,Corporate / Group,F03,Club Sandwich,1,18.0,5.5,12.5
JUL26-05572,Corporate / Group,F03,Club Sandwich,1,18.0,5.5,12.5
JUL26-05579,Corporate / Group,F03,Club Sandwich,1,18.0,5.5,12.5
JUL26-05586,Corporate / Group,F03,Club Sandwich,1,18.0,5.5,12.5
JUL26-05593,Corporate / Group,F03,Club Sandwich,1,18.0,5.5,12.5
JUL26-05600,Corporate / Group,F03,Club Sandwich,1,18.0,5.5,12.5
JUL26-05607,Corporate / Group,F03,Club Sandwich,1,18.0,5.5,12.5
JUL26-05614,Corporate / Group,F03,Club Sandwich,1,18.0,5.5,12.5
JUL26-05621,Corporate / Group,F03,Club Sandwich,1,18.0,5.5,12.5
JUL26-05628,Corporate / Group,F03,Club Sandwich,1,18.0,5.5,12.5
JUL26-05635,Corporate / Group,F03,Club Sandwich,1,18.0,5.5,12.5
JUL26-05642,Corporate / Group,F03,Club Sandwich,1,18.0,5.5,12.5
JUL26-05649,Corporate / Group,F03,Club Sandwich,1,18.0,5.5,12.5
JUL26-00006,Brunch,F03,Club Sandwich,1,18.0,5.5,12.5
JUL26-00013,Brunch,F03,Club Sandwich,1,18.0,5.5,12.5
JUL26-00020,Brunch,F03,Club Sandwich,1,18.0,5.5,12.5
JUL26-00027,Brunch,F03,Club Sandwich,1,18.0,5.5,12.5
JUL26-00034,Brunch,F03,Club Sandwich,1,18.0,5.5,12.5
JUL26-00041,Brunch,F03,Club Sandwich,1,18.0,5.5,12.5
JUL26-00048,Brunch,F03,Club Sandwich,1,18.0,5.5,12.5
JUL26-00055,Brunch,F03,Club Sandwich,1,18.0,5.5,12.5
JUL26-00062,Brunch,F03,Club Sandwich,1,18.0,5.5,12.5
JUL26-00069,Brunch,F03,Club Sandwich,1,18.0,5.5,12.5
JUL26-00076,Brunch,F03,Club Sandwich,1,18.0,5.5,12.5
JUL26-00083,Brunch,F03,Club Sandwich,1,18.0,5.5,12.5
JUL26-00090,Brunch,F03,Club Sandwich,1,18.0,5.5,12.5
JUL26-00097,Brunch,F03,Club Sandwich,1,18.0,5.5,12.5
JUL26-00104,Brunch,F03,Club Sandwich,1,18.0,5.5,12.5
JUL26-00111,Brunch,F03,Club Sandwich,1,18.0,5.5,12.5
JUL26-00118,Brunch,F03,Club Sandwich,1,18.0,5.5,12.5
JUL26-00125,Brunch,F03,Club Sandwich,1,18.0,5.5,12.5
JUL26-00132,Brunch,F03,Club Sandwich,1,18.0,5.5,12.5
JUL26-00139,Brunch,F03,Club Sandwich,1,18.0,5.5,12.5
JUL26-00146,Brunch,F03,Club Sandwich,1,18.0,5.5,12.5
JUL26-00153,Brunch,F03,Club Sandwich,1,18.0,5.5,12.5
JUL26-00160,Brunch,F03,Club Sandwich,1,18.0,5.5,12.5
JUL26-00167,Brunch,F03,Club Sandwich,1,18.0,5.5,12.5
JUL26-00174,Brunch,F03,Club Sandwich,1,18.0,5.5,12.5
JUL26-00181,Brunch,F03,Club Sandwich,1,18.0,5.5,12.5
JUL26-00188,Brunch,F03,Club Sandwich,1,18.0,5.5,12.5
JUL26-00195,Brunch,F03,Club Sandwich,1,18.0,5.5,12.5
JUL26-00202,Brunch,F03,Club Sandwich,1,18.0,5.5,12.5
JUL26-00209,Brunch,F03,Club Sandwich,1,18.0,5.5,12.5
JUL26-00216,Brunch,F03,Club Sandwich,1,18.0,5.5,12.5
JUL26-00223,Brunch,F03,Club Sandwich,1,18.0,5.5,12.5
JUL26-00230,Brunch,F03,Club Sandwich,1,18.0,5.5,12.5
JUL26-00237,Brunch,F03,Club Sandwich,1,18.0,5.5,12.5
JUL26-00244,Brunch,F03,Club Sandwich,1,18.0,5.5,12.5
JUL26-00251,Brunch,F03,Club Sandwich,1,18.0,5.5,12.5
JUL26-00258,Brunch,F03,Club Sandwich,1,18.0,5.5,12.5
JUL26-00265,Brunch,F03,Club Sandwich,1,18.0,5.5,12.5
JUL26-00272,Brunch,F03,Club Sandwich,1,18.0,5.5,12.5
JUL26-00279,Brunch,F03,Club Sandwich,1,18.0,5.5,12.5
JUL26-00286,Brunch,F03,Club Sandwich,1,18.0,5.5,12.5
JUL26-00293,Brunch,F03,Club Sandwich,1,18.0,5.5,12.5
JUL26-00300,Brunch,F03,Club Sandwich,1,18.0,5.5,12.5
JUL26-00307,Brunch,F03,Club Sandwich,1,18.0,5.5,12.5
JUL26-00314,Brunch,F03,Club Sandwich,1,18.0,5.5,12.5
JUL26-00321,Brunch,F03,Club Sandwich,1,18.0,5.5,12.5
JUL26-00328,Brunch,F03,Club Sandwich,1,18.0,5.5,12.5
JUL26-00335,Brunch,F03,Club Sandwich,1,18.0,5.5,12.5
JUL26-00342,Brunch,F03,Club Sandwich,1,18.0,5.5,12.5
JUL26-00349,Brunch,F03,Club Sandwich,1,18.0,5.5,12.5
JUL26-00356,Brunch,F03,Club Sandwich,1,18.0,5.5,12.5
JUL26-00363,Brunch,F03,Club Sandwich,1,18.0,5.5,12.5
JUL26-00370,Brunch,F03,Club Sandwich,1,18.0,5.5,12.5
JUL26-00377,Brunch,F03,Club Sandwich,1,18.0,5.5,12.5
JUL26-00384,Brunch,F03,Club Sandwich,1,18.0,5.5,12.5
JUL26-00391,Brunch,F03,Club Sandwich,1,18.0,5.5,12.5
JUL26-00398,Brunch,F03,Club Sandwich,1,18.0,5.5,12.5
JUL26-00405,Brunch,F03,Club Sandwich,1,18.0,5.5,12.5
JUL26-00412,Brunch,F03,Club Sandwich,1,18.0,5.5,12.5
JUL26-00419,Brunch,F03,Club Sandwich,1,18.0,5.5,12.5
JUL26-00426,Brunch,F03,Club Sandwich,1,18.0,5.5,12.5
JUL26-00433,Brunch,F03,Club Sandwich,1,18.0,5.5,12.5
JUL26-00440,Brunch,F03,Club Sandwich,1,18.0,5.5,12.5
JUL26-00447,Brunch,F03,Club Sandwich,1,18.0,5.5,12.5
JUL26-00454,Brunch,F03,Club Sandwich,1,18.0,5.5,12.5
JUL26-00461,Brunch,F03,Club Sandwich,1,18.0,5.5,12.5
JUL26-00468,Brunch,F03,Club Sandwich,1,18.0,5.5,12.5
JUL26-00475,Brunch,F03,Club Sandwich,1,18.0,5.5,12.5
JUL26-00482,Brunch,F03,Club Sandwich,1,18.0,5.5,12.5
JUL26-00489,Brunch,F03,Club Sandwich,1,18.0,5.5,12.5
JUL26-00496,Brunch,F03,Club Sandwich,1,18.0,5.5,12.5
JUL26-00503,Brunch,F03,Club Sandwich,1,18.0,5.5,12.5
JUL26-00510,Brunch,F03,Club Sandwich,1,18.0,5.5,12.5
JUL26-00517,Brunch,F03,Club Sandwich,1,18.0,5.5,12.5
JUL26-00524,Brunch,F03,Club Sandwich,1,18.0,5.5,12.5
JUL26-00531,Brunch,F03,Club Sandwich,1,18.0,5.5,12.5
JUL26-00538,Brunch,F03,Club Sandwich,1,18.0,5.5,12.5
JUL26-00545,Brunch,F03,Club Sandwich,1,18.0,5.5,12.5
JUL26-00552,Brunch,F03,Club Sandwich,1,18.0,5.5,12.5
JUL26-00559,Brunch,F03,Club Sandwich,1,18.0,5.5,12.5
JUL26-00566,Brunch,F03,Club Sandwich,1,18.0,5.5,12.5
JUL26-00573,Brunch,F03,Club Sandwich,1,18.0,5.5,12.5
JUL26-00580,Brunch,F03,Club Sandwich,1,18.0,5.5,12.5
JUL26-00587,Brunch,F03,Club Sandwich,1,18.0,5.5,12.5
JUL26-00594,Brunch,F03,Club Sandwich,1,18.0,5.5,12.5
JUL26-00601,Brunch,F03,Club Sandwich,1,18.0,5.5,12.5
JUL26-00608,Brunch,F03,Club Sandwich,1,18.0,5.5,12.5
JUL26-00615,Brunch,F03,Club Sandwich,1,18.0,5.5,12.5
JUL26-00622,Brunch,F03,Club Sandwich,1,18.0,5.5,12.5
JUL26-00629,Brunch,F03,Club Sandwich,1,18.0,5.5,12.5
JUL26-00636,Brunch,F03,Club Sandwich,1,18.0,5.5,12.5
JUL26-00643,Brunch,F03,Club Sandwich,1,18.0,5.5,12.5
JUL26-00650,Brunch,F03,Club Sandwich,1,18.0,5.5,12.5
JUL26-00657,Brunch,F03,Club Sandwich,1,18.0,5.5,12.5
JUL26-00664,Brunch,F03,Club Sandwich,1,18.0,5.5,12.5
JUL26-00671,Brunch,F03,Club Sandwich,1,18.0,5.5,12.5
JUL26-00678,Brunch,F03,Club Sandwich,1,18.0,5.5,12.5
JUL26-00685,Brunch,F03,Club Sandwich,1,18.0,5.5,12.5
JUL26-00692,Brunch,F03,Club Sandwich,1,18.0,5.5,12.5
JUL26-00699,Brunch,F03,Club Sandwich,1,18.0,5.5,12.5
JUL26-00706,Lunch,F03,Club Sandwich,1,18.0,5.5,12.5
JUL26-00713,Lunch,F03,Club Sandwich,1,18.0,5.5,12.5
JUL26-00720,Lunch,F03,Club Sandwich,1,18.0,5.5,12.5
JUL26-00727,Lunch,F03,Club Sandwich,1,18.0,5.5,12.5
JUL26-00734,Lunch,F03,Club Sandwich,1,18.0,5.5,12.5
JUL26-00741,Lunch,F03,Club Sandwich,1,18.0,5.5,12.5
JUL26-00748,Lunch,F03,Club Sandwich,1,18.0,5.5,12.5
JUL26-00755,Lunch,F03,Club Sandwich,1,18.0,5.5,12.5
JUL26-00762,Lunch,F03,Club Sandwich,1,18.0,5.5,12.5
JUL26-00769,Lunch,F03,Club Sandwich,1,18.0,5.5,12.5
JUL26-00776,Lunch,F03,Club Sandwich,1,18.0,5.5,12.5
JUL26-00783,Lunch,F03,Club Sandwich,1,18.0,5.5,12.5
JUL26-00790,Lunch,F03,Club Sandwich,1,18.0,5.5,12.5
JUL26-00797,Lunch,F03,Club Sandwich,1,18.0,5.5,12.5
JUL26-00804,Lunch,F03,Club Sandwich,1,18.0,5.5,12.5
JUL26-00811,Lunch,F03,Club Sandwich,1,18.0,5.5,12.5
JUL26-00818,Lunch,F03,Club Sandwich,1,18.0,5.5,12.5
JUL26-00825,Lunch,F03,Club Sandwich,1,18.0,5.5,12.5
JUL26-00832,Lunch,F03,Club Sandwich,1,18.0,5.5,12.5
JUL26-00839,Lunch,F03,Club Sandwich,1,18.0,5.5,12.5
JUL26-00846,Lunch,F03,Club Sandwich,1,18.0,5.5,12.5
JUL26-00853,Lunch,F03,Club Sandwich,1,18.0,5.5,12.5
JUL26-00860,Lunch,F03,Club Sandwich,1,18.0,5.5,12.5
JUL26-00867,Lunch,F03,Club Sandwich,1,18.0,5.5,12.5
JUL26-00874,Lunch,F03,Club Sandwich,1,18.0,5.5,12.5
JUL26-00881,Lunch,F03,Club Sandwich,1,18.0,5.5,12.5
JUL26-00888,Lunch,F03,Club Sandwich,1,18.0,5.5,12.5
JUL26-00895,Lunch,F03,Club Sandwich,1,18.0,5.5,12.5
JUL26-00902,Lunch,F03,Club Sandwich,1,18.0,5.5,12.5
JUL26-00909,Lunch,F03,Club Sandwich,1,18.0,5.5,12.5
JUL26-00916,Lunch,F03,Club Sandwich,1,18.0,5.5,12.5
JUL26-00923,Lunch,F03,Club Sandwich,1,18.0,5.5,12.5
JUL26-00930,Lunch,F03,Club Sandwich,1,18.0,5.5,12.5
JUL26-00937,Lunch,F03,Club Sandwich,1,18.0,5.5,12.5
JUL26-00944,Lunch,F03,Club Sandwich,1,18.0,5.5,12.5
JUL26-00951,Lunch,F03,Club Sandwich,1,18.0,5.5,12.5
JUL26-00958,Lunch,F03,Club Sandwich,1,18.0,5.5,12.5
JUL26-00965,Lunch,F03,Club Sandwich,1,18.0,5.5,12.5
JUL26-00972,Lunch,F03,Club Sandwich,1,18.0,5.5,12.5
JUL26-00979,Lunch,F03,Club Sandwich,1,18.0,5.5,12.5
JUL26-00986,Lunch,F03,Club Sandwich,1,18.0,5.5,12.5
JUL26-00993,Lunch,F03,Club Sandwich,1,18.0,5.5,12.5
JUL26-01000,Lunch,F03,Club Sandwich,1,18.0,5.5,12.5
JUL26-01007,Lunch,F03,Club Sandwich,1,18.0,5.5,12.5
JUL26-01014,Lunch,F03,Club Sandwich,1,18.0,5.5,12.5
JUL26-01021,Lunch,F03,Club Sandwich,1,18.0,5.5,12.5
JUL26-01028,Lunch,F03,Club Sandwich,1,18.0,5.5,12.5
JUL26-01035,Lunch,F03,Club Sandwich,1,18.0,5.5,12.5
JUL26-01042,Lunch,F03,Club Sandwich,1,18.0,5.5,12.5
JUL26-01049,Lunch,F03,Club Sandwich,1,18.0,5.5,12.5
JUL26-01056,Lunch,F03,Club Sandwich,1,18.0,5.5,12.5
JUL26-01063,Lunch,F03,Club Sandwich,1,18.0,5.5,12.5
JUL26-01070,Lunch,F03,Club Sandwich,1,18.0,5.5,12.5
JUL26-01077,Lunch,F03,Club Sandwich,1,18.0,5.5,12.5
JUL26-01084,Lunch,F03,Club Sandwich,1,18.0,5.5,12.5
JUL26-01091,Lunch,F03,Club Sandwich,1,18.0,5.5,12.5
JUL26-01098,Lunch,F03,Club Sandwich,1,18.0,5.5,12.5
JUL26-01105,Lunch,F03,Club Sandwich,1,18.0,5.5,12.5
JUL26-01112,Lunch,F03,Club Sandwich,1,18.0,5.5,12.5
JUL26-01119,Lunch,F03,Club Sandwich,1,18.0,5.5,12.5
JUL26-01126,Lunch,F03,Club Sandwich,1,18.0,5.5,12.5
JUL26-01133,Lunch,F03,Club Sandwich,1,18.0,5.5,12.5
JUL26-01140,Lunch,F03,Club Sandwich,1,18.0,5.5,12.5
JUL26-01147,Lunch,F03,Club Sandwich,1,18.0,5.5,12.5
JUL26-01154,Lunch,F03,Club Sandwich,1,18.0,5.5,12.5
JUL26-01161,Lunch,F03,Club Sandwich,1,18.0,5.5,12.5
JUL26-01168,Lunch,F03,Club Sandwich,1,18.0,5.5,12.5
JUL26-01175,Lunch,F03,Club Sandwich,1,18.0,5.5,12.5
JUL26-01182,Lunch,F03,Club Sandwich,1,18.0,5.5,12.5
JUL26-01189,Lunch,F03,Club Sandwich,1,18.0,5.5,12.5
JUL26-01196,Lunch,F03,Club Sandwich,1,18.0,5.5,12.5
JUL26-01203,Lunch,F03,Club Sandwich,1,18.0,5.5,12.5
JUL26-01210,Lunch,F03,Club Sandwich,1,18.0,5.5,12.5
JUL26-01217,Lunch,F03,Club Sandwich,1,18.0,5.5,12.5
JUL26-01224,Lunch,F03,Club Sandwich,1,18.0,5.5,12.5
JUL26-01231,Lunch,F03,Club Sandwich,1,18.0,5.5,12.5
JUL26-01238,Lunch,F03,Club Sandwich,1,18.0,5.5,12.5
JUL26-01245,Lunch,F03,Club Sandwich,1,18.0,5.5,12.5
JUL26-01252,Lunch,F03,Club Sandwich,1,18.0,5.5,12.5
JUL26-01259,Lunch,F03,Club Sandwich,1,18.0,5.5,12.5
JUL26-01266,Lunch,F03,Club Sandwich,1,18.0,5.5,12.5
JUL26-01273,Lunch,F03,Club Sandwich,1,18.0,5.5,12.5
JUL26-01280,Lunch,F03,Club Sandwich,1,18.0,5.5,12.5
JUL26-01287,Lunch,F03,Club Sandwich,1,18.0,5.5,12.5
JUL26-01294,Lunch,F03,Club Sandwich,1,18.0,5.5,12.5
JUL26-01301,Lunch,F03,Club Sandwich,1,18.0,5.5,12.5
JUL26-01308,Lunch,F03,Club Sandwich,1,18.0,5.5,12.5
JUL26-01315,Lunch,F03,Club Sandwich,1,18.0,5.5,12.5
JUL26-01322,Lunch,F03,Club Sandwich,1,18.0,5.5,12.5
JUL26-01329,Lunch,F03,Club Sandwich,1,18.0,5.5,12.5
JUL26-01336,Lunch,F03,Club Sandwich,1,18.0,5.5,12.5
JUL26-01343,Lunch,F03,Club Sandwich,1,18.0,5.5,12.5
JUL26-01350,Lunch,F03,Club Sandwich,1,18.0,5.5,12.5
JUL26-01357,Lunch,F03,Club Sandwich,1,18.0,5.5,12.5
JUL26-01364,Lunch,F03,Club Sandwich,1,18.0,5.5,12.5
JUL26-01371,Lunch,F03,Club Sandwich,1,18.0,5.5,12.5
JUL26-01378,Lunch,F03,Club Sandwich,1,18.0,5.5,12.5
JUL26-01385,Lunch,F03,Club Sandwich,1,18.0,5.5,12.5
JUL26-01392,Lunch,F03,Club Sandwich,1,18.0,5.5,12.5
JUL26-01399,Lunch,F03,Club Sandwich,1,18.0,5.5,12.5
JUL26-01406,Lunch,F03,Club Sandwich,1,18.0,5.5,12.5
JUL26-01413,Lunch,F03,Club Sandwich,1,18.0,5.5,12.5
JUL26-01420,Lunch,F03,Club Sandwich,1,18.0,5.5,12.5
JUL26-01427,Lunch,F03,Club Sandwich,1,18.0,5.5,12.5
JUL26-01434,Lunch,F03,Club Sandwich,1,18.0,5.5,12.5
JUL26-01441,Lunch,F03,Club Sandwich,1,18.0,5.5,12.5
JUL26-01448,Lunch,F03,Club Sandwich,1,18.0,5.5,12.5
JUL26-01455,Lunch,F03,Club Sandwich,1,18.0,5.5,12.5
JUL26-01462,Lunch,F03,Club Sandwich,1,18.0,5.5,12.5
JUL26-01469,Lunch,F03,Club Sandwich,1,18.0,5.5,12.5
JUL26-01476,Lunch,F03,Club Sandwich,1,18.0,5.5,12.5
JUL26-01483,Lunch,F03,Club Sandwich,1,18.0,5.5,12.5
JUL26-01490,Lunch,F03,Club Sandwich,1,18.0,5.5,12.5
JUL26-01497,Lunch,F03,Club Sandwich,1,18.0,5.5,12.5
JUL26-01504,Lunch,F03,Club Sandwich,1,18.0,5.5,12.5
JUL26-01511,Lunch,F03,Club Sandwich,1,18.0,5.5,12.5
JUL26-01518,Lunch,F03,Club Sandwich,1,18.0,5.5,12.5
JUL26-01525,Lunch,F03,Club Sandwich,1,18.0,5.5,12.5
JUL26-01532,Lunch,F03,Club Sandwich,1,18.0,5.5,12.5
JUL26-01539,Lunch,F03,Club Sandwich,1,18.0,5.5,12.5
JUL26-01546,Lunch,F03,Club Sandwich,1,18.0,5.5,12.5
JUL26-01553,Lunch,F03,Club Sandwich,1,18.0,5.5,12.5
JUL26-01560,Lunch,F03,Club Sandwich,1,18.0,5.5,12.5
JUL26-01567,Lunch,F03,Club Sandwich,1,18.0,5.5,12.5
JUL26-01574,Lunch,F03,Club Sandwich,1,18.0,5.5,12.5
JUL26-01581,Lunch,F03,Club Sandwich,1,18.0,5.5,12.5
JUL26-01588,Lunch,F03,Club Sandwich,1,18.0,5.5,12.5
JUL26-01595,Lunch,F03,Club Sandwich,1,18.0,5.5,12.5
JUL26-01602,Lunch,F03,Club Sandwich,1,18.0,5.5,12.5
JUL26-01609,Lunch,F03,Club Sandwich,1,18.0,5.5,12.5
JUL26-01616,Lunch,F03,Club Sandwich,1,18.0,5.5,12.5
JUL26-01623,Lunch,F03,Club Sandwich,1,18.0,5.5,12.5
JUL26-01630,Lunch,F03,Club Sandwich,1,18.0,5.5,12.5
JUL26-01637,Lunch,F03,Club Sandwich,1,18.0,5.5,12.5
JUL26-01644,Lunch,F03,Club Sandwich,1,18.0,5.5,12.5
JUL26-01651,Lunch,F03,Club Sandwich,1,18.0,5.5,12.5
JUL26-01658,Lunch,F03,Club Sandwich,1,18.0,5.5,12.5
JUL26-01665,Lunch,F03,Club Sandwich,1,18.0,5.5,12.5
JUL26-01672,Lunch,F03,Club Sandwich,1,18.0,5.5,12.5
JUL26-01679,Lunch,F03,Club Sandwich,1,18.0,5.5,12.5
JUL26-01686,Lunch,F03,Club Sandwich,1,18.0,5.5,12.5
JUL26-01693,Lunch,F03,Club Sandwich,1,18.0,5.5,12.5
JUL26-01700,Lunch,F03,Club Sandwich,1,18.0,5.5,12.5
JUL26-01707,Lunch,F03,Club Sandwich,1,18.0,5.5,12.5
JUL26-01714,Lunch,F03,Club Sandwich,1,18.0,5.5,12.5
JUL26-01721,Lunch,F03,Club Sandwich,1,18.0,5.5,12.5
JUL26-01728,Lunch,F03,Club Sandwich,1,18.0,5.5,12.5
JUL26-01735,Lunch,F03,Club Sandwich,1,18.0,5.5,12.5
JUL26-01742,Lunch,F03,Club Sandwich,1,18.0,5.5,12.5
JUL26-01749,Lunch,F03,Club Sandwich,1,18.0,5.5,12.5
JUL26-01756,Lunch,F03,Club Sandwich,1,18.0,5.5,12.5
JUL26-01763,Lunch,F03,Club Sandwich,1,18.0,5.5,12.5
JUL26-01770,Lunch,F03,Club Sandwich,1,18.0,5.5,12.5
JUL26-01777,Lunch,F03,Club Sandwich,1,18.0,5.5,12.5
JUL26-01784,Lunch,F03,Club Sandwich,1,18.0,5.5,12.5
JUL26-01791,Lunch,F03,Club Sandwich,1,18.0,5.5,12.5
JUL26-01798,Lunch,F03,Club Sandwich,1,18.0,5.5,12.5
JUL26-01805,Lunch,F03,Club Sandwich,1,18.0,5.5,12.5
JUL26-01812,Lunch,F03,Club Sandwich,1,18.0,5.5,12.5
JUL26-01819,Lunch,F03,Club Sandwich,1,18.0,5.5,12.5
JUL26-01826,Lunch,F03,Club Sandwich,1,18.0,5.5,12.5
JUL26-01833,Lunch,F03,Club Sandwich,1,18.0,5.5,12.5
JUL26-01840,Lunch,F03,Club Sandwich,1,18.0,5.5,12.5
JUL26-01847,Lunch,F03,Club Sandwich,1,18.0,5.5,12.5
JUL26-01854,Lunch,F03,Club Sandwich,1,18.0,5.5,12.5
JUL26-01861,Lunch,F03,Club Sandwich,1,18.0,5.5,12.5
JUL26-01868,Lunch,F03,Club Sandwich,1,18.0,5.5,12.5
JUL26-01875,Lunch,F03,Club Sandwich,1,18.0,5.5,12.5
JUL26-01882,Lunch,F03,Club Sandwich,1,18.0,5.5,12.5
JUL26-01889,Lunch,F03,Club Sandwich,1,18.0,5.5,12.5
JUL26-01896,Lunch,F03,Club Sandwich,1,18.0,5.5,12.5
JUL26-01903,Lunch,F03,Club Sandwich,1,18.0,5.5,12.5
JUL26-01910,Lunch,F03,Club Sandwich,1,18.0,5.5,12.5
JUL26-01917,Lunch,F03,Club Sandwich,1,18.0,5.5,12.5
JUL26-01924,Lunch,F03,Club Sandwich,1,18.0,5.5,12.5
JUL26-01931,Lunch,F03,Club Sandwich,1,18.0,5.5,12.5
JUL26-01938,Lunch,F03,Club Sandwich,1,18.0,5.5,12.5
JUL26-01945,Lunch,F03,Club Sandwich,1,18.0,5.5,12.5
JUL26-01952,Lunch,F03,Club Sandwich,1,18.0,5.5,12.5
JUL26-01959,Lunch,F03,Club Sandwich,1,18.0,5.5,12.5
JUL26-01966,Lunch,F03,Club Sandwich,1,18.0,5.5,12.5
JUL26-01973,Lunch,F03,Club Sandwich,1,18.0,5.5,12.5
JUL26-01980,Lunch,F03,Club Sandwich,1,18.0,5.5,12.5
JUL26-01987,Lunch,F03,Club Sandwich,1,18.0,5.5,12.5
JUL26-01994,Lunch,F03,Club Sandwich,1,18.0,5.5,12.5
JUL26-02001,Lunch,F03,Club Sandwich,1,18.0,5.5,12.5
JUL26-02008,Lunch,F03,Club Sandwich,1,18.0,5.5,12.5
JUL26-02015,Lunch,F03,Club Sandwich,1,18.0,5.5,12.5
JUL26-02022,Lunch,F03,Club Sandwich,1,18.0,5.5,12.5
JUL26-02029,Lunch,F03,Club Sandwich,1,18.0,5.5,12.5
JUL26-02036,Lunch,F03,Club Sandwich,1,18.0,5.5,12.5
JUL26-02043,Lunch,F03,Club Sandwich,1,18.0,5.5,12.5
JUL26-02050,Lunch,F03,Club Sandwich,1,18.0,5.5,12.5
JUL26-02057,Lunch,F03,Club Sandwich,1,18.0,5.5,12.5
JUL26-02064,Lunch,F03,Club Sandwich,1,18.0,5.5,12.5
JUL26-02071,Lunch,F03,Club Sandwich,1,18.0,5.5,12.5
JUL26-02078,Lunch,F03,Club Sandwich,1,18.0,5.5,12.5
JUL26-02085,Lunch,F03,Club Sandwich,1,18.0,5.5,12.5
JUL26-02092,Lunch,F03,Club Sandwich,1,18.0,5.5,12.5
JUL26-02099,Lunch,F03,Club Sandwich,1,18.0,5.5,12.5
JUL26-02106,Lunch,F03,Club Sandwich,1,18.0,5.5,12.5
JUL26-02113,Lunch,F03,Club Sandwich,1,18.0,5.5,12.5
JUL26-02120,Lunch,F03,Club Sandwich,1,18.0,5.5,12.5
JUL26-02127,Lunch,F03,Club Sandwich,1,18.0,5.5,12.5
JUL26-02134,Lunch,F03,Club Sandwich,1,18.0,5.5,12.5
JUL26-02141,Lunch,F03,Club Sandwich,1,18.0,5.5,12.5
JUL26-02148,Lunch,F03,Club Sandwich,1,18.0,5.5,12.5
JUL26-02155,Lunch,F03,Club Sandwich,1,18.0,5.5,12.5
JUL26-02162,Lunch,F03,Club Sandwich,1,18.0,5.5,12.5
JUL26-02169,Lunch,F03,Club Sandwich,1,18.0,5.5,12.5
JUL26-02176,Lunch,F03,Club Sandwich,1,18.0,5.5,12.5
JUL26-02183,Dinner,F03,Club Sandwich,1,18.0,5.5,12.5
JUL26-02190,Dinner,F03,Club Sandwich,1,18.0,5.5,12.5
JUL26-02197,Dinner,F03,Club Sandwich,1,18.0,5.5,12.5
JUL26-02204,Dinner,F03,Club Sandwich,1,18.0,5.5,12.5
JUL26-02211,Dinner,F03,Club Sandwich,1,18.0,5.5,12.5
JUL26-02218,Dinner,F03,Club Sandwich,1,18.0,5.5,12.5
JUL26-02225,Dinner,F03,Club Sandwich,1,18.0,5.5,12.5
JUL26-02232,Dinner,F03,Club Sandwich,1,18.0,5.5,12.5
JUL26-02239,Dinner,F03,Club Sandwich,1,18.0,5.5,12.5
JUL26-02246,Dinner,F03,Club Sandwich,1,18.0,5.5,12.5
JUL26-02253,Dinner,F03,Club Sandwich,1,18.0,5.5,12.5
JUL26-02260,Dinner,F03,Club Sandwich,1,18.0,5.5,12.5
JUL26-02267,Dinner,F03,Club Sandwich,1,18.0,5.5,12.5
JUL26-02274,Dinner,F03,Club Sandwich,1,18.0,5.5,12.5
JUL26-02281,Dinner,F03,Club Sandwich,1,18.0,5.5,12.5
JUL26-02288,Dinner,F03,Club Sandwich,1,18.0,5.5,12.5
JUL26-02295,Dinner,F03,Club Sandwich,1,18.0,5.5,12.5
JUL26-02302,Dinner,F03,Club Sandwich,1,18.0,5.5,12.5
JUL26-02309,Dinner,F03,Club Sandwich,1,18.0,5.5,12.5
JUL26-02316,Dinner,F03,Club Sandwich,1,18.0,5.5,12.5
JUL26-02323,Dinner,F03,Club Sandwich,1,18.0,5.5,12.5
JUL26-02330,Dinner,F03,Club Sandwich,1,18.0,5.5,12.5
JUL26-02337,Dinner,F03,Club Sandwich,1,18.0,5.5,12.5
JUL26-02344,Dinner,F03,Club Sandwich,1,18.0,5.5,12.5
JUL26-02351,Dinner,F03,Club Sandwich,1,18.0,5.5,12.5
JUL26-02358,Dinner,F03,Club Sandwich,1,18.0,5.5,12.5
JUL26-02365,Dinner,F03,Club Sandwich,1,18.0,5.5,12.5
JUL26-02372,Dinner,F03,Club Sandwich,1,18.0,5.5,12.5
JUL26-02379,Dinner,F03,Club Sandwich,1,18.0,5.5,12.5
JUL26-02386,Dinner,F03,Club Sandwich,1,18.0,5.5,12.5
JUL26-02393,Dinner,F03,Club Sandwich,1,18.0,5.5,12.5
JUL26-02400,Dinner,F03,Club Sandwich,1,18.0,5.5,12.5
JUL26-02407,Dinner,F03,Club Sandwich,1,18.0,5.5,12.5
JUL26-02414,Dinner,F03,Club Sandwich,1,18.0,5.5,12.5
JUL26-02421,Dinner,F03,Club Sandwich,1,18.0,5.5,12.5
JUL26-02428,Dinner,F03,Club Sandwich,1,18.0,5.5,12.5
JUL26-02435,Dinner,F03,Club Sandwich,1,18.0,5.5,12.5
JUL26-02442,Dinner,F03,Club Sandwich,1,18.0,5.5,12.5
JUL26-02449,Dinner,F03,Club Sandwich,1,18.0,5.5,12.5
JUL26-02456,Dinner,F03,Club Sandwich,1,18.0,5.5,12.5
JUL26-02463,Dinner,F03,Club Sandwich,1,18.0,5.5,12.5
JUL26-02470,Dinner,F03,Club Sandwich,1,18.0,5.5,12.5
JUL26-02477,Dinner,F03,Club Sandwich,1,18.0,5.5,12.5
JUL26-02484,Dinner,F03,Club Sandwich,1,18.0,5.5,12.5
JUL26-02491,Dinner,F03,Club Sandwich,1,18.0,5.5,12.5
JUL26-02498,Dinner,F03,Club Sandwich,1,18.0,5.5,12.5
JUL26-02505,Dinner,F03,Club Sandwich,1,18.0,5.5,12.5
JUL26-02512,Dinner,F03,Club Sandwich,1,18.0,5.5,12.5
JUL26-02519,Dinner,F03,Club Sandwich,1,18.0,5.5,12.5
JUL26-02526,Dinner,F03,Club Sandwich,1,18.0,5.5,12.5
JUL26-02533,Dinner,F03,Club Sandwich,1,18.0,5.5,12.5
JUL26-02540,Dinner,F03,Club Sandwich,1,18.0,5.5,12.5
JUL26-02547,Dinner,F03,Club Sandwich,1,18.0,5.5,12.5
JUL26-02554,Dinner,F03,Club Sandwich,1,18.0,5.5,12.5
JUL26-02561,Dinner,F03,Club Sandwich,1,18.0,5.5,12.5
JUL26-02568,Dinner,F03,Club Sandwich,1,18.0,5.5,12.5
JUL26-02575,Dinner,F03,Club Sandwich,1,18.0,5.5,12.5
JUL26-02582,Dinner,F03,Club Sandwich,1,18.0,5.5,12.5
JUL26-02589,Dinner,F03,Club Sandwich,1,18.0,5.5,12.5
JUL26-02596,Dinner,F03,Club Sandwich,1,18.0,5.5,12.5
JUL26-02603,Dinner,F03,Club Sandwich,1,18.0,5.5,12.5
JUL26-02610,Dinner,F03,Club Sandwich,1,18.0,5.5,12.5
JUL26-02617,Dinner,F03,Club Sandwich,1,18.0,5.5,12.5
JUL26-02624,Dinner,F03,Club Sandwich,1,18.0,5.5,12.5
JUL26-02631,Dinner,F03,Club Sandwich,1,18.0,5.5,12.5
JUL26-02638,Dinner,F03,Club Sandwich,1,18.0,5.5,12.5
JUL26-02645,Dinner,F03,Club Sandwich,1,18.0,5.5,12.5
JUL26-02652,Dinner,F03,Club Sandwich,1,18.0,5.5,12.5
JUL26-02659,Dinner,F03,Club Sandwich,1,18.0,5.5,12.5
JUL26-02666,Dinner,F03,Club Sandwich,1,18.0,5.5,12.5
JUL26-02673,Dinner,F03,Club Sandwich,1,18.0,5.5,12.5
JUL26-02680,Dinner,F03,Club Sandwich,1,18.0,5.5,12.5
JUL26-02687,Dinner,F03,Club Sandwich,1,18.0,5.5,12.5
JUL26-02694,Dinner,F03,Club Sandwich,1,18.0,5.5,12.5
JUL26-02701,Dinner,F03,Club Sandwich,1,18.0,5.5,12.5
JUL26-02708,Dinner,F03,Club Sandwich,1,18.0,5.5,12.5
JUL26-02715,Dinner,F03,Club Sandwich,1,18.0,5.5,12.5
JUL26-02722,Dinner,F03,Club Sandwich,1,18.0,5.5,12.5
JUL26-02729,Dinner,F03,Club Sandwich,1,18.0,5.5,12.5
JUL26-02736,Dinner,F03,Club Sandwich,1,18.0,5.5,12.5
JUL26-02743,Dinner,F03,Club Sandwich,1,18.0,5.5,12.5
JUL26-02750,Dinner,F03,Club Sandwich,1,18.0,5.5,12.5
JUL26-02757,Dinner,F03,Club Sandwich,1,18.0,5.5,12.5
JUL26-02764,Dinner,F03,Club Sandwich,1,18.0,5.5,12.5
JUL26-02771,Dinner,F03,Club Sandwich,1,18.0,5.5,12.5
JUL26-02778,Dinner,F03,Club Sandwich,1,18.0,5.5,12.5
JUL26-02785,Dinner,F03,Club Sandwich,1,18.0,5.5,12.5
JUL26-02792,Dinner,F03,Club Sandwich,1,18.0,5.5,12.5
JUL26-02799,Dinner,F03,Club Sandwich,1,18.0,5.5,12.5
JUL26-02806,Dinner,F03,Club Sandwich,1,18.0,5.5,12.5
JUL26-02813,Dinner,F03,Club Sandwich,1,18.0,5.5,12.5
JUL26-02820,Dinner,F03,Club Sandwich,1,18.0,5.5,12.5
JUL26-02827,Dinner,F03,Club Sandwich,1,18.0,5.5,12.5
JUL26-02834,Dinner,F03,Club Sandwich,1,18.0,5.5,12.5
JUL26-02841,Dinner,F03,Club Sandwich,1,18.0,5.5,12.5
JUL26-02848,Dinner,F03,Club Sandwich,1,18.0,5.5,12.5
JUL26-02855,Dinner,F03,Club Sandwich,1,18.0,5.5,12.5
JUL26-02862,Dinner,F03,Club Sandwich,1,18.0,5.5,12.5
JUL26-02869,Dinner,F03,Club Sandwich,1,18.0,5.5,12.5
JUL26-02876,Dinner,F03,Club Sandwich,1,18.0,5.5,12.5
JUL26-02883,Dinner,F03,Club Sandwich,1,18.0,5.5,12.5
JUL26-02890,Dinner,F03,Club Sandwich,1,18.0,5.5,12.5
JUL26-02897,Dinner,F03,Club Sandwich,1,18.0,5.5,12.5
JUL26-02904,Dinner,F03,Club Sandwich,1,18.0,5.5,12.5
JUL26-02911,Dinner,F03,Club Sandwich,1,18.0,5.5,12.5
JUL26-02918,Dinner,F03,Club Sandwich,1,18.0,5.5,12.5
JUL26-02925,Dinner,F03,Club Sandwich,1,18.0,5.5,12.5
JUL26-02932,Dinner,F03,Club Sandwich,1,18.0,5.5,12.5
JUL26-02939,Dinner,F03,Club Sandwich,1,18.0,5.5,12.5
JUL26-02946,Dinner,F03,Club Sandwich,1,18.0,5.5,12.5
JUL26-02953,Dinner,F03,Club Sandwich,1,18.0,5.5,12.5
JUL26-02960,Dinner,F03,Club Sandwich,1,18.0,5.5,12.5
JUL26-02967,Dinner,F03,Club Sandwich,1,18.0,5.5,12.5
JUL26-02974,Dinner,F03,Club Sandwich,1,18.0,5.5,12.5
JUL26-02981,Dinner,F03,Club Sandwich,1,18.0,5.5,12.5
JUL26-02988,Dinner,F03,Club Sandwich,1,18.0,5.5,12.5
JUL26-02995,Dinner,F03,Club Sandwich,1,18.0,5.5,12.5
JUL26-03002,Dinner,F03,Club Sandwich,1,18.0,5.5,12.5
JUL26-03009,Dinner,F03,Club Sandwich,1,18.0,5.5,12.5
JUL26-03016,Dinner,F03,Club Sandwich,1,18.0,5.5,12.5
JUL26-03023,Dinner,F03,Club Sandwich,1,18.0,5.5,12.5
JUL26-03030,Dinner,F03,Club Sandwich,1,18.0,5.5,12.5
JUL26-03037,Dinner,F03,Club Sandwich,1,18.0,5.5,12.5
JUL26-03044,Dinner,F03,Club Sandwich,1,18.0,5.5,12.5
JUL26-03051,Dinner,F03,Club Sandwich,1,18.0,5.5,12.5
JUL26-03058,Dinner,F03,Club Sandwich,1,18.0,5.5,12.5
JUL26-03065,Dinner,F03,Club Sandwich,1,18.0,5.5,12.5
JUL26-03072,Dinner,F03,Club Sandwich,1,18.0,5.5,12.5
JUL26-03079,Dinner,F03,Club Sandwich,1,18.0,5.5,12.5
JUL26-03086,Dinner,F03,Club Sandwich,1,18.0,5.5,12.5
JUL26-03093,Dinner,F03,Club Sandwich,1,18.0,5.5,12.5
JUL26-03100,Dinner,F03,Club Sandwich,1,18.0,5.5,12.5
JUL26-03107,Dinner,F03,Club Sandwich,1,18.0,5.5,12.5
JUL26-03114,Dinner,F03,Club Sandwich,1,18.0,5.5,12.5
JUL26-03121,Dinner,F03,Club Sandwich,1,18.0,5.5,12.5
JUL26-03128,Dinner,F03,Club Sandwich,1,18.0,5.5,12.5
JUL26-03135,Dinner,F03,Club Sandwich,1,18.0,5.5,12.5
JUL26-03142,Dinner,F03,Club Sandwich,1,18.0,5.5,12.5
JUL26-03149,Dinner,F03,Club Sandwich,1,18.0,5.5,12.5
JUL26-03156,Dinner,F03,Club Sandwich,1,18.0,5.5,12.5
JUL26-03163,Dinner,F03,Club Sandwich,1,18.0,5.5,12.5
JUL26-03170,Dinner,F03,Club Sandwich,1,18.0,5.5,12.5
JUL26-03177,Dinner,F03,Club Sandwich,1,18.0,5.5,12.5
JUL26-03184,Dinner,F03,Club Sandwich,1,18.0,5.5,12.5
JUL26-03191,Dinner,F03,Club Sandwich,1,18.0,5.5,12.5
JUL26-03198,Dinner,F03,Club Sandwich,1,18.0,5.5,12.5
JUL26-03205,Dinner,F03,Club Sandwich,1,18.0,5.5,12.5
JUL26-03212,Dinner,F03,Club Sandwich,1,18.0,5.5,12.5
JUL26-03219,Dinner,F03,Club Sandwich,1,18.0,5.5,12.5
JUL26-03226,Dinner,F03,Club Sandwich,1,18.0,5.5,12.5
JUL26-03233,Dinner,F03,Club Sandwich,1,18.0,5.5,12.5
JUL26-03240,Dinner,F03,Club Sandwich,1,18.0,5.5,12.5
JUL26-03247,Dinner,F03,Club Sandwich,1,18.0,5.5,12.5
JUL26-03254,Dinner,F03,Club Sandwich,1,18.0,5.5,12.5
JUL26-03261,Dinner,F03,Club Sandwich,1,18.0,5.5,12.5
JUL26-03268,Dinner,F03,Club Sandwich,1,18.0,5.5,12.5
JUL26-03275,Dinner,F03,Club Sandwich,1,18.0,5.5,12.5
JUL26-03282,Dinner,F03,Club Sandwich,1,18.0,5.5,12.5
JUL26-03289,Dinner,F03,Club Sandwich,1,18.0,5.5,12.5
JUL26-03296,Dinner,F03,Club Sandwich,1,18.0,5.5,12.5
JUL26-03303,Dinner,F03,Club Sandwich,1,18.0,5.5,12.5
JUL26-03310,Dinner,F03,Club Sandwich,1,18.0,5.5,12.5
JUL26-03317,Dinner,F03,Club Sandwich,1,18.0,5.5,12.5
JUL26-03324,Dinner,F03,Club Sandwich,1,18.0,5.5,12.5
JUL26-03331,Dinner,F03,Club Sandwich,1,18.0,5.5,12.5
JUL26-03338,Dinner,F03,Club Sandwich,1,18.0,5.5,12.5
JUL26-03345,Dinner,F03,Club Sandwich,1,18.0,5.5,12.5
JUL26-03352,Dinner,F03,Club Sandwich,1,18.0,5.5,12.5
JUL26-03359,Dinner,F03,Club Sandwich,1,18.0,5.5,12.5
JUL26-03366,Dinner,F03,Club Sandwich,1,18.0,5.5,12.5
JUL26-03373,Dinner,F03,Club Sandwich,1,18.0,5.5,12.5
JUL26-03380,Dinner,F03,Club Sandwich,1,18.0,5.5,12.5
JUL26-03387,Dinner,F03,Club Sandwich,1,18.0,5.5,12.5
JUL26-03394,Dinner,F03,Club Sandwich,1,18.0,5.5,12.5
JUL26-03401,Dinner,F03,Club Sandwich,1,18.0,5.5,12.5
JUL26-03408,Dinner,F03,Club Sandwich,1,18.0,5.5,12.5
JUL26-03415,Dinner,F03,Club Sandwich,1,18.0,5.5,12.5
JUL26-03422,Dinner,F03,Club Sandwich,1,18.0,5.5,12.5
JUL26-03429,Dinner,F03,Club Sandwich,1,18.0,5.5,12.5
JUL26-03436,Dinner,F03,Club Sandwich,1,18.0,5.5,12.5
JUL26-03443,Dinner,F03,Club Sandwich,1,18.0,5.5,12.5
JUL26-03450,Dinner,F03,Club Sandwich,1,18.0,5.5,12.5
JUL26-03457,Dinner,F03,Club Sandwich,1,18.0,5.5,12.5
JUL26-03464,Dinner,F03,Club Sandwich,1,18.0,5.5,12.5
JUL26-03471,Dinner,F03,Club Sandwich,1,18.0,5.5,12.5
JUL26-03478,Dinner,F03,Club Sandwich,1,18.0,5.5,12.5
JUL26-03485,Dinner,F03,Club Sandwich,1,18.0,5.5,12.5
JUL26-03492,Dinner,F03,Club Sandwich,1,18.0,5.5,12.5
JUL26-03499,Dinner,F03,Club Sandwich,1,18.0,5.5,12.5
JUL26-03506,Dinner,F03,Club Sandwich,1,18.0,5.5,12.5
JUL26-03513,Dinner,F03,Club Sandwich,1,18.0,5.5,12.5
JUL26-03520,Dinner,F03,Club Sandwich,1,18.0,5.5,12.5
JUL26-03527,Dinner,F03,Club Sandwich,1,18.0,5.5,12.5
JUL26-03534,Dinner,F03,Club Sandwich,1,18.0,5.5,12.5
JUL26-03541,Dinner,F03,Club Sandwich,1,18.0,5.5,12.5
JUL26-03548,Dinner,F03,Club Sandwich,1,18.0,5.5,12.5
JUL26-03555,Dinner,F03,Club Sandwich,1,18.0,5.5,12.5
JUL26-03562,Dinner,F03,Club Sandwich,1,18.0,5.5,12.5
JUL26-03569,Dinner,F03,Club Sandwich,1,18.0,5.5,12.5
JUL26-03576,Dinner,F03,Club Sandwich,1,18.0,5.5,12.5
JUL26-03583,Dinner,F03,Club Sandwich,1,18.0,5.5,12.5
JUL26-03590,Dinner,F03,Club Sandwich,1,18.0,5.5,12.5
JUL26-03597,Dinner,F03,Club Sandwich,1,18.0,5.5,12.5
JUL26-03604,Dinner,F03,Club Sandwich,1,18.0,5.5,12.5
JUL26-03611,Dinner,F03,Club Sandwich,1,18.0,5.5,12.5
JUL26-03618,Dinner,F03,Club Sandwich,1,18.0,5.5,12.5
JUL26-03625,Dinner,F03,Club Sandwich,1,18.0,5.5,12.5
JUL26-03632,Dinner,F03,Club Sandwich,1,18.0,5.5,12.5
JUL26-03639,Dinner,F03,Club Sandwich,1,18.0,5.5,12.5
JUL26-03646,Dinner,F03,Club Sandwich,1,18.0,5.5,12.5
JUL26-03653,Dinner,F03,Club Sandwich,1,18.0,5.5,12.5
JUL26-03660,Dinner,F03,Club Sandwich,1,18.0,5.5,12.5
JUL26-03667,Dinner,F03,Club Sandwich,1,18.0,5.5,12.5
JUL26-03674,Dinner,F03,Club Sandwich,1,18.0,5.5,12.5
JUL26-03681,Dinner,F03,Club Sandwich,1,18.0,5.5,12.5
JUL26-03688,Dinner,F03,Club Sandwich,1,18.0,5.5,12.5
JUL26-03695,Dinner,F03,Club Sandwich,1,18.0,5.5,12.5
JUL26-03702,Dinner,F03,Club Sandwich,1,18.0,5.5,12.5
JUL26-03709,Dinner,F03,Club Sandwich,1,18.0,5.5,12.5
JUL26-03716,Dinner,F03,Club Sandwich,1,18.0,5.5,12.5
JUL26-03723,Dinner,F03,Club Sandwich,1,18.0,5.5,12.5
JUL26-03730,Dinner,F03,Club Sandwich,1,18.0,5.5,12.5
JUL26-03737,Dinner,F03,Club Sandwich,1,18.0,5.5,12.5
JUL26-03744,Dinner,F03,Club Sandwich,1,18.0,5.5,12.5
JUL26-03751,Dinner,F03,Club Sandwich,1,18.0,5.5,12.5
JUL26-03758,Dinner,F03,Club Sandwich,1,18.0,5.5,12.5
JUL26-03765,Dinner,F03,Club Sandwich,1,18.0,5.5,12.5
JUL26-03772,Dinner,F03,Club Sandwich,1,18.0,5.5,12.5
JUL26-03779,Dinner,F03,Club Sandwich,1,18.0,5.5,12.5
JUL26-03786,Dinner,F03,Club Sandwich,1,18.0,5.5,12.5
JUL26-03793,Dinner,F03,Club Sandwich,1,18.0,5.5,12.5
JUL26-03800,Dinner,F03,Club Sandwich,1,18.0,5.5,12.5
JUL26-03807,Dinner,F03,Club Sandwich,1,18.0,5.5,12.5
JUL26-03814,Dinner,F03,Club Sandwich,1,18.0,5.5,12.5
JUL26-03821,Dinner,F03,Club Sandwich,1,18.0,5.5,12.5
JUL26-03828,Dinner,F03,Club Sandwich,1,18.0,5.5,12.5
JUL26-03835,Dinner,F03,Club Sandwich,1,18.0,5.5,12.5
JUL26-03842,Dinner,F03,Club Sandwich,1,18.0,5.5,12.5
JUL26-03849,Dinner,F03,Club Sandwich,1,18.0,5.5,12.5
JUL26-03856,Dinner,F03,Club Sandwich,1,18.0,5.5,12.5
JUL26-03863,Dinner,F03,Club Sandwich,1,18.0,5.5,12.5
JUL26-03870,Dinner,F03,Club Sandwich,1,18.0,5.5,12.5
JUL26-03877,Dinner,F03,Club Sandwich,1,18.0,5.5,12.5
JUL26-03884,Dinner,F03,Club Sandwich,1,18.0,5.5,12.5
JUL26-03891,Dinner,F03,Club Sandwich,1,18.0,5.5,12.5
JUL26-03898,Dinner,F03,Club Sandwich,1,18.0,5.5,12.5
JUL26-03905,Dinner,F03,Club Sandwich,1,18.0,5.5,12.5
JUL26-03912,Dinner,F03,Club Sandwich,1,18.0,5.5,12.5
JUL26-03919,Dinner,F03,Club Sandwich,1,18.0,5.5,12.5
JUL26-03926,Dinner,F03,Club Sandwich,1,18.0,5.5,12.5
JUL26-03933,Dinner,F03,Club Sandwich,1,18.0,5.5,12.5
JUL26-03940,Dinner,F03,Club Sandwich,1,18.0,5.5,12.5
JUL26-03947,Dinner,F03,Club Sandwich,1,18.0,5.5,12.5
JUL26-03954,Dinner,F03,Club Sandwich,1,18.0,5.5,12.5
JUL26-03961,Dinner,F03,Club Sandwich,1,18.0,5.5,12.5
JUL26-03968,Dinner,F03,Club Sandwich,1,18.0,5.5,12.5
JUL26-03975,Dinner,F03,Club Sandwich,1,18.0,5.5,12.5
JUL26-03982,Dinner,F03,Club Sandwich,1,18.0,5.5,12.5
JUL26-03989,Dinner,F03,Club Sandwich,1,18.0,5.5,12.5
JUL26-03996,Dinner,F03,Club Sandwich,1,18.0,5.5,12.5
JUL26-04003,Dinner,F03,Club Sandwich,1,18.0,5.5,12.5
JUL26-04010,Dinner,F03,Club Sandwich,1,18.0,5.5,12.5
JUL26-04017,Dinner,F03,Club Sandwich,1,18.0,5.5,12.5
JUL26-04024,Dinner,F03,Club Sandwich,1,18.0,5.5,12.5
JUL26-04031,Dinner,F03,Club Sandwich,1,18.0,5.5,12.5
JUL26-04038,Dinner,F03,Club Sandwich,1,18.0,5.5,12.5
JUL26-04045,Dinner,F03,Club Sandwich,1,18.0,5.5,12.5
JUL26-04052,Dinner,F03,Club Sandwich,1,18.0,5.5,12.5
JUL26-04059,Dinner,F03,Club Sandwich,1,18.0,5.5,12.5
JUL26-04066,Dinner,F03,Club Sandwich,1,18.0,5.5,12.5
JUL26-04073,Dinner,F03,Club Sandwich,1,18.0,5.5,12.5
JUL26-04080,Dinner,F03,Club Sandwich,1,18.0,5.5,12.5
JUL26-04087,Dinner,F03,Club Sandwich,1,18.0,5.5,12.5
JUL26-04094,Dinner,F03,Club Sandwich,1,18.0,5.5,12.5
JUL26-04101,Dinner,F03,Club Sandwich,1,18.0,5.5,12.5
JUL26-04108,Dinner,F03,Club Sandwich,1,18.0,5.5,12.5
JUL26-04115,Dinner,F03,Club Sandwich,1,18.0,5.5,12.5
JUL26-04122,Dinner,F03,Club Sandwich,1,18.0,5.5,12.5
JUL26-04129,Dinner,F03,Club Sandwich,1,18.0,5.5,12.5
JUL26-04136,Dinner,F03,Club Sandwich,1,18.0,5.5,12.5
JUL26-04143,Dinner,F03,Club Sandwich,1,18.0,5.5,12.5
JUL26-04150,Dinner,F03,Club Sandwich,1,18.0,5.5,12.5
JUL26-04157,Dinner,F03,Club Sandwich,1,18.0,5.5,12.5
JUL26-04164,Dinner,F03,Club Sandwich,1,18.0,5.5,12.5
JUL26-04171,Dinner,F03,Club Sandwich,1,18.0,5.5,12.5
JUL26-04178,Dinner,F03,Club Sandwich,1,18.0,5.5,12.5
JUL26-04185,Dinner,F03,Club Sandwich,1,18.0,5.5,12.5
JUL26-04192,Dinner,F03,Club Sandwich,1,18.0,5.5,12.5
JUL26-04199,Dinner,F03,Club Sandwich,1,18.0,5.5,12.5
JUL26-04206,Dinner,F03,Club Sandwich,1,18.0,5.5,12.5
JUL26-04213,Dinner,F03,Club Sandwich,1,18.0,5.5,12.5
JUL26-04220,Dinner,F03,Club Sandwich,1,18.0,5.5,12.5
JUL26-04227,Dinner,F03,Club Sandwich,1,18.0,5.5,12.5
JUL26-04234,Dinner,F03,Club Sandwich,1,18.0,5.5,12.5
JUL26-04241,Dinner,F03,Club Sandwich,1,18.0,5.5,12.5
JUL26-04248,Dinner,F03,Club Sandwich,1,18.0,5.5,12.5
JUL26-04255,Dinner,F03,Club Sandwich,1,18.0,5.5,12.5
JUL26-04262,Dinner,F03,Club Sandwich,1,18.0,5.5,12.5
JUL26-04269,Dinner,F03,Club Sandwich,1,18.0,5.5,12.5
JUL26-04276,Dinner,F03,Club Sandwich,1,18.0,5.5,12.5
JUL26-04283,Dinner,F03,Club Sandwich,1,18.0,5.5,12.5
JUL26-04290,Dinner,F03,Club Sandwich,1,18.0,5.5,12.5
JUL26-04297,Dinner,F03,Club Sandwich,1,18.0,5.5,12.5
JUL26-04304,Dinner,F03,Club Sandwich,1,18.0,5.5,12.5
JUL26-04311,Dinner,F03,Club Sandwich,1,18.0,5.5,12.5
JUL26-04318,Dinner,F03,Club Sandwich,1,18.0,5.5,12.5
JUL26-04325,Dinner,F03,Club Sandwich,1,18.0,5.5,12.5
JUL26-04332,Dinner,F03,Club Sandwich,1,18.0,5.5,12.5
JUL26-04339,Dinner,F03,Club Sandwich,1,18.0,5.5,12.5
JUL26-04346,Dinner,F03,Club Sandwich,1,18.0,5.5,12.5
JUL26-04353,Dinner,F03,Club Sandwich,1,18.0,5.5,12.5
JUL26-04360,Dinner,F03,Club Sandwich,1,18.0,5.5,12.5
JUL26-04367,Dinner,F03,Club Sandwich,1,18.0,5.5,12.5
JUL26-04374,Dinner,F03,Club Sandwich,1,18.0,5.5,12.5
JUL26-04381,Dinner,F03,Club Sandwich,1,18.0,5.5,12.5
JUL26-04388,Dinner,F03,Club Sandwich,1,18.0,5.5,12.5
JUL26-04395,Dinner,F03,Club Sandwich,1,18.0,5.5,12.5
JUL26-04402,Dinner,F03,Club Sandwich,1,18.0,5.5,12.5
JUL26-04409,Dinner,F03,Club Sandwich,1,18.0,5.5,12.5
JUL26-04416,Dinner,F03,Club Sandwich,1,18.0,5.5,12.5
JUL26-04423,Dinner,F03,Club Sandwich,1,18.0,5.5,12.5
JUL26-04430,Dinner,F03,Club Sandwich,1,18.0,5.5,12.5
JUL26-04437,Dinner,F03,Club Sandwich,1,18.0,5.5,12.5
JUL26-04444,Dinner,F03,Club Sandwich,1,18.0,5.5,12.5
JUL26-04451,Dinner,F03,Club Sandwich,1,18.0,5.5,12.5
JUL26-04458,Dinner,F03,Club Sandwich,1,18.0,5.5,12.5
JUL26-04465,Dinner,F03,Club Sandwich,1,18.0,5.5,12.5
JUL26-04472,Dinner,F03,Club Sandwich,1,18.0,5.5,12.5
JUL26-04479,Dinner,F03,Club Sandwich,1,18.0,5.5,12.5
JUL26-04486,Dinner,F03,Club Sandwich,1,18.0,5.5,12.5
JUL26-04493,Dinner,F03,Club Sandwich,1,18.0,5.5,12.5
JUL26-04500,Dinner,F03,Club Sandwich,1,18.0,5.5,12.5
JUL26-04507,Dinner,F03,Club Sandwich,1,18.0,5.5,12.5
JUL26-04514,Dinner,F03,Club Sandwich,1,18.0,5.5,12.5
JUL26-04521,Dinner,F03,Club Sandwich,1,18.0,5.5,12.5
JUL26-04528,Dinner,F03,Club Sandwich,1,18.0,5.5,12.5
JUL26-04535,Dinner,F03,Club Sandwich,1,18.0,5.5,12.5
JUL26-04542,Dinner,F03,Club Sandwich,1,18.0,5.5,12.5
JUL26-04549,Dinner,F03,Club Sandwich,1,18.0,5.5,12.5
JUL26-04556,Dinner,F03,Club Sandwich,1,18.0,5.5,12.5
JUL26-04563,Dinner,F03,Club Sandwich,1,18.0,5.5,12.5
JUL26-04570,Dinner,F03,Club Sandwich,1,18.0,5.5,12.5
JUL26-04577,Delivery / Takeaway,F03,Club Sandwich,1,18.0,5.5,12.5
JUL26-04584,Delivery / Takeaway,F03,Club Sandwich,1,18.0,5.5,12.5
JUL26-04591,Delivery / Takeaway,F03,Club Sandwich,1,18.0,5.5,12.5
JUL26-04598,Delivery / Takeaway,F03,Club Sandwich,1,18.0,5.5,12.5
JUL26-04605,Delivery / Takeaway,F03,Club Sandwich,1,18.0,5.5,12.5
JUL26-04612,Delivery / Takeaway,F03,Club Sandwich,1,18.0,5.5,12.5
JUL26-04619,Delivery / Takeaway,F03,Club Sandwich,1,18.0,5.5,12.5
JUL26-04626,Delivery / Takeaway,F03,Club Sandwich,1,18.0,5.5,12.5
JUL26-04633,Delivery / Takeaway,F03,Club Sandwich,1,18.0,5.5,12.5
JUL26-04640,Delivery / Takeaway,F03,Club Sandwich,1,18.0,5.5,12.5
JUL26-04647,Delivery / Takeaway,F03,Club Sandwich,1,18.0,5.5,12.5
JUL26-04654,Delivery / Takeaway,F03,Club Sandwich,1,18.0,5.5,12.5
JUL26-04661,Delivery / Takeaway,F03,Club Sandwich,1,18.0,5.5,12.5
JUL26-04668,Delivery / Takeaway,F03,Club Sandwich,1,18.0,5.5,12.5
JUL26-04675,Delivery / Takeaway,F03,Club Sandwich,1,18.0,5.5,12.5
JUL26-04682,Delivery / Takeaway,F03,Club Sandwich,1,18.0,5.5,12.5
JUL26-04689,Delivery / Takeaway,F03,Club Sandwich,1,18.0,5.5,12.5
JUL26-04696,Delivery / Takeaway,F03,Club Sandwich,1,18.0,5.5,12.5
JUL26-04703,Delivery / Takeaway,F03,Club Sandwich,1,18.0,5.5,12.5
JUL26-04710,Delivery / Takeaway,F03,Club Sandwich,1,18.0,5.5,12.5
JUL26-04717,Delivery / Takeaway,F03,Club Sandwich,1,18.0,5.5,12.5
JUL26-04724,Delivery / Takeaway,F03,Club Sandwich,1,18.0,5.5,12.5
JUL26-04731,Delivery / Takeaway,F03,Club Sandwich,1,18.0,5.5,12.5
JUL26-04738,Delivery / Takeaway,F03,Club Sandwich,1,18.0,5.5,12.5
JUL26-04745,Delivery / Takeaway,F03,Club Sandwich,1,18.0,5.5,12.5
JUL26-04752,Delivery / Takeaway,F03,Club Sandwich,1,18.0,5.5,12.5
JUL26-04759,Delivery / Takeaway,F03,Club Sandwich,1,18.0,5.5,12.5
JUL26-04766,Delivery / Takeaway,F03,Club Sandwich,1,18.0,5.5,12.5
JUL26-04773,Delivery / Takeaway,F03,Club Sandwich,1,18.0,5.5,12.5
JUL26-04780,Delivery / Takeaway,F03,Club Sandwich,1,18.0,5.5,12.5
JUL26-04787,Delivery / Takeaway,F03,Club Sandwich,1,18.0,5.5,12.5
JUL26-04794,Delivery / Takeaway,F03,Club Sandwich,1,18.0,5.5,12.5
JUL26-04801,Delivery / Takeaway,F03,Club Sandwich,1,18.0,5.5,12.5
JUL26-04808,Delivery / Takeaway,F03,Club Sandwich,1,18.0,5.5,12.5
JUL26-04815,Delivery / Takeaway,F03,Club Sandwich,1,18.0,5.5,12.5
JUL26-04822,Delivery / Takeaway,F03,Club Sandwich,1,18.0,5.5,12.5
JUL26-04829,Delivery / Takeaway,F03,Club Sandwich,1,18.0,5.5,12.5
JUL26-04836,Delivery / Takeaway,F03,Club Sandwich,1,18.0,5.5,12.5
JUL26-04843,Delivery / Takeaway,F03,Club Sandwich,1,18.0,5.5,12.5
JUL26-04850,Delivery / Takeaway,F03,Club Sandwich,1,18.0,5.5,12.5
JUL26-04857,Delivery / Takeaway,F03,Club Sandwich,1,18.0,5.5,12.5
JUL26-04864,Delivery / Takeaway,F03,Club Sandwich,1,18.0,5.5,12.5
JUL26-04871,Delivery / Takeaway,F03,Club Sandwich,1,18.0,5.5,12.5
JUL26-04878,Delivery / Takeaway,F03,Club Sandwich,1,18.0,5.5,12.5
JUL26-04885,Delivery / Takeaway,F03,Club Sandwich,1,18.0,5.5,12.5
JUL26-04892,Delivery / Takeaway,F03,Club Sandwich,1,18.0,5.5,12.5
JUL26-04899,Delivery / Takeaway,F03,Club Sandwich,1,18.0,5.5,12.5
JUL26-04906,Delivery / Takeaway,F03,Club Sandwich,1,18.0,5.5,12.5
JUL26-04913,Delivery / Takeaway,F03,Club Sandwich,1,18.0,5.5,12.5
JUL26-04920,Delivery / Takeaway,F03,Club Sandwich,1,18.0,5.5,12.5
JUL26-04927,Delivery / Takeaway,F03,Club Sandwich,1,18.0,5.5,12.5
JUL26-04934,Delivery / Takeaway,F03,Club Sandwich,1,18.0,5.5,12.5
JUL26-04941,Delivery / Takeaway,F03,Club Sandwich,1,18.0,5.5,12.5
JUL26-04948,Delivery / Takeaway,F03,Club Sandwich,1,18.0,5.5,12.5
JUL26-04955,Delivery / Takeaway,F03,Club Sandwich,1,18.0,5.5,12.5
JUL26-04962,Delivery / Takeaway,F03,Club Sandwich,1,18.0,5.5,12.5
JUL26-04969,Delivery / Takeaway,F03,Club Sandwich,1,18.0,5.5,12.5
JUL26-04976,Delivery / Takeaway,F03,Club Sandwich,1,18.0,5.5,12.5
JUL26-04983,Delivery / Takeaway,F03,Club Sandwich,1,18.0,5.5,12.5
JUL26-04990,Delivery / Takeaway,F03,Club Sandwich,1,18.0,5.5,12.5
JUL26-04997,Delivery / Takeaway,F03,Club Sandwich,1,18.0,5.5,12.5
JUL26-05004,Delivery / Takeaway,F03,Club Sandwich,1,18.0,5.5,12.5
JUL26-05011,Delivery / Takeaway,F03,Club Sandwich,1,18.0,5.5,12.5
JUL26-05018,Delivery / Takeaway,F03,Club Sandwich,1,18.0,5.5,12.5
JUL26-05025,Delivery / Takeaway,F03,Club Sandwich,1,18.0,5.5,12.5
JUL26-05032,Delivery / Takeaway,F03,Club Sandwich,1,18.0,5.5,12.5
JUL26-05039,Delivery / Takeaway,F03,Club Sandwich,1,18.0,5.5,12.5
JUL26-05046,Delivery / Takeaway,F03,Club Sandwich,1,18.0,5.5,12.5
JUL26-05053,Delivery / Takeaway,F03,Club Sandwich,1,18.0,5.5,12.5
JUL26-05060,Delivery / Takeaway,F03,Club Sandwich,1,18.0,5.5,12.5
JUL26-05067,Delivery / Takeaway,F03,Club Sandwich,1,18.0,5.5,12.5
JUL26-05074,Delivery / Takeaway,F03,Club Sandwich,1,18.0,5.5,12.5
JUL26-05081,Delivery / Takeaway,F03,Club Sandwich,1,18.0,5.5,12.5
JUL26-05088,Delivery / Takeaway,F03,Club Sandwich,1,18.0,5.5,12.5
JUL26-05095,Delivery / Takeaway,F03,Club Sandwich,1,18.0,5.5,12.5
JUL26-05102,Delivery / Takeaway,F03,Club Sandwich,1,18.0,5.5,12.5
JUL26-05109,Delivery / Takeaway,F03,Club Sandwich,1,18.0,5.5,12.5
JUL26-05116,Delivery / Takeaway,F03,Club Sandwich,1,18.0,5.5,12.5
JUL26-05123,Delivery / Takeaway,F03,Club Sandwich,1,18.0,5.5,12.5
JUL26-05130,Delivery / Takeaway,F03,Club Sandwich,1,18.0,5.5,12.5
JUL26-05137,Delivery / Takeaway,F03,Club Sandwich,1,18.0,5.5,12.5
JUL26-05144,Delivery / Takeaway,F03,Club Sandwich,1,18.0,5.5,12.5
JUL26-05151,Delivery / Takeaway,F03,Club Sandwich,1,18.0,5.5,12.5
JUL26-05158,Delivery / Takeaway,F03,Club Sandwich,1,18.0,5.5,12.5
JUL26-05165,Delivery / Takeaway,F03,Club Sandwich,1,18.0,5.5,12.5
JUL26-05172,Delivery / Takeaway,F03,Club Sandwich,1,18.0,5.5,12.5
JUL26-05179,Delivery / Takeaway,F03,Club Sandwich,1,18.0,5.5,12.5
JUL26-05186,Delivery / Takeaway,F03,Club Sandwich,1,18.0,5.5,12.5
JUL26-05193,Delivery / Takeaway,F03,Club Sandwich,1,18.0,5.5,12.5
JUL26-05200,Delivery / Takeaway,F03,Club Sandwich,1,18.0,5.5,12.5
JUL26-05207,Delivery / Takeaway,F03,Club Sandwich,1,18.0,5.5,12.5
JUL26-05214,Delivery / Takeaway,F03,Club Sandwich,1,18.0,5.5,12.5
JUL26-05221,Delivery / Takeaway,F03,Club Sandwich,1,18.0,5.5,12.5
JUL26-05228,Delivery / Takeaway,F03,Club Sandwich,1,18.0,5.5,12.5
JUL26-05235,Delivery / Takeaway,F03,Club Sandwich,1,18.0,5.5,12.5
JUL26-05242,Delivery / Takeaway,F03,Club Sandwich,1,18.0,5.5,12.5
JUL26-05249,Delivery / Takeaway,F03,Club Sandwich,1,18.0,5.5,12.5
JUL26-05256,Delivery / Takeaway,F03,Club Sandwich,1,18.0,5.5,12.5
JUL26-05263,Delivery / Takeaway,F03,Club Sandwich,1,18.0,5.5,12.5
JUL26-05270,Delivery / Takeaway,F03,Club Sandwich,1,18.0,5.5,12.5
JUL26-05277,Delivery / Takeaway,F03,Club Sandwich,1,18.0,5.5,12.5
JUL26-00878,Lunch,F04,Grilled Chicken,1,24.0,6.5,17.5
JUL26-00885,Lunch,F04,Grilled Chicken,1,24.0,6.5,17.5
JUL26-00892,Lunch,F04,Grilled Chicken,1,24.0,6.5,17.5
JUL26-00899,Lunch,F04,Grilled Chicken,1,24.0,6.5,17.5
JUL26-00906,Lunch,F04,Grilled Chicken,1,24.0,6.5,17.5
JUL26-00913,Lunch,F04,Grilled Chicken,1,24.0,6.5,17.5
JUL26-00920,Lunch,F04,Grilled Chicken,1,24.0,6.5,17.5
JUL26-00927,Lunch,F04,Grilled Chicken,1,24.0,6.5,17.5
JUL26-00934,Lunch,F04,Grilled Chicken,1,24.0,6.5,17.5
JUL26-00941,Lunch,F04,Grilled Chicken,1,24.0,6.5,17.5
JUL26-00948,Lunch,F04,Grilled Chicken,1,24.0,6.5,17.5
JUL26-00955,Lunch,F04,Grilled Chicken,1,24.0,6.5,17.5
JUL26-00962,Lunch,F04,Grilled Chicken,1,24.0,6.5,17.5
JUL26-00969,Lunch,F04,Grilled Chicken,1,24.0,6.5,17.5
JUL26-00976,Lunch,F04,Grilled Chicken,1,24.0,6.5,17.5
JUL26-00983,Lunch,F04,Grilled Chicken,1,24.0,6.5,17.5
JUL26-00990,Lunch,F04,Grilled Chicken,1,24.0,6.5,17.5
JUL26-00997,Lunch,F04,Grilled Chicken,1,24.0,6.5,17.5
JUL26-01004,Lunch,F04,Grilled Chicken,1,24.0,6.5,17.5
JUL26-01011,Lunch,F04,Grilled Chicken,1,24.0,6.5,17.5
JUL26-01018,Lunch,F04,Grilled Chicken,1,24.0,6.5,17.5
JUL26-01025,Lunch,F04,Grilled Chicken,1,24.0,6.5,17.5
JUL26-01032,Lunch,F04,Grilled Chicken,1,24.0,6.5,17.5
JUL26-01039,Lunch,F04,Grilled Chicken,1,24.0,6.5,17.5
JUL26-01046,Lunch,F04,Grilled Chicken,1,24.0,6.5,17.5
JUL26-01053,Lunch,F04,Grilled Chicken,1,24.0,6.5,17.5
JUL26-01060,Lunch,F04,Grilled Chicken,1,24.0,6.5,17.5
JUL26-01067,Lunch,F04,Grilled Chicken,1,24.0,6.5,17.5
JUL26-01074,Lunch,F04,Grilled Chicken,1,24.0,6.5,17.5
JUL26-01081,Lunch,F04,Grilled Chicken,1,24.0,6.5,17.5
JUL26-01088,Lunch,F04,Grilled Chicken,1,24.0,6.5,17.5
JUL26-01095,Lunch,F04,Grilled Chicken,1,24.0,6.5,17.5
JUL26-01102,Lunch,F04,Grilled Chicken,1,24.0,6.5,17.5
JUL26-01109,Lunch,F04,Grilled Chicken,1,24.0,6.5,17.5
JUL26-01116,Lunch,F04,Grilled Chicken,1,24.0,6.5,17.5
JUL26-01123,Lunch,F04,Grilled Chicken,1,24.0,6.5,17.5
JUL26-01130,Lunch,F04,Grilled Chicken,1,24.0,6.5,17.5
JUL26-01137,Lunch,F04,Grilled Chicken,1,24.0,6.5,17.5
JUL26-01144,Lunch,F04,Grilled Chicken,1,24.0,6.5,17.5
JUL26-01151,Lunch,F04,Grilled Chicken,1,24.0,6.5,17.5
JUL26-01158,Lunch,F04,Grilled Chicken,1,24.0,6.5,17.5
JUL26-01165,Lunch,F04,Grilled Chicken,1,24.0,6.5,17.5
JUL26-01172,Lunch,F04,Grilled Chicken,1,24.0,6.5,17.5
JUL26-01179,Lunch,F04,Grilled Chicken,1,24.0,6.5,17.5
JUL26-01186,Lunch,F04,Grilled Chicken,1,24.0,6.5,17.5
JUL26-01193,Lunch,F04,Grilled Chicken,1,24.0,6.5,17.5
JUL26-01200,Lunch,F04,Grilled Chicken,1,24.0,6.5,17.5
JUL26-01207,Lunch,F04,Grilled Chicken,1,24.0,6.5,17.5
JUL26-01214,Lunch,F04,Grilled Chicken,1,24.0,6.5,17.5
JUL26-01221,Lunch,F04,Grilled Chicken,1,24.0,6.5,17.5
JUL26-01228,Lunch,F04,Grilled Chicken,1,24.0,6.5,17.5
JUL26-01235,Lunch,F04,Grilled Chicken,1,24.0,6.5,17.5
JUL26-01242,Lunch,F04,Grilled Chicken,1,24.0,6.5,17.5
JUL26-01249,Lunch,F04,Grilled Chicken,1,24.0,6.5,17.5
JUL26-01256,Lunch,F04,Grilled Chicken,1,24.0,6.5,17.5
JUL26-01263,Lunch,F04,Grilled Chicken,1,24.0,6.5,17.5
JUL26-01270,Lunch,F04,Grilled Chicken,1,24.0,6.5,17.5
JUL26-01277,Lunch,F04,Grilled Chicken,1,24.0,6.5,17.5
JUL26-01284,Lunch,F04,Grilled Chicken,1,24.0,6.5,17.5
JUL26-01291,Lunch,F04,Grilled Chicken,1,24.0,6.5,17.5
JUL26-01298,Lunch,F04,Grilled Chicken,1,24.0,6.5,17.5
JUL26-01305,Lunch,F04,Grilled Chicken,1,24.0,6.5,17.5
JUL26-01312,Lunch,F04,Grilled Chicken,1,24.0,6.5,17.5
JUL26-01319,Lunch,F04,Grilled Chicken,1,24.0,6.5,17.5
JUL26-01326,Lunch,F04,Grilled Chicken,1,24.0,6.5,17.5
JUL26-01333,Lunch,F04,Grilled Chicken,1,24.0,6.5,17.5
JUL26-01340,Lunch,F04,Grilled Chicken,1,24.0,6.5,17.5
JUL26-01347,Lunch,F04,Grilled Chicken,1,24.0,6.5,17.5
JUL26-01354,Lunch,F04,Grilled Chicken,1,24.0,6.5,17.5
JUL26-01361,Lunch,F04,Grilled Chicken,1,24.0,6.5,17.5
JUL26-01368,Lunch,F04,Grilled Chicken,1,24.0,6.5,17.5
JUL26-01375,Lunch,F04,Grilled Chicken,1,24.0,6.5,17.5
JUL26-01382,Lunch,F04,Grilled Chicken,1,24.0,6.5,17.5
JUL26-01389,Lunch,F04,Grilled Chicken,1,24.0,6.5,17.5
JUL26-01396,Lunch,F04,Grilled Chicken,1,24.0,6.5,17.5
JUL26-01403,Lunch,F04,Grilled Chicken,1,24.0,6.5,17.5
JUL26-01410,Lunch,F04,Grilled Chicken,1,24.0,6.5,17.5
JUL26-01417,Lunch,F04,Grilled Chicken,1,24.0,6.5,17.5
JUL26-01424,Lunch,F04,Grilled Chicken,1,24.0,6.5,17.5
JUL26-01431,Lunch,F04,Grilled Chicken,1,24.0,6.5,17.5
JUL26-01438,Lunch,F04,Grilled Chicken,1,24.0,6.5,17.5
JUL26-01445,Lunch,F04,Grilled Chicken,1,24.0,6.5,17.5
JUL26-01452,Lunch,F04,Grilled Chicken,1,24.0,6.5,17.5
JUL26-01459,Lunch,F04,Grilled Chicken,1,24.0,6.5,17.5
JUL26-01466,Lunch,F04,Grilled Chicken,1,24.0,6.5,17.5
JUL26-01473,Lunch,F04,Grilled Chicken,1,24.0,6.5,17.5
JUL26-01480,Lunch,F04,Grilled Chicken,1,24.0,6.5,17.5
JUL26-01487,Lunch,F04,Grilled Chicken,1,24.0,6.5,17.5
JUL26-01494,Lunch,F04,Grilled Chicken,1,24.0,6.5,17.5
JUL26-01501,Lunch,F04,Grilled Chicken,1,24.0,6.5,17.5
JUL26-01508,Lunch,F04,Grilled Chicken,1,24.0,6.5,17.5
JUL26-01515,Lunch,F04,Grilled Chicken,1,24.0,6.5,17.5
JUL26-01522,Lunch,F04,Grilled Chicken,1,24.0,6.5,17.5
JUL26-01529,Lunch,F04,Grilled Chicken,1,24.0,6.5,17.5
JUL26-01536,Lunch,F04,Grilled Chicken,1,24.0,6.5,17.5
JUL26-01543,Lunch,F04,Grilled Chicken,1,24.0,6.5,17.5
JUL26-01550,Lunch,F04,Grilled Chicken,1,24.0,6.5,17.5
JUL26-01557,Lunch,F04,Grilled Chicken,1,24.0,6.5,17.5
JUL26-01564,Lunch,F04,Grilled Chicken,1,24.0,6.5,17.5
JUL26-01571,Lunch,F04,Grilled Chicken,1,24.0,6.5,17.5
JUL26-01578,Lunch,F04,Grilled Chicken,1,24.0,6.5,17.5
JUL26-01585,Lunch,F04,Grilled Chicken,1,24.0,6.5,17.5
JUL26-01592,Lunch,F04,Grilled Chicken,1,24.0,6.5,17.5
JUL26-01599,Lunch,F04,Grilled Chicken,1,24.0,6.5,17.5
JUL26-01606,Lunch,F04,Grilled Chicken,1,24.0,6.5,17.5
JUL26-01613,Lunch,F04,Grilled Chicken,1,24.0,6.5,17.5
JUL26-01620,Lunch,F04,Grilled Chicken,1,24.0,6.5,17.5
JUL26-01627,Lunch,F04,Grilled Chicken,1,24.0,6.5,17.5
JUL26-01634,Lunch,F04,Grilled Chicken,1,24.0,6.5,17.5
JUL26-01641,Lunch,F04,Grilled Chicken,1,24.0,6.5,17.5
JUL26-01648,Lunch,F04,Grilled Chicken,1,24.0,6.5,17.5
JUL26-01655,Lunch,F04,Grilled Chicken,1,24.0,6.5,17.5
JUL26-01662,Lunch,F04,Grilled Chicken,1,24.0,6.5,17.5
JUL26-01669,Lunch,F04,Grilled Chicken,1,24.0,6.5,17.5
JUL26-01676,Lunch,F04,Grilled Chicken,1,24.0,6.5,17.5
JUL26-01683,Lunch,F04,Grilled Chicken,1,24.0,6.5,17.5
JUL26-01690,Lunch,F04,Grilled Chicken,1,24.0,6.5,17.5
JUL26-01697,Lunch,F04,Grilled Chicken,1,24.0,6.5,17.5
JUL26-01704,Lunch,F04,Grilled Chicken,1,24.0,6.5,17.5
JUL26-01711,Lunch,F04,Grilled Chicken,1,24.0,6.5,17.5
JUL26-01718,Lunch,F04,Grilled Chicken,1,24.0,6.5,17.5
JUL26-01725,Lunch,F04,Grilled Chicken,1,24.0,6.5,17.5
JUL26-01732,Lunch,F04,Grilled Chicken,1,24.0,6.5,17.5
JUL26-01739,Lunch,F04,Grilled Chicken,1,24.0,6.5,17.5
JUL26-01746,Lunch,F04,Grilled Chicken,1,24.0,6.5,17.5
JUL26-01753,Lunch,F04,Grilled Chicken,1,24.0,6.5,17.5
JUL26-01760,Lunch,F04,Grilled Chicken,1,24.0,6.5,17.5
JUL26-01767,Lunch,F04,Grilled Chicken,1,24.0,6.5,17.5
JUL26-01774,Lunch,F04,Grilled Chicken,1,24.0,6.5,17.5
JUL26-01781,Lunch,F04,Grilled Chicken,1,24.0,6.5,17.5
JUL26-01788,Lunch,F04,Grilled Chicken,1,24.0,6.5,17.5
JUL26-01795,Lunch,F04,Grilled Chicken,1,24.0,6.5,17.5
JUL26-01802,Lunch,F04,Grilled Chicken,1,24.0,6.5,17.5
JUL26-01809,Lunch,F04,Grilled Chicken,1,24.0,6.5,17.5
JUL26-01816,Lunch,F04,Grilled Chicken,1,24.0,6.5,17.5
JUL26-01823,Lunch,F04,Grilled Chicken,1,24.0,6.5,17.5
JUL26-01830,Lunch,F04,Grilled Chicken,1,24.0,6.5,17.5
JUL26-01837,Lunch,F04,Grilled Chicken,1,24.0,6.5,17.5
JUL26-01844,Lunch,F04,Grilled Chicken,1,24.0,6.5,17.5
JUL26-01851,Lunch,F04,Grilled Chicken,1,24.0,6.5,17.5
JUL26-01858,Lunch,F04,Grilled Chicken,1,24.0,6.5,17.5
JUL26-01865,Lunch,F04,Grilled Chicken,1,24.0,6.5,17.5
JUL26-01872,Lunch,F04,Grilled Chicken,1,24.0,6.5,17.5
JUL26-01879,Lunch,F04,Grilled Chicken,1,24.0,6.5,17.5
JUL26-01886,Lunch,F04,Grilled Chicken,1,24.0,6.5,17.5
JUL26-01893,Lunch,F04,Grilled Chicken,1,24.0,6.5,17.5
JUL26-01900,Lunch,F04,Grilled Chicken,1,24.0,6.5,17.5
JUL26-01907,Lunch,F04,Grilled Chicken,1,24.0,6.5,17.5
JUL26-01914,Lunch,F04,Grilled Chicken,1,24.0,6.5,17.5
JUL26-01921,Lunch,F04,Grilled Chicken,1,24.0,6.5,17.5
JUL26-01928,Lunch,F04,Grilled Chicken,1,24.0,6.5,17.5
JUL26-01935,Lunch,F04,Grilled Chicken,1,24.0,6.5,17.5
JUL26-01942,Lunch,F04,Grilled Chicken,1,24.0,6.5,17.5
JUL26-01949,Lunch,F04,Grilled Chicken,1,24.0,6.5,17.5
JUL26-01956,Lunch,F04,Grilled Chicken,1,24.0,6.5,17.5
JUL26-01963,Lunch,F04,Grilled Chicken,1,24.0,6.5,17.5
JUL26-01970,Lunch,F04,Grilled Chicken,1,24.0,6.5,17.5
JUL26-01977,Lunch,F04,Grilled Chicken,1,24.0,6.5,17.5
JUL26-01984,Lunch,F04,Grilled Chicken,1,24.0,6.5,17.5
JUL26-01991,Lunch,F04,Grilled Chicken,1,24.0,6.5,17.5
JUL26-01998,Lunch,F04,Grilled Chicken,1,24.0,6.5,17.5
JUL26-02005,Lunch,F04,Grilled Chicken,1,24.0,6.5,17.5
JUL26-02012,Lunch,F04,Grilled Chicken,1,24.0,6.5,17.5
JUL26-02019,Lunch,F04,Grilled Chicken,1,24.0,6.5,17.5
JUL26-02026,Lunch,F04,Grilled Chicken,1,24.0,6.5,17.5
JUL26-02033,Lunch,F04,Grilled Chicken,1,24.0,6.5,17.5
JUL26-02040,Lunch,F04,Grilled Chicken,1,24.0,6.5,17.5
JUL26-02047,Lunch,F04,Grilled Chicken,1,24.0,6.5,17.5
JUL26-02054,Lunch,F04,Grilled Chicken,1,24.0,6.5,17.5
JUL26-02061,Lunch,F04,Grilled Chicken,1,24.0,6.5,17.5
JUL26-02068,Lunch,F04,Grilled Chicken,1,24.0,6.5,17.5
JUL26-02075,Lunch,F04,Grilled Chicken,1,24.0,6.5,17.5
JUL26-02082,Lunch,F04,Grilled Chicken,1,24.0,6.5,17.5
JUL26-02089,Lunch,F04,Grilled Chicken,1,24.0,6.5,17.5
JUL26-02096,Lunch,F04,Grilled Chicken,1,24.0,6.5,17.5
JUL26-02103,Lunch,F04,Grilled Chicken,1,24.0,6.5,17.5
JUL26-02110,Lunch,F04,Grilled Chicken,1,24.0,6.5,17.5
JUL26-02117,Lunch,F04,Grilled Chicken,1,24.0,6.5,17.5
JUL26-02124,Lunch,F04,Grilled Chicken,1,24.0,6.5,17.5
JUL26-02131,Lunch,F04,Grilled Chicken,1,24.0,6.5,17.5
JUL26-02138,Lunch,F04,Grilled Chicken,1,24.0,6.5,17.5
JUL26-02145,Lunch,F04,Grilled Chicken,1,24.0,6.5,17.5
JUL26-02152,Lunch,F04,Grilled Chicken,1,24.0,6.5,17.5
JUL26-02159,Lunch,F04,Grilled Chicken,1,24.0,6.5,17.5
JUL26-02166,Lunch,F04,Grilled Chicken,1,24.0,6.5,17.5
JUL26-02173,Lunch,F04,Grilled Chicken,1,24.0,6.5,17.5
JUL26-02180,Lunch,F04,Grilled Chicken,1,24.0,6.5,17.5
JUL26-02187,Dinner,F04,Grilled Chicken,1,24.0,6.5,17.5
JUL26-02194,Dinner,F04,Grilled Chicken,1,24.0,6.5,17.5
JUL26-02201,Dinner,F04,Grilled Chicken,1,24.0,6.5,17.5
JUL26-02208,Dinner,F04,Grilled Chicken,1,24.0,6.5,17.5
JUL26-02215,Dinner,F04,Grilled Chicken,1,24.0,6.5,17.5
JUL26-02222,Dinner,F04,Grilled Chicken,1,24.0,6.5,17.5
JUL26-02229,Dinner,F04,Grilled Chicken,1,24.0,6.5,17.5
JUL26-02236,Dinner,F04,Grilled Chicken,1,24.0,6.5,17.5
JUL26-02243,Dinner,F04,Grilled Chicken,1,24.0,6.5,17.5
JUL26-02250,Dinner,F04,Grilled Chicken,1,24.0,6.5,17.5
JUL26-02257,Dinner,F04,Grilled Chicken,1,24.0,6.5,17.5
JUL26-02264,Dinner,F04,Grilled Chicken,1,24.0,6.5,17.5
JUL26-02271,Dinner,F04,Grilled Chicken,1,24.0,6.5,17.5
JUL26-02278,Dinner,F04,Grilled Chicken,1,24.0,6.5,17.5
JUL26-02285,Dinner,F04,Grilled Chicken,1,24.0,6.5,17.5
JUL26-02292,Dinner,F04,Grilled Chicken,1,24.0,6.5,17.5
JUL26-02299,Dinner,F04,Grilled Chicken,1,24.0,6.5,17.5
JUL26-02306,Dinner,F04,Grilled Chicken,1,24.0,6.5,17.5
JUL26-02313,Dinner,F04,Grilled Chicken,1,24.0,6.5,17.5
JUL26-02320,Dinner,F04,Grilled Chicken,1,24.0,6.5,17.5
JUL26-02327,Dinner,F04,Grilled Chicken,1,24.0,6.5,17.5
JUL26-02334,Dinner,F04,Grilled Chicken,1,24.0,6.5,17.5
JUL26-02341,Dinner,F04,Grilled Chicken,1,24.0,6.5,17.5
JUL26-02348,Dinner,F04,Grilled Chicken,1,24.0,6.5,17.5
JUL26-02355,Dinner,F04,Grilled Chicken,1,24.0,6.5,17.5
JUL26-02362,Dinner,F04,Grilled Chicken,1,24.0,6.5,17.5
JUL26-02369,Dinner,F04,Grilled Chicken,1,24.0,6.5,17.5
JUL26-02376,Dinner,F04,Grilled Chicken,1,24.0,6.5,17.5
JUL26-02383,Dinner,F04,Grilled Chicken,1,24.0,6.5,17.5
JUL26-02390,Dinner,F04,Grilled Chicken,1,24.0,6.5,17.5
JUL26-02397,Dinner,F04,Grilled Chicken,1,24.0,6.5,17.5
JUL26-02404,Dinner,F04,Grilled Chicken,1,24.0,6.5,17.5
JUL26-02411,Dinner,F04,Grilled Chicken,1,24.0,6.5,17.5
JUL26-02418,Dinner,F04,Grilled Chicken,1,24.0,6.5,17.5
JUL26-02425,Dinner,F04,Grilled Chicken,1,24.0,6.5,17.5
JUL26-02432,Dinner,F04,Grilled Chicken,1,24.0,6.5,17.5
JUL26-02439,Dinner,F04,Grilled Chicken,1,24.0,6.5,17.5
JUL26-02446,Dinner,F04,Grilled Chicken,1,24.0,6.5,17.5
JUL26-02453,Dinner,F04,Grilled Chicken,1,24.0,6.5,17.5
JUL26-02460,Dinner,F04,Grilled Chicken,1,24.0,6.5,17.5
JUL26-02467,Dinner,F04,Grilled Chicken,1,24.0,6.5,17.5
JUL26-02474,Dinner,F04,Grilled Chicken,1,24.0,6.5,17.5
JUL26-02481,Dinner,F04,Grilled Chicken,1,24.0,6.5,17.5
JUL26-02488,Dinner,F04,Grilled Chicken,1,24.0,6.5,17.5
JUL26-02495,Dinner,F04,Grilled Chicken,1,24.0,6.5,17.5
JUL26-02502,Dinner,F04,Grilled Chicken,1,24.0,6.5,17.5
JUL26-02509,Dinner,F04,Grilled Chicken,1,24.0,6.5,17.5
JUL26-02516,Dinner,F04,Grilled Chicken,1,24.0,6.5,17.5
JUL26-02523,Dinner,F04,Grilled Chicken,1,24.0,6.5,17.5
JUL26-02530,Dinner,F04,Grilled Chicken,1,24.0,6.5,17.5
JUL26-02537,Dinner,F04,Grilled Chicken,1,24.0,6.5,17.5
JUL26-02544,Dinner,F04,Grilled Chicken,1,24.0,6.5,17.5
JUL26-02551,Dinner,F04,Grilled Chicken,1,24.0,6.5,17.5
JUL26-02558,Dinner,F04,Grilled Chicken,1,24.0,6.5,17.5
JUL26-02565,Dinner,F04,Grilled Chicken,1,24.0,6.5,17.5
JUL26-02572,Dinner,F04,Grilled Chicken,1,24.0,6.5,17.5
JUL26-02579,Dinner,F04,Grilled Chicken,1,24.0,6.5,17.5
JUL26-02586,Dinner,F04,Grilled Chicken,1,24.0,6.5,17.5
JUL26-02593,Dinner,F04,Grilled Chicken,1,24.0,6.5,17.5
JUL26-02600,Dinner,F04,Grilled Chicken,1,24.0,6.5,17.5
JUL26-02607,Dinner,F04,Grilled Chicken,1,24.0,6.5,17.5
JUL26-02614,Dinner,F04,Grilled Chicken,1,24.0,6.5,17.5
JUL26-02621,Dinner,F04,Grilled Chicken,1,24.0,6.5,17.5
JUL26-02628,Dinner,F04,Grilled Chicken,1,24.0,6.5,17.5
JUL26-02635,Dinner,F04,Grilled Chicken,1,24.0,6.5,17.5
JUL26-02642,Dinner,F04,Grilled Chicken,1,24.0,6.5,17.5
JUL26-02649,Dinner,F04,Grilled Chicken,1,24.0,6.5,17.5
JUL26-02656,Dinner,F04,Grilled Chicken,1,24.0,6.5,17.5
JUL26-02663,Dinner,F04,Grilled Chicken,1,24.0,6.5,17.5
JUL26-02670,Dinner,F04,Grilled Chicken,1,24.0,6.5,17.5
JUL26-02677,Dinner,F04,Grilled Chicken,1,24.0,6.5,17.5
JUL26-02684,Dinner,F04,Grilled Chicken,1,24.0,6.5,17.5
JUL26-02691,Dinner,F04,Grilled Chicken,1,24.0,6.5,17.5
JUL26-02698,Dinner,F04,Grilled Chicken,1,24.0,6.5,17.5
JUL26-02705,Dinner,F04,Grilled Chicken,1,24.0,6.5,17.5
JUL26-02712,Dinner,F04,Grilled Chicken,1,24.0,6.5,17.5
JUL26-02719,Dinner,F04,Grilled Chicken,1,24.0,6.5,17.5
JUL26-02726,Dinner,F04,Grilled Chicken,1,24.0,6.5,17.5
JUL26-02733,Dinner,F04,Grilled Chicken,1,24.0,6.5,17.5
JUL26-02740,Dinner,F04,Grilled Chicken,1,24.0,6.5,17.5
JUL26-02747,Dinner,F04,Grilled Chicken,1,24.0,6.5,17.5
JUL26-02754,Dinner,F04,Grilled Chicken,1,24.0,6.5,17.5
JUL26-02761,Dinner,F04,Grilled Chicken,1,24.0,6.5,17.5
JUL26-02768,Dinner,F04,Grilled Chicken,1,24.0,6.5,17.5
JUL26-02775,Dinner,F04,Grilled Chicken,1,24.0,6.5,17.5
JUL26-02782,Dinner,F04,Grilled Chicken,1,24.0,6.5,17.5
JUL26-02789,Dinner,F04,Grilled Chicken,1,24.0,6.5,17.5
JUL26-02796,Dinner,F04,Grilled Chicken,1,24.0,6.5,17.5
JUL26-02803,Dinner,F04,Grilled Chicken,1,24.0,6.5,17.5
JUL26-02810,Dinner,F04,Grilled Chicken,1,24.0,6.5,17.5
JUL26-02817,Dinner,F04,Grilled Chicken,1,24.0,6.5,17.5
JUL26-02824,Dinner,F04,Grilled Chicken,1,24.0,6.5,17.5
JUL26-02831,Dinner,F04,Grilled Chicken,1,24.0,6.5,17.5
JUL26-02838,Dinner,F04,Grilled Chicken,1,24.0,6.5,17.5
JUL26-02845,Dinner,F04,Grilled Chicken,1,24.0,6.5,17.5
JUL26-02852,Dinner,F04,Grilled Chicken,1,24.0,6.5,17.5
JUL26-02859,Dinner,F04,Grilled Chicken,1,24.0,6.5,17.5
JUL26-02866,Dinner,F04,Grilled Chicken,1,24.0,6.5,17.5
JUL26-02873,Dinner,F04,Grilled Chicken,1,24.0,6.5,17.5
JUL26-02880,Dinner,F04,Grilled Chicken,1,24.0,6.5,17.5
JUL26-02887,Dinner,F04,Grilled Chicken,1,24.0,6.5,17.5
JUL26-02894,Dinner,F04,Grilled Chicken,1,24.0,6.5,17.5
JUL26-02901,Dinner,F04,Grilled Chicken,1,24.0,6.5,17.5
JUL26-02908,Dinner,F04,Grilled Chicken,1,24.0,6.5,17.5
JUL26-02915,Dinner,F04,Grilled Chicken,1,24.0,6.5,17.5
JUL26-02922,Dinner,F04,Grilled Chicken,1,24.0,6.5,17.5
JUL26-02929,Dinner,F04,Grilled Chicken,1,24.0,6.5,17.5
JUL26-02936,Dinner,F04,Grilled Chicken,1,24.0,6.5,17.5
JUL26-02943,Dinner,F04,Grilled Chicken,1,24.0,6.5,17.5
JUL26-02950,Dinner,F04,Grilled Chicken,1,24.0,6.5,17.5
JUL26-02957,Dinner,F04,Grilled Chicken,1,24.0,6.5,17.5
JUL26-02964,Dinner,F04,Grilled Chicken,1,24.0,6.5,17.5
JUL26-02971,Dinner,F04,Grilled Chicken,1,24.0,6.5,17.5
JUL26-02978,Dinner,F04,Grilled Chicken,1,24.0,6.5,17.5
JUL26-02985,Dinner,F04,Grilled Chicken,1,24.0,6.5,17.5
JUL26-02992,Dinner,F04,Grilled Chicken,1,24.0,6.5,17.5
JUL26-02999,Dinner,F04,Grilled Chicken,1,24.0,6.5,17.5
JUL26-03006,Dinner,F04,Grilled Chicken,1,24.0,6.5,17.5
JUL26-03013,Dinner,F04,Grilled Chicken,1,24.0,6.5,17.5
JUL26-03020,Dinner,F04,Grilled Chicken,1,24.0,6.5,17.5
JUL26-03027,Dinner,F04,Grilled Chicken,1,24.0,6.5,17.5
JUL26-03034,Dinner,F04,Grilled Chicken,1,24.0,6.5,17.5
JUL26-03041,Dinner,F04,Grilled Chicken,1,24.0,6.5,17.5
JUL26-03048,Dinner,F04,Grilled Chicken,1,24.0,6.5,17.5
JUL26-03055,Dinner,F04,Grilled Chicken,1,24.0,6.5,17.5
JUL26-03062,Dinner,F04,Grilled Chicken,1,24.0,6.5,17.5
JUL26-03069,Dinner,F04,Grilled Chicken,1,24.0,6.5,17.5
JUL26-03076,Dinner,F04,Grilled Chicken,1,24.0,6.5,17.5
JUL26-03083,Dinner,F04,Grilled Chicken,1,24.0,6.5,17.5
JUL26-03090,Dinner,F04,Grilled Chicken,1,24.0,6.5,17.5
JUL26-03097,Dinner,F04,Grilled Chicken,1,24.0,6.5,17.5
JUL26-03104,Dinner,F04,Grilled Chicken,1,24.0,6.5,17.5
JUL26-03111,Dinner,F04,Grilled Chicken,1,24.0,6.5,17.5
JUL26-03118,Dinner,F04,Grilled Chicken,1,24.0,6.5,17.5
JUL26-03125,Dinner,F04,Grilled Chicken,1,24.0,6.5,17.5
JUL26-03132,Dinner,F04,Grilled Chicken,1,24.0,6.5,17.5
JUL26-03139,Dinner,F04,Grilled Chicken,1,24.0,6.5,17.5
JUL26-03146,Dinner,F04,Grilled Chicken,1,24.0,6.5,17.5
JUL26-03153,Dinner,F04,Grilled Chicken,1,24.0,6.5,17.5
JUL26-03160,Dinner,F04,Grilled Chicken,1,24.0,6.5,17.5
JUL26-03167,Dinner,F04,Grilled Chicken,1,24.0,6.5,17.5
JUL26-03174,Dinner,F04,Grilled Chicken,1,24.0,6.5,17.5
JUL26-03181,Dinner,F04,Grilled Chicken,1,24.0,6.5,17.5
JUL26-03188,Dinner,F04,Grilled Chicken,1,24.0,6.5,17.5
JUL26-03195,Dinner,F04,Grilled Chicken,1,24.0,6.5,17.5
JUL26-03202,Dinner,F04,Grilled Chicken,1,24.0,6.5,17.5
JUL26-03209,Dinner,F04,Grilled Chicken,1,24.0,6.5,17.5
JUL26-03216,Dinner,F04,Grilled Chicken,1,24.0,6.5,17.5
JUL26-03223,Dinner,F04,Grilled Chicken,1,24.0,6.5,17.5
JUL26-03230,Dinner,F04,Grilled Chicken,1,24.0,6.5,17.5
JUL26-03237,Dinner,F04,Grilled Chicken,1,24.0,6.5,17.5
JUL26-03244,Dinner,F04,Grilled Chicken,1,24.0,6.5,17.5
JUL26-03251,Dinner,F04,Grilled Chicken,1,24.0,6.5,17.5
JUL26-03258,Dinner,F04,Grilled Chicken,1,24.0,6.5,17.5
JUL26-03265,Dinner,F04,Grilled Chicken,1,24.0,6.5,17.5
JUL26-03272,Dinner,F04,Grilled Chicken,1,24.0,6.5,17.5
JUL26-03279,Dinner,F04,Grilled Chicken,1,24.0,6.5,17.5
JUL26-03286,Dinner,F04,Grilled Chicken,1,24.0,6.5,17.5
JUL26-03293,Dinner,F04,Grilled Chicken,1,24.0,6.5,17.5
JUL26-03300,Dinner,F04,Grilled Chicken,1,24.0,6.5,17.5
JUL26-03307,Dinner,F04,Grilled Chicken,1,24.0,6.5,17.5
JUL26-03314,Dinner,F04,Grilled Chicken,1,24.0,6.5,17.5
JUL26-03321,Dinner,F04,Grilled Chicken,1,24.0,6.5,17.5
JUL26-03328,Dinner,F04,Grilled Chicken,1,24.0,6.5,17.5
JUL26-03335,Dinner,F04,Grilled Chicken,1,24.0,6.5,17.5
JUL26-03342,Dinner,F04,Grilled Chicken,1,24.0,6.5,17.5
JUL26-03349,Dinner,F04,Grilled Chicken,1,24.0,6.5,17.5
JUL26-03356,Dinner,F04,Grilled Chicken,1,24.0,6.5,17.5
JUL26-03363,Dinner,F04,Grilled Chicken,1,24.0,6.5,17.5
JUL26-03370,Dinner,F04,Grilled Chicken,1,24.0,6.5,17.5
JUL26-03377,Dinner,F04,Grilled Chicken,1,24.0,6.5,17.5
JUL26-03384,Dinner,F04,Grilled Chicken,1,24.0,6.5,17.5
JUL26-03391,Dinner,F04,Grilled Chicken,1,24.0,6.5,17.5
JUL26-03398,Dinner,F04,Grilled Chicken,1,24.0,6.5,17.5
JUL26-03405,Dinner,F04,Grilled Chicken,1,24.0,6.5,17.5
JUL26-03412,Dinner,F04,Grilled Chicken,1,24.0,6.5,17.5
JUL26-03419,Dinner,F04,Grilled Chicken,1,24.0,6.5,17.5
JUL26-03426,Dinner,F04,Grilled Chicken,1,24.0,6.5,17.5
JUL26-03433,Dinner,F04,Grilled Chicken,1,24.0,6.5,17.5
JUL26-03440,Dinner,F04,Grilled Chicken,1,24.0,6.5,17.5
JUL26-03447,Dinner,F04,Grilled Chicken,1,24.0,6.5,17.5
JUL26-03454,Dinner,F04,Grilled Chicken,1,24.0,6.5,17.5
JUL26-03461,Dinner,F04,Grilled Chicken,1,24.0,6.5,17.5
JUL26-03468,Dinner,F04,Grilled Chicken,1,24.0,6.5,17.5
JUL26-03475,Dinner,F04,Grilled Chicken,1,24.0,6.5,17.5
JUL26-03482,Dinner,F04,Grilled Chicken,1,24.0,6.5,17.5
JUL26-03489,Dinner,F04,Grilled Chicken,1,24.0,6.5,17.5
JUL26-03496,Dinner,F04,Grilled Chicken,1,24.0,6.5,17.5
JUL26-03503,Dinner,F04,Grilled Chicken,1,24.0,6.5,17.5
JUL26-03510,Dinner,F04,Grilled Chicken,1,24.0,6.5,17.5
JUL26-03517,Dinner,F04,Grilled Chicken,1,24.0,6.5,17.5
JUL26-03524,Dinner,F04,Grilled Chicken,1,24.0,6.5,17.5
JUL26-03531,Dinner,F04,Grilled Chicken,1,24.0,6.5,17.5
JUL26-03538,Dinner,F04,Grilled Chicken,1,24.0,6.5,17.5
JUL26-03545,Dinner,F04,Grilled Chicken,1,24.0,6.5,17.5
JUL26-03552,Dinner,F04,Grilled Chicken,1,24.0,6.5,17.5
JUL26-03559,Dinner,F04,Grilled Chicken,1,24.0,6.5,17.5
JUL26-03566,Dinner,F04,Grilled Chicken,1,24.0,6.5,17.5
JUL26-03573,Dinner,F04,Grilled Chicken,1,24.0,6.5,17.5
JUL26-03580,Dinner,F04,Grilled Chicken,1,24.0,6.5,17.5
JUL26-03587,Dinner,F04,Grilled Chicken,1,24.0,6.5,17.5
JUL26-03594,Dinner,F04,Grilled Chicken,1,24.0,6.5,17.5
JUL26-03601,Dinner,F04,Grilled Chicken,1,24.0,6.5,17.5
JUL26-03608,Dinner,F04,Grilled Chicken,1,24.0,6.5,17.5
JUL26-03615,Dinner,F04,Grilled Chicken,1,24.0,6.5,17.5
JUL26-03622,Dinner,F04,Grilled Chicken,1,24.0,6.5,17.5
JUL26-03629,Dinner,F04,Grilled Chicken,1,24.0,6.5,17.5
JUL26-03636,Dinner,F04,Grilled Chicken,1,24.0,6.5,17.5
JUL26-03643,Dinner,F04,Grilled Chicken,1,24.0,6.5,17.5
JUL26-03650,Dinner,F04,Grilled Chicken,1,24.0,6.5,17.5
JUL26-03657,Dinner,F04,Grilled Chicken,1,24.0,6.5,17.5
JUL26-03664,Dinner,F04,Grilled Chicken,1,24.0,6.5,17.5
JUL26-03671,Dinner,F04,Grilled Chicken,1,24.0,6.5,17.5
JUL26-03678,Dinner,F04,Grilled Chicken,1,24.0,6.5,17.5
JUL26-03685,Dinner,F04,Grilled Chicken,1,24.0,6.5,17.5
JUL26-03692,Dinner,F04,Grilled Chicken,1,24.0,6.5,17.5
JUL26-03699,Dinner,F04,Grilled Chicken,1,24.0,6.5,17.5
JUL26-03706,Dinner,F04,Grilled Chicken,1,24.0,6.5,17.5
JUL26-03713,Dinner,F04,Grilled Chicken,1,24.0,6.5,17.5
JUL26-03720,Dinner,F04,Grilled Chicken,1,24.0,6.5,17.5
JUL26-03727,Dinner,F04,Grilled Chicken,1,24.0,6.5,17.5
JUL26-03734,Dinner,F04,Grilled Chicken,1,24.0,6.5,17.5
JUL26-03741,Dinner,F04,Grilled Chicken,1,24.0,6.5,17.5
JUL26-03748,Dinner,F04,Grilled Chicken,1,24.0,6.5,17.5
JUL26-03755,Dinner,F04,Grilled Chicken,1,24.0,6.5,17.5
JUL26-03762,Dinner,F04,Grilled Chicken,1,24.0,6.5,17.5
JUL26-03769,Dinner,F04,Grilled Chicken,1,24.0,6.5,17.5
JUL26-03776,Dinner,F04,Grilled Chicken,1,24.0,6.5,17.5
JUL26-03783,Dinner,F04,Grilled Chicken,1,24.0,6.5,17.5
JUL26-03790,Dinner,F04,Grilled Chicken,1,24.0,6.5,17.5
JUL26-03797,Dinner,F04,Grilled Chicken,1,24.0,6.5,17.5
JUL26-03804,Dinner,F04,Grilled Chicken,1,24.0,6.5,17.5
JUL26-03811,Dinner,F04,Grilled Chicken,1,24.0,6.5,17.5
JUL26-03818,Dinner,F04,Grilled Chicken,1,24.0,6.5,17.5
JUL26-03825,Dinner,F04,Grilled Chicken,1,24.0,6.5,17.5
JUL26-03832,Dinner,F04,Grilled Chicken,1,24.0,6.5,17.5
JUL26-03839,Dinner,F04,Grilled Chicken,1,24.0,6.5,17.5
JUL26-03846,Dinner,F04,Grilled Chicken,1,24.0,6.5,17.5
JUL26-03853,Dinner,F04,Grilled Chicken,1,24.0,6.5,17.5
JUL26-03860,Dinner,F04,Grilled Chicken,1,24.0,6.5,17.5
JUL26-03867,Dinner,F04,Grilled Chicken,1,24.0,6.5,17.5
JUL26-03874,Dinner,F04,Grilled Chicken,1,24.0,6.5,17.5
JUL26-03881,Dinner,F04,Grilled Chicken,1,24.0,6.5,17.5
JUL26-03888,Dinner,F04,Grilled Chicken,1,24.0,6.5,17.5
JUL26-03895,Dinner,F04,Grilled Chicken,1,24.0,6.5,17.5
JUL26-03902,Dinner,F04,Grilled Chicken,1,24.0,6.5,17.5
JUL26-03909,Dinner,F04,Grilled Chicken,1,24.0,6.5,17.5
JUL26-03916,Dinner,F04,Grilled Chicken,1,24.0,6.5,17.5
JUL26-03923,Dinner,F04,Grilled Chicken,1,24.0,6.5,17.5
JUL26-03930,Dinner,F04,Grilled Chicken,1,24.0,6.5,17.5
JUL26-03937,Dinner,F04,Grilled Chicken,1,24.0,6.5,17.5
JUL26-03944,Dinner,F04,Grilled Chicken,1,24.0,6.5,17.5
JUL26-03951,Dinner,F04,Grilled Chicken,1,24.0,6.5,17.5
JUL26-03958,Dinner,F04,Grilled Chicken,1,24.0,6.5,17.5
JUL26-03965,Dinner,F04,Grilled Chicken,1,24.0,6.5,17.5
JUL26-03972,Dinner,F04,Grilled Chicken,1,24.0,6.5,17.5
JUL26-03979,Dinner,F04,Grilled Chicken,1,24.0,6.5,17.5
JUL26-03986,Dinner,F04,Grilled Chicken,1,24.0,6.5,17.5
JUL26-03993,Dinner,F04,Grilled Chicken,1,24.0,6.5,17.5
JUL26-04000,Dinner,F04,Grilled Chicken,1,24.0,6.5,17.5
JUL26-04007,Dinner,F04,Grilled Chicken,1,24.0,6.5,17.5
JUL26-04014,Dinner,F04,Grilled Chicken,1,24.0,6.5,17.5
JUL26-04021,Dinner,F04,Grilled Chicken,1,24.0,6.5,17.5
JUL26-04028,Dinner,F04,Grilled Chicken,1,24.0,6.5,17.5
JUL26-04035,Dinner,F04,Grilled Chicken,1,24.0,6.5,17.5
JUL26-04042,Dinner,F04,Grilled Chicken,1,24.0,6.5,17.5
JUL26-04049,Dinner,F04,Grilled Chicken,1,24.0,6.5,17.5
JUL26-04056,Dinner,F04,Grilled Chicken,1,24.0,6.5,17.5
JUL26-04063,Dinner,F04,Grilled Chicken,1,24.0,6.5,17.5
JUL26-04070,Dinner,F04,Grilled Chicken,1,24.0,6.5,17.5
JUL26-04077,Dinner,F04,Grilled Chicken,1,24.0,6.5,17.5
JUL26-04084,Dinner,F04,Grilled Chicken,1,24.0,6.5,17.5
JUL26-04091,Dinner,F04,Grilled Chicken,1,24.0,6.5,17.5
JUL26-04098,Dinner,F04,Grilled Chicken,1,24.0,6.5,17.5
JUL26-04105,Dinner,F04,Grilled Chicken,1,24.0,6.5,17.5
JUL26-04112,Dinner,F04,Grilled Chicken,1,24.0,6.5,17.5
JUL26-04119,Dinner,F04,Grilled Chicken,1,24.0,6.5,17.5
JUL26-04126,Dinner,F04,Grilled Chicken,1,24.0,6.5,17.5
JUL26-04133,Dinner,F04,Grilled Chicken,1,24.0,6.5,17.5
JUL26-04140,Dinner,F04,Grilled Chicken,1,24.0,6.5,17.5
JUL26-04147,Dinner,F04,Grilled Chicken,1,24.0,6.5,17.5
JUL26-04154,Dinner,F04,Grilled Chicken,1,24.0,6.5,17.5
JUL26-04161,Dinner,F04,Grilled Chicken,1,24.0,6.5,17.5
JUL26-04168,Dinner,F04,Grilled Chicken,1,24.0,6.5,17.5
JUL26-04175,Dinner,F04,Grilled Chicken,1,24.0,6.5,17.5
JUL26-04182,Dinner,F04,Grilled Chicken,1,24.0,6.5,17.5
JUL26-04189,Dinner,F04,Grilled Chicken,1,24.0,6.5,17.5
JUL26-04196,Dinner,F04,Grilled Chicken,1,24.0,6.5,17.5
JUL26-04203,Dinner,F04,Grilled Chicken,1,24.0,6.5,17.5
JUL26-04210,Dinner,F04,Grilled Chicken,1,24.0,6.5,17.5
JUL26-04217,Dinner,F04,Grilled Chicken,1,24.0,6.5,17.5
JUL26-04224,Dinner,F04,Grilled Chicken,1,24.0,6.5,17.5
JUL26-04231,Dinner,F04,Grilled Chicken,1,24.0,6.5,17.5
JUL26-04238,Dinner,F04,Grilled Chicken,1,24.0,6.5,17.5
JUL26-04245,Dinner,F04,Grilled Chicken,1,24.0,6.5,17.5
JUL26-04252,Dinner,F04,Grilled Chicken,1,24.0,6.5,17.5
JUL26-04259,Dinner,F04,Grilled Chicken,1,24.0,6.5,17.5
JUL26-04266,Dinner,F04,Grilled Chicken,1,24.0,6.5,17.5
JUL26-04273,Dinner,F04,Grilled Chicken,1,24.0,6.5,17.5
JUL26-04280,Dinner,F04,Grilled Chicken,1,24.0,6.5,17.5
JUL26-04287,Dinner,F04,Grilled Chicken,1,24.0,6.5,17.5
JUL26-04294,Dinner,F04,Grilled Chicken,1,24.0,6.5,17.5
JUL26-04301,Dinner,F04,Grilled Chicken,1,24.0,6.5,17.5
JUL26-04308,Dinner,F04,Grilled Chicken,1,24.0,6.5,17.5
JUL26-04315,Dinner,F04,Grilled Chicken,1,24.0,6.5,17.5
JUL26-04322,Dinner,F04,Grilled Chicken,1,24.0,6.5,17.5
JUL26-04329,Dinner,F04,Grilled Chicken,1,24.0,6.5,17.5
JUL26-04336,Dinner,F04,Grilled Chicken,1,24.0,6.5,17.5
JUL26-04343,Dinner,F04,Grilled Chicken,1,24.0,6.5,17.5
JUL26-04350,Dinner,F04,Grilled Chicken,1,24.0,6.5,17.5
JUL26-04357,Dinner,F04,Grilled Chicken,1,24.0,6.5,17.5
JUL26-04364,Dinner,F04,Grilled Chicken,1,24.0,6.5,17.5
JUL26-04371,Dinner,F04,Grilled Chicken,1,24.0,6.5,17.5
JUL26-04378,Dinner,F04,Grilled Chicken,1,24.0,6.5,17.5
JUL26-04385,Dinner,F04,Grilled Chicken,1,24.0,6.5,17.5
JUL26-04392,Dinner,F04,Grilled Chicken,1,24.0,6.5,17.5
JUL26-04399,Dinner,F04,Grilled Chicken,1,24.0,6.5,17.5
JUL26-04406,Dinner,F04,Grilled Chicken,1,24.0,6.5,17.5
JUL26-04413,Dinner,F04,Grilled Chicken,1,24.0,6.5,17.5
JUL26-04420,Dinner,F04,Grilled Chicken,1,24.0,6.5,17.5
JUL26-04427,Dinner,F04,Grilled Chicken,1,24.0,6.5,17.5
JUL26-04434,Dinner,F04,Grilled Chicken,1,24.0,6.5,17.5
JUL26-04441,Dinner,F04,Grilled Chicken,1,24.0,6.5,17.5
JUL26-04448,Dinner,F04,Grilled Chicken,1,24.0,6.5,17.5
JUL26-04455,Dinner,F04,Grilled Chicken,1,24.0,6.5,17.5
JUL26-04462,Dinner,F04,Grilled Chicken,1,24.0,6.5,17.5
JUL26-04469,Dinner,F04,Grilled Chicken,1,24.0,6.5,17.5
JUL26-04476,Dinner,F04,Grilled Chicken,1,24.0,6.5,17.5
JUL26-04483,Dinner,F04,Grilled Chicken,1,24.0,6.5,17.5
JUL26-04490,Dinner,F04,Grilled Chicken,1,24.0,6.5,17.5
JUL26-04497,Dinner,F04,Grilled Chicken,1,24.0,6.5,17.5
JUL26-04504,Dinner,F04,Grilled Chicken,1,24.0,6.5,17.5
JUL26-04511,Dinner,F04,Grilled Chicken,1,24.0,6.5,17.5
JUL26-04518,Dinner,F04,Grilled Chicken,1,24.0,6.5,17.5
JUL26-04525,Dinner,F04,Grilled Chicken,1,24.0,6.5,17.5
JUL26-04532,Dinner,F04,Grilled Chicken,1,24.0,6.5,17.5
JUL26-04539,Dinner,F04,Grilled Chicken,1,24.0,6.5,17.5
JUL26-04546,Dinner,F04,Grilled Chicken,1,24.0,6.5,17.5
JUL26-04553,Dinner,F04,Grilled Chicken,1,24.0,6.5,17.5
JUL26-04560,Dinner,F04,Grilled Chicken,1,24.0,6.5,17.5
JUL26-04567,Dinner,F04,Grilled Chicken,1,24.0,6.5,17.5
JUL26-04574,Delivery / Takeaway,F04,Grilled Chicken,1,24.0,6.5,17.5
JUL26-04581,Delivery / Takeaway,F04,Grilled Chicken,1,24.0,6.5,17.5
JUL26-04588,Delivery / Takeaway,F04,Grilled Chicken,1,24.0,6.5,17.5
JUL26-04595,Delivery / Takeaway,F04,Grilled Chicken,1,24.0,6.5,17.5
JUL26-04602,Delivery / Takeaway,F04,Grilled Chicken,1,24.0,6.5,17.5
JUL26-04609,Delivery / Takeaway,F04,Grilled Chicken,1,24.0,6.5,17.5
JUL26-04616,Delivery / Takeaway,F04,Grilled Chicken,1,24.0,6.5,17.5
JUL26-04623,Delivery / Takeaway,F04,Grilled Chicken,1,24.0,6.5,17.5
JUL26-04630,Delivery / Takeaway,F04,Grilled Chicken,1,24.0,6.5,17.5
JUL26-04637,Delivery / Takeaway,F04,Grilled Chicken,1,24.0,6.5,17.5
JUL26-04644,Delivery / Takeaway,F04,Grilled Chicken,1,24.0,6.5,17.5
JUL26-04651,Delivery / Takeaway,F04,Grilled Chicken,1,24.0,6.5,17.5
JUL26-04658,Delivery / Takeaway,F04,Grilled Chicken,1,24.0,6.5,17.5
JUL26-04665,Delivery / Takeaway,F04,Grilled Chicken,1,24.0,6.5,17.5
JUL26-04672,Delivery / Takeaway,F04,Grilled Chicken,1,24.0,6.5,17.5
JUL26-04679,Delivery / Takeaway,F04,Grilled Chicken,1,24.0,6.5,17.5
JUL26-04686,Delivery / Takeaway,F04,Grilled Chicken,1,24.0,6.5,17.5
JUL26-04693,Delivery / Takeaway,F04,Grilled Chicken,1,24.0,6.5,17.5
JUL26-04700,Delivery / Takeaway,F04,Grilled Chicken,1,24.0,6.5,17.5
JUL26-04707,Delivery / Takeaway,F04,Grilled Chicken,1,24.0,6.5,17.5
JUL26-04714,Delivery / Takeaway,F04,Grilled Chicken,1,24.0,6.5,17.5
JUL26-04721,Delivery / Takeaway,F04,Grilled Chicken,1,24.0,6.5,17.5
JUL26-04728,Delivery / Takeaway,F04,Grilled Chicken,1,24.0,6.5,17.5
JUL26-04735,Delivery / Takeaway,F04,Grilled Chicken,1,24.0,6.5,17.5
JUL26-04742,Delivery / Takeaway,F04,Grilled Chicken,1,24.0,6.5,17.5
JUL26-04749,Delivery / Takeaway,F04,Grilled Chicken,1,24.0,6.5,17.5
JUL26-04756,Delivery / Takeaway,F04,Grilled Chicken,1,24.0,6.5,17.5
JUL26-04763,Delivery / Takeaway,F04,Grilled Chicken,1,24.0,6.5,17.5
JUL26-04770,Delivery / Takeaway,F04,Grilled Chicken,1,24.0,6.5,17.5
JUL26-04777,Delivery / Takeaway,F04,Grilled Chicken,1,24.0,6.5,17.5
JUL26-04784,Delivery / Takeaway,F04,Grilled Chicken,1,24.0,6.5,17.5
JUL26-04791,Delivery / Takeaway,F04,Grilled Chicken,1,24.0,6.5,17.5
JUL26-04798,Delivery / Takeaway,F04,Grilled Chicken,1,24.0,6.5,17.5
JUL26-04805,Delivery / Takeaway,F04,Grilled Chicken,1,24.0,6.5,17.5
JUL26-04812,Delivery / Takeaway,F04,Grilled Chicken,1,24.0,6.5,17.5
JUL26-04819,Delivery / Takeaway,F04,Grilled Chicken,1,24.0,6.5,17.5
JUL26-04826,Delivery / Takeaway,F04,Grilled Chicken,1,24.0,6.5,17.5
JUL26-04833,Delivery / Takeaway,F04,Grilled Chicken,1,24.0,6.5,17.5
JUL26-04840,Delivery / Takeaway,F04,Grilled Chicken,1,24.0,6.5,17.5
JUL26-04847,Delivery / Takeaway,F04,Grilled Chicken,1,24.0,6.5,17.5
JUL26-04854,Delivery / Takeaway,F04,Grilled Chicken,1,24.0,6.5,17.5
JUL26-04861,Delivery / Takeaway,F04,Grilled Chicken,1,24.0,6.5,17.5
JUL26-04868,Delivery / Takeaway,F04,Grilled Chicken,1,24.0,6.5,17.5
JUL26-04875,Delivery / Takeaway,F04,Grilled Chicken,1,24.0,6.5,17.5
JUL26-04882,Delivery / Takeaway,F04,Grilled Chicken,1,24.0,6.5,17.5
JUL26-04889,Delivery / Takeaway,F04,Grilled Chicken,1,24.0,6.5,17.5
JUL26-04896,Delivery / Takeaway,F04,Grilled Chicken,1,24.0,6.5,17.5
JUL26-04903,Delivery / Takeaway,F04,Grilled Chicken,1,24.0,6.5,17.5
JUL26-04910,Delivery / Takeaway,F04,Grilled Chicken,1,24.0,6.5,17.5
JUL26-04917,Delivery / Takeaway,F04,Grilled Chicken,1,24.0,6.5,17.5
JUL26-04924,Delivery / Takeaway,F04,Grilled Chicken,1,24.0,6.5,17.5
JUL26-04931,Delivery / Takeaway,F04,Grilled Chicken,1,24.0,6.5,17.5
JUL26-04938,Delivery / Takeaway,F04,Grilled Chicken,1,24.0,6.5,17.5
JUL26-04945,Delivery / Takeaway,F04,Grilled Chicken,1,24.0,6.5,17.5
JUL26-04952,Delivery / Takeaway,F04,Grilled Chicken,1,24.0,6.5,17.5
JUL26-04959,Delivery / Takeaway,F04,Grilled Chicken,1,24.0,6.5,17.5
JUL26-04966,Delivery / Takeaway,F04,Grilled Chicken,1,24.0,6.5,17.5
JUL26-04973,Delivery / Takeaway,F04,Grilled Chicken,1,24.0,6.5,17.5
JUL26-04980,Delivery / Takeaway,F04,Grilled Chicken,1,24.0,6.5,17.5
JUL26-04987,Delivery / Takeaway,F04,Grilled Chicken,1,24.0,6.5,17.5
JUL26-04994,Delivery / Takeaway,F04,Grilled Chicken,1,24.0,6.5,17.5
JUL26-05001,Delivery / Takeaway,F04,Grilled Chicken,1,24.0,6.5,17.5
JUL26-05008,Delivery / Takeaway,F04,Grilled Chicken,1,24.0,6.5,17.5
JUL26-05015,Delivery / Takeaway,F04,Grilled Chicken,1,24.0,6.5,17.5
JUL26-05022,Delivery / Takeaway,F04,Grilled Chicken,1,24.0,6.5,17.5
JUL26-05029,Delivery / Takeaway,F04,Grilled Chicken,1,24.0,6.5,17.5
JUL26-05036,Delivery / Takeaway,F04,Grilled Chicken,1,24.0,6.5,17.5
JUL26-05043,Delivery / Takeaway,F04,Grilled Chicken,1,24.0,6.5,17.5
JUL26-05050,Delivery / Takeaway,F04,Grilled Chicken,1,24.0,6.5,17.5
JUL26-05057,Delivery / Takeaway,F04,Grilled Chicken,1,24.0,6.5,17.5
JUL26-05064,Delivery / Takeaway,F04,Grilled Chicken,1,24.0,6.5,17.5
JUL26-05071,Delivery / Takeaway,F04,Grilled Chicken,1,24.0,6.5,17.5
JUL26-05078,Delivery / Takeaway,F04,Grilled Chicken,1,24.0,6.5,17.5
JUL26-05085,Delivery / Takeaway,F04,Grilled Chicken,1,24.0,6.5,17.5
JUL26-05092,Delivery / Takeaway,F04,Grilled Chicken,1,24.0,6.5,17.5
JUL26-05099,Delivery / Takeaway,F04,Grilled Chicken,1,24.0,6.5,17.5
JUL26-05106,Delivery / Takeaway,F04,Grilled Chicken,1,24.0,6.5,17.5
JUL26-05113,Delivery / Takeaway,F04,Grilled Chicken,1,24.0,6.5,17.5
JUL26-05120,Delivery / Takeaway,F04,Grilled Chicken,1,24.0,6.5,17.5
JUL26-05127,Delivery / Takeaway,F04,Grilled Chicken,1,24.0,6.5,17.5
JUL26-05134,Delivery / Takeaway,F04,Grilled Chicken,1,24.0,6.5,17.5
JUL26-05141,Delivery / Takeaway,F04,Grilled Chicken,1,24.0,6.5,17.5
JUL26-05148,Delivery / Takeaway,F04,Grilled Chicken,1,24.0,6.5,17.5
JUL26-05155,Delivery / Takeaway,F04,Grilled Chicken,1,24.0,6.5,17.5
JUL26-05162,Delivery / Takeaway,F04,Grilled Chicken,1,24.0,6.5,17.5
JUL26-05169,Delivery / Takeaway,F04,Grilled Chicken,1,24.0,6.5,17.5
JUL26-05176,Delivery / Takeaway,F04,Grilled Chicken,1,24.0,6.5,17.5
JUL26-05183,Delivery / Takeaway,F04,Grilled Chicken,1,24.0,6.5,17.5
JUL26-05190,Delivery / Takeaway,F04,Grilled Chicken,1,24.0,6.5,17.5
JUL26-05197,Delivery / Takeaway,F04,Grilled Chicken,1,24.0,6.5,17.5
JUL26-05204,Delivery / Takeaway,F04,Grilled Chicken,1,24.0,6.5,17.5
JUL26-05211,Delivery / Takeaway,F04,Grilled Chicken,1,24.0,6.5,17.5
JUL26-05218,Delivery / Takeaway,F04,Grilled Chicken,1,24.0,6.5,17.5
JUL26-05225,Delivery / Takeaway,F04,Grilled Chicken,1,24.0,6.5,17.5
JUL26-05232,Delivery / Takeaway,F04,Grilled Chicken,1,24.0,6.5,17.5
JUL26-05239,Delivery / Takeaway,F04,Grilled Chicken,1,24.0,6.5,17.5
JUL26-05246,Delivery / Takeaway,F04,Grilled Chicken,1,24.0,6.5,17.5
JUL26-05253,Delivery / Takeaway,F04,Grilled Chicken,1,24.0,6.5,17.5
JUL26-05260,Delivery / Takeaway,F04,Grilled Chicken,1,24.0,6.5,17.5
JUL26-05267,Delivery / Takeaway,F04,Grilled Chicken,1,24.0,6.5,17.5
JUL26-05274,Delivery / Takeaway,F04,Grilled Chicken,1,24.0,6.5,17.5
JUL26-05281,Delivery / Takeaway,F04,Grilled Chicken,1,24.0,6.5,17.5
JUL26-05288,Delivery / Takeaway,F04,Grilled Chicken,1,24.0,6.5,17.5
JUL26-05295,Delivery / Takeaway,F04,Grilled Chicken,1,24.0,6.5,17.5
JUL26-05302,Delivery / Takeaway,F04,Grilled Chicken,1,24.0,6.5,17.5
JUL26-05309,Delivery / Takeaway,F04,Grilled Chicken,1,24.0,6.5,17.5
JUL26-05316,Delivery / Takeaway,F04,Grilled Chicken,1,24.0,6.5,17.5
JUL26-05323,Private Event,F04,Grilled Chicken,1,24.0,6.5,17.5
JUL26-05330,Private Event,F04,Grilled Chicken,1,24.0,6.5,17.5
JUL26-05337,Private Event,F04,Grilled Chicken,1,24.0,6.5,17.5
JUL26-05344,Private Event,F04,Grilled Chicken,1,24.0,6.5,17.5
JUL26-05351,Private Event,F04,Grilled Chicken,1,24.0,6.5,17.5
JUL26-05358,Private Event,F04,Grilled Chicken,1,24.0,6.5,17.5
JUL26-05365,Private Event,F04,Grilled Chicken,1,24.0,6.5,17.5
JUL26-05372,Private Event,F04,Grilled Chicken,1,24.0,6.5,17.5
JUL26-05379,Private Event,F04,Grilled Chicken,1,24.0,6.5,17.5
JUL26-05386,Private Event,F04,Grilled Chicken,1,24.0,6.5,17.5
JUL26-05393,Private Event,F04,Grilled Chicken,1,24.0,6.5,17.5
JUL26-05400,Private Event,F04,Grilled Chicken,1,24.0,6.5,17.5
JUL26-05407,Private Event,F04,Grilled Chicken,1,24.0,6.5,17.5
JUL26-05414,Private Event,F04,Grilled Chicken,1,24.0,6.5,17.5
JUL26-05421,Private Event,F04,Grilled Chicken,1,24.0,6.5,17.5
JUL26-05428,Private Event,F04,Grilled Chicken,1,24.0,6.5,17.5
JUL26-05435,Private Event,F04,Grilled Chicken,1,24.0,6.5,17.5
JUL26-05442,Private Event,F04,Grilled Chicken,1,24.0,6.5,17.5
JUL26-05449,Private Event,F04,Grilled Chicken,1,24.0,6.5,17.5
JUL26-05456,Private Event,F04,Grilled Chicken,1,24.0,6.5,17.5
JUL26-05463,Private Event,F04,Grilled Chicken,1,24.0,6.5,17.5
JUL26-05470,Private Event,F04,Grilled Chicken,1,24.0,6.5,17.5
JUL26-05477,Private Event,F04,Grilled Chicken,1,24.0,6.5,17.5
JUL26-05484,Private Event,F04,Grilled Chicken,1,24.0,6.5,17.5
JUL26-05491,Private Event,F04,Grilled Chicken,1,24.0,6.5,17.5
JUL26-05498,Private Event,F04,Grilled Chicken,1,24.0,6.5,17.5
JUL26-05505,Private Event,F04,Grilled Chicken,1,24.0,6.5,17.5
JUL26-05512,Private Event,F04,Grilled Chicken,1,24.0,6.5,17.5
JUL26-05519,Private Event,F04,Grilled Chicken,1,24.0,6.5,17.5
JUL26-05526,Private Event,F04,Grilled Chicken,1,24.0,6.5,17.5
JUL26-05533,Private Event,F04,Grilled Chicken,1,24.0,6.5,17.5
JUL26-05540,Private Event,F04,Grilled Chicken,1,24.0,6.5,17.5
JUL26-05547,Private Event,F04,Grilled Chicken,1,24.0,6.5,17.5
JUL26-05554,Private Event,F04,Grilled Chicken,1,24.0,6.5,17.5
JUL26-05561,Corporate / Group,F04,Grilled Chicken,1,24.0,6.5,17.5
JUL26-05568,Corporate / Group,F04,Grilled Chicken,1,24.0,6.5,17.5
JUL26-05575,Corporate / Group,F04,Grilled Chicken,1,24.0,6.5,17.5
JUL26-05582,Corporate / Group,F04,Grilled Chicken,1,24.0,6.5,17.5
JUL26-05589,Corporate / Group,F04,Grilled Chicken,1,24.0,6.5,17.5
JUL26-05596,Corporate / Group,F04,Grilled Chicken,1,24.0,6.5,17.5
JUL26-05603,Corporate / Group,F04,Grilled Chicken,1,24.0,6.5,17.5
JUL26-05610,Corporate / Group,F04,Grilled Chicken,1,24.0,6.5,17.5
JUL26-05617,Corporate / Group,F04,Grilled Chicken,1,24.0,6.5,17.5
JUL26-05624,Corporate / Group,F04,Grilled Chicken,1,24.0,6.5,17.5
JUL26-05631,Corporate / Group,F04,Grilled Chicken,1,24.0,6.5,17.5
JUL26-05638,Corporate / Group,F04,Grilled Chicken,1,24.0,6.5,17.5
JUL26-05645,Corporate / Group,F04,Grilled Chicken,1,24.0,6.5,17.5
JUL26-00002,Brunch,F04,Grilled Chicken,1,24.0,6.5,17.5
JUL26-00009,Brunch,F04,Grilled Chicken,1,24.0,6.5,17.5
JUL26-00016,Brunch,F04,Grilled Chicken,1,24.0,6.5,17.5
JUL26-00023,Brunch,F04,Grilled Chicken,1,24.0,6.5,17.5
JUL26-00030,Brunch,F04,Grilled Chicken,1,24.0,6.5,17.5
JUL26-00037,Brunch,F04,Grilled Chicken,1,24.0,6.5,17.5
JUL26-00044,Brunch,F04,Grilled Chicken,1,24.0,6.5,17.5
JUL26-00051,Brunch,F04,Grilled Chicken,1,24.0,6.5,17.5
JUL26-00058,Brunch,F04,Grilled Chicken,1,24.0,6.5,17.5
JUL26-00065,Brunch,F04,Grilled Chicken,1,24.0,6.5,17.5
JUL26-00072,Brunch,F04,Grilled Chicken,1,24.0,6.5,17.5
JUL26-00079,Brunch,F04,Grilled Chicken,1,24.0,6.5,17.5
JUL26-00086,Brunch,F04,Grilled Chicken,1,24.0,6.5,17.5
JUL26-00093,Brunch,F04,Grilled Chicken,1,24.0,6.5,17.5
JUL26-00100,Brunch,F04,Grilled Chicken,1,24.0,6.5,17.5
JUL26-00107,Brunch,F04,Grilled Chicken,1,24.0,6.5,17.5
JUL26-00114,Brunch,F04,Grilled Chicken,1,24.0,6.5,17.5
JUL26-00121,Brunch,F04,Grilled Chicken,1,24.0,6.5,17.5
JUL26-00128,Brunch,F04,Grilled Chicken,1,24.0,6.5,17.5
JUL26-00135,Brunch,F04,Grilled Chicken,1,24.0,6.5,17.5
JUL26-00142,Brunch,F04,Grilled Chicken,1,24.0,6.5,17.5
JUL26-00149,Brunch,F04,Grilled Chicken,1,24.0,6.5,17.5
JUL26-00156,Brunch,F04,Grilled Chicken,1,24.0,6.5,17.5
JUL26-00163,Brunch,F04,Grilled Chicken,1,24.0,6.5,17.5
JUL26-00170,Brunch,F04,Grilled Chicken,1,24.0,6.5,17.5
JUL26-00177,Brunch,F04,Grilled Chicken,1,24.0,6.5,17.5
JUL26-00184,Brunch,F04,Grilled Chicken,1,24.0,6.5,17.5
JUL26-00191,Brunch,F04,Grilled Chicken,1,24.0,6.5,17.5
JUL26-00198,Brunch,F04,Grilled Chicken,1,24.0,6.5,17.5
JUL26-00205,Brunch,F04,Grilled Chicken,1,24.0,6.5,17.5
JUL26-00212,Brunch,F04,Grilled Chicken,1,24.0,6.5,17.5
JUL26-00219,Brunch,F04,Grilled Chicken,1,24.0,6.5,17.5
JUL26-00226,Brunch,F04,Grilled Chicken,1,24.0,6.5,17.5
JUL26-00233,Brunch,F04,Grilled Chicken,1,24.0,6.5,17.5
JUL26-00240,Brunch,F04,Grilled Chicken,1,24.0,6.5,17.5
JUL26-00247,Brunch,F04,Grilled Chicken,1,24.0,6.5,17.5
JUL26-00254,Brunch,F04,Grilled Chicken,1,24.0,6.5,17.5
JUL26-00261,Brunch,F04,Grilled Chicken,1,24.0,6.5,17.5
JUL26-00268,Brunch,F04,Grilled Chicken,1,24.0,6.5,17.5
JUL26-00275,Brunch,F04,Grilled Chicken,1,24.0,6.5,17.5
JUL26-00282,Brunch,F04,Grilled Chicken,1,24.0,6.5,17.5
JUL26-00289,Brunch,F04,Grilled Chicken,1,24.0,6.5,17.5
JUL26-00296,Brunch,F04,Grilled Chicken,1,24.0,6.5,17.5
JUL26-00303,Brunch,F04,Grilled Chicken,1,24.0,6.5,17.5
JUL26-00310,Brunch,F04,Grilled Chicken,1,24.0,6.5,17.5
JUL26-00317,Brunch,F04,Grilled Chicken,1,24.0,6.5,17.5
JUL26-00324,Brunch,F04,Grilled Chicken,1,24.0,6.5,17.5
JUL26-00331,Brunch,F04,Grilled Chicken,1,24.0,6.5,17.5
JUL26-00338,Brunch,F04,Grilled Chicken,1,24.0,6.5,17.5
JUL26-00345,Brunch,F04,Grilled Chicken,1,24.0,6.5,17.5
JUL26-00352,Brunch,F04,Grilled Chicken,1,24.0,6.5,17.5
JUL26-00359,Brunch,F04,Grilled Chicken,1,24.0,6.5,17.5
JUL26-00366,Brunch,F04,Grilled Chicken,1,24.0,6.5,17.5
JUL26-00373,Brunch,F04,Grilled Chicken,1,24.0,6.5,17.5
JUL26-00380,Brunch,F04,Grilled Chicken,1,24.0,6.5,17.5
JUL26-00387,Brunch,F04,Grilled Chicken,1,24.0,6.5,17.5
JUL26-00394,Brunch,F04,Grilled Chicken,1,24.0,6.5,17.5
JUL26-00401,Brunch,F04,Grilled Chicken,1,24.0,6.5,17.5
JUL26-00408,Brunch,F04,Grilled Chicken,1,24.0,6.5,17.5
JUL26-00415,Brunch,F04,Grilled Chicken,1,24.0,6.5,17.5
JUL26-00422,Brunch,F04,Grilled Chicken,1,24.0,6.5,17.5
JUL26-00429,Brunch,F04,Grilled Chicken,1,24.0,6.5,17.5
JUL26-00436,Brunch,F04,Grilled Chicken,1,24.0,6.5,17.5
JUL26-00443,Brunch,F04,Grilled Chicken,1,24.0,6.5,17.5
JUL26-00450,Brunch,F04,Grilled Chicken,1,24.0,6.5,17.5
JUL26-00457,Brunch,F04,Grilled Chicken,1,24.0,6.5,17.5
JUL26-00464,Brunch,F04,Grilled Chicken,1,24.0,6.5,17.5
JUL26-00471,Brunch,F04,Grilled Chicken,1,24.0,6.5,17.5
JUL26-00478,Brunch,F04,Grilled Chicken,1,24.0,6.5,17.5
JUL26-00485,Brunch,F04,Grilled Chicken,1,24.0,6.5,17.5
JUL26-00492,Brunch,F04,Grilled Chicken,1,24.0,6.5,17.5
JUL26-00499,Brunch,F04,Grilled Chicken,1,24.0,6.5,17.5
JUL26-00506,Brunch,F04,Grilled Chicken,1,24.0,6.5,17.5
JUL26-00513,Brunch,F04,Grilled Chicken,1,24.0,6.5,17.5
JUL26-00520,Brunch,F04,Grilled Chicken,1,24.0,6.5,17.5
JUL26-00527,Brunch,F04,Grilled Chicken,1,24.0,6.5,17.5
JUL26-00534,Brunch,F04,Grilled Chicken,1,24.0,6.5,17.5
JUL26-00541,Brunch,F04,Grilled Chicken,1,24.0,6.5,17.5
JUL26-00548,Brunch,F04,Grilled Chicken,1,24.0,6.5,17.5
JUL26-00555,Brunch,F04,Grilled Chicken,1,24.0,6.5,17.5
JUL26-00562,Brunch,F04,Grilled Chicken,1,24.0,6.5,17.5
JUL26-00569,Brunch,F04,Grilled Chicken,1,24.0,6.5,17.5
JUL26-00576,Brunch,F04,Grilled Chicken,1,24.0,6.5,17.5
JUL26-00583,Brunch,F04,Grilled Chicken,1,24.0,6.5,17.5
JUL26-00590,Brunch,F04,Grilled Chicken,1,24.0,6.5,17.5
JUL26-00597,Brunch,F04,Grilled Chicken,1,24.0,6.5,17.5
JUL26-00604,Brunch,F04,Grilled Chicken,1,24.0,6.5,17.5
JUL26-00611,Brunch,F04,Grilled Chicken,1,24.0,6.5,17.5
JUL26-00618,Brunch,F04,Grilled Chicken,1,24.0,6.5,17.5
JUL26-00625,Brunch,F04,Grilled Chicken,1,24.0,6.5,17.5
JUL26-00632,Brunch,F04,Grilled Chicken,1,24.0,6.5,17.5
JUL26-00639,Brunch,F04,Grilled Chicken,1,24.0,6.5,17.5
JUL26-00646,Brunch,F04,Grilled Chicken,1,24.0,6.5,17.5
JUL26-00653,Brunch,F04,Grilled Chicken,1,24.0,6.5,17.5
JUL26-00660,Brunch,F04,Grilled Chicken,1,24.0,6.5,17.5
JUL26-00667,Brunch,F04,Grilled Chicken,1,24.0,6.5,17.5
JUL26-00674,Brunch,F04,Grilled Chicken,1,24.0,6.5,17.5
JUL26-00681,Brunch,F04,Grilled Chicken,1,24.0,6.5,17.5
JUL26-00688,Brunch,F04,Grilled Chicken,1,24.0,6.5,17.5
JUL26-00695,Brunch,F04,Grilled Chicken,1,24.0,6.5,17.5
JUL26-00702,Lunch,F04,Grilled Chicken,1,24.0,6.5,17.5
JUL26-00709,Lunch,F04,Grilled Chicken,1,24.0,6.5,17.5
JUL26-00716,Lunch,F04,Grilled Chicken,1,24.0,6.5,17.5
JUL26-00723,Lunch,F04,Grilled Chicken,1,24.0,6.5,17.5
JUL26-00730,Lunch,F04,Grilled Chicken,1,24.0,6.5,17.5
JUL26-00737,Lunch,F04,Grilled Chicken,1,24.0,6.5,17.5
JUL26-00744,Lunch,F04,Grilled Chicken,1,24.0,6.5,17.5
JUL26-00751,Lunch,F04,Grilled Chicken,1,24.0,6.5,17.5
JUL26-00758,Lunch,F04,Grilled Chicken,1,24.0,6.5,17.5
JUL26-00765,Lunch,F04,Grilled Chicken,1,24.0,6.5,17.5
JUL26-00772,Lunch,F04,Grilled Chicken,1,24.0,6.5,17.5
JUL26-00779,Lunch,F04,Grilled Chicken,1,24.0,6.5,17.5
JUL26-00786,Lunch,F04,Grilled Chicken,1,24.0,6.5,17.5
JUL26-00793,Lunch,F04,Grilled Chicken,1,24.0,6.5,17.5
JUL26-00800,Lunch,F04,Grilled Chicken,1,24.0,6.5,17.5
JUL26-00807,Lunch,F04,Grilled Chicken,1,24.0,6.5,17.5
JUL26-00814,Lunch,F04,Grilled Chicken,1,24.0,6.5,17.5
JUL26-00821,Lunch,F04,Grilled Chicken,1,24.0,6.5,17.5
JUL26-00828,Lunch,F04,Grilled Chicken,1,24.0,6.5,17.5
JUL26-00835,Lunch,F04,Grilled Chicken,1,24.0,6.5,17.5
JUL26-00842,Lunch,F04,Grilled Chicken,1,24.0,6.5,17.5
JUL26-00849,Lunch,F04,Grilled Chicken,1,24.0,6.5,17.5
JUL26-00856,Lunch,F04,Grilled Chicken,1,24.0,6.5,17.5
JUL26-00863,Lunch,F04,Grilled Chicken,1,24.0,6.5,17.5
JUL26-00870,Lunch,F04,Grilled Chicken,1,24.0,6.5,17.5
JUL26-00877,Lunch,F04,Grilled Chicken,1,24.0,6.5,17.5
JUL26-00884,Lunch,F04,Grilled Chicken,1,24.0,6.5,17.5
JUL26-00891,Lunch,F04,Grilled Chicken,1,24.0,6.5,17.5
JUL26-00898,Lunch,F04,Grilled Chicken,1,24.0,6.5,17.5
JUL26-00905,Lunch,F04,Grilled Chicken,1,24.0,6.5,17.5
JUL26-00912,Lunch,F04,Grilled Chicken,1,24.0,6.5,17.5
JUL26-00919,Lunch,F04,Grilled Chicken,1,24.0,6.5,17.5
JUL26-00926,Lunch,F04,Grilled Chicken,1,24.0,6.5,17.5
JUL26-00933,Lunch,F04,Grilled Chicken,1,24.0,6.5,17.5
JUL26-00940,Lunch,F04,Grilled Chicken,1,24.0,6.5,17.5
JUL26-00947,Lunch,F04,Grilled Chicken,1,24.0,6.5,17.5
JUL26-00954,Lunch,F04,Grilled Chicken,1,24.0,6.5,17.5
JUL26-00961,Lunch,F04,Grilled Chicken,1,24.0,6.5,17.5
JUL26-00968,Lunch,F04,Grilled Chicken,1,24.0,6.5,17.5
JUL26-00975,Lunch,F04,Grilled Chicken,1,24.0,6.5,17.5
JUL26-00982,Lunch,F04,Grilled Chicken,1,24.0,6.5,17.5
JUL26-00989,Lunch,F04,Grilled Chicken,1,24.0,6.5,17.5
JUL26-00996,Lunch,F04,Grilled Chicken,1,24.0,6.5,17.5
JUL26-01003,Lunch,F04,Grilled Chicken,1,24.0,6.5,17.5
JUL26-01010,Lunch,F04,Grilled Chicken,1,24.0,6.5,17.5
JUL26-01017,Lunch,F04,Grilled Chicken,1,24.0,6.5,17.5
JUL26-01024,Lunch,F04,Grilled Chicken,1,24.0,6.5,17.5
JUL26-01031,Lunch,F04,Grilled Chicken,1,24.0,6.5,17.5
JUL26-01038,Lunch,F04,Grilled Chicken,1,24.0,6.5,17.5
JUL26-01045,Lunch,F04,Grilled Chicken,1,24.0,6.5,17.5
JUL26-01052,Lunch,F04,Grilled Chicken,1,24.0,6.5,17.5
JUL26-01059,Lunch,F04,Grilled Chicken,1,24.0,6.5,17.5
JUL26-01066,Lunch,F04,Grilled Chicken,1,24.0,6.5,17.5
JUL26-01073,Lunch,F04,Grilled Chicken,1,24.0,6.5,17.5
JUL26-01080,Lunch,F04,Grilled Chicken,1,24.0,6.5,17.5
JUL26-01087,Lunch,F04,Grilled Chicken,1,24.0,6.5,17.5
JUL26-01094,Lunch,F04,Grilled Chicken,1,24.0,6.5,17.5
JUL26-01101,Lunch,F04,Grilled Chicken,1,24.0,6.5,17.5
JUL26-01108,Lunch,F04,Grilled Chicken,1,24.0,6.5,17.5
JUL26-01115,Lunch,F04,Grilled Chicken,1,24.0,6.5,17.5
JUL26-01122,Lunch,F04,Grilled Chicken,1,24.0,6.5,17.5
JUL26-01129,Lunch,F04,Grilled Chicken,1,24.0,6.5,17.5
JUL26-01136,Lunch,F04,Grilled Chicken,1,24.0,6.5,17.5
JUL26-01143,Lunch,F04,Grilled Chicken,1,24.0,6.5,17.5
JUL26-01150,Lunch,F04,Grilled Chicken,1,24.0,6.5,17.5
JUL26-01157,Lunch,F04,Grilled Chicken,1,24.0,6.5,17.5
JUL26-01164,Lunch,F04,Grilled Chicken,1,24.0,6.5,17.5
JUL26-01171,Lunch,F04,Grilled Chicken,1,24.0,6.5,17.5
JUL26-01178,Lunch,F04,Grilled Chicken,1,24.0,6.5,17.5
JUL26-01185,Lunch,F04,Grilled Chicken,1,24.0,6.5,17.5
JUL26-01192,Lunch,F04,Grilled Chicken,1,24.0,6.5,17.5
JUL26-01199,Lunch,F04,Grilled Chicken,1,24.0,6.5,17.5
JUL26-01206,Lunch,F04,Grilled Chicken,1,24.0,6.5,17.5
JUL26-01213,Lunch,F04,Grilled Chicken,1,24.0,6.5,17.5
JUL26-01220,Lunch,F04,Grilled Chicken,1,24.0,6.5,17.5
JUL26-01227,Lunch,F04,Grilled Chicken,1,24.0,6.5,17.5
JUL26-01234,Lunch,F04,Grilled Chicken,1,24.0,6.5,17.5
JUL26-01241,Lunch,F04,Grilled Chicken,1,24.0,6.5,17.5
JUL26-01248,Lunch,F04,Grilled Chicken,1,24.0,6.5,17.5
JUL26-01255,Lunch,F04,Grilled Chicken,1,24.0,6.5,17.5
JUL26-01262,Lunch,F04,Grilled Chicken,1,24.0,6.5,17.5
JUL26-01269,Lunch,F04,Grilled Chicken,1,24.0,6.5,17.5
JUL26-01276,Lunch,F04,Grilled Chicken,1,24.0,6.5,17.5
JUL26-01283,Lunch,F04,Grilled Chicken,1,24.0,6.5,17.5
JUL26-01290,Lunch,F04,Grilled Chicken,1,24.0,6.5,17.5
JUL26-01297,Lunch,F04,Grilled Chicken,1,24.0,6.5,17.5
JUL26-01304,Lunch,F04,Grilled Chicken,1,24.0,6.5,17.5
JUL26-01311,Lunch,F04,Grilled Chicken,1,24.0,6.5,17.5
JUL26-01318,Lunch,F04,Grilled Chicken,1,24.0,6.5,17.5
JUL26-01325,Lunch,F04,Grilled Chicken,1,24.0,6.5,17.5
JUL26-01332,Lunch,F04,Grilled Chicken,1,24.0,6.5,17.5
JUL26-01339,Lunch,F04,Grilled Chicken,1,24.0,6.5,17.5
JUL26-01346,Lunch,F04,Grilled Chicken,1,24.0,6.5,17.5
JUL26-01353,Lunch,F04,Grilled Chicken,1,24.0,6.5,17.5
JUL26-01360,Lunch,F04,Grilled Chicken,1,24.0,6.5,17.5
JUL26-01367,Lunch,F04,Grilled Chicken,1,24.0,6.5,17.5
JUL26-01374,Lunch,F04,Grilled Chicken,1,24.0,6.5,17.5
JUL26-01381,Lunch,F04,Grilled Chicken,1,24.0,6.5,17.5
JUL26-01388,Lunch,F04,Grilled Chicken,1,24.0,6.5,17.5
JUL26-01395,Lunch,F04,Grilled Chicken,1,24.0,6.5,17.5
JUL26-01402,Lunch,F04,Grilled Chicken,1,24.0,6.5,17.5
JUL26-01409,Lunch,F04,Grilled Chicken,1,24.0,6.5,17.5
JUL26-01416,Lunch,F04,Grilled Chicken,1,24.0,6.5,17.5
JUL26-01423,Lunch,F04,Grilled Chicken,1,24.0,6.5,17.5
JUL26-01430,Lunch,F04,Grilled Chicken,1,24.0,6.5,17.5
JUL26-01437,Lunch,F04,Grilled Chicken,1,24.0,6.5,17.5
JUL26-01444,Lunch,F04,Grilled Chicken,1,24.0,6.5,17.5
JUL26-01451,Lunch,F04,Grilled Chicken,1,24.0,6.5,17.5
JUL26-01458,Lunch,F04,Grilled Chicken,1,24.0,6.5,17.5
JUL26-01465,Lunch,F04,Grilled Chicken,1,24.0,6.5,17.5
JUL26-01472,Lunch,F04,Grilled Chicken,1,24.0,6.5,17.5
JUL26-01479,Lunch,F04,Grilled Chicken,1,24.0,6.5,17.5
JUL26-01486,Lunch,F04,Grilled Chicken,1,24.0,6.5,17.5
JUL26-01493,Lunch,F04,Grilled Chicken,1,24.0,6.5,17.5
JUL26-01500,Lunch,F04,Grilled Chicken,1,24.0,6.5,17.5
JUL26-01507,Lunch,F04,Grilled Chicken,1,24.0,6.5,17.5
JUL26-01514,Lunch,F04,Grilled Chicken,1,24.0,6.5,17.5
JUL26-01521,Lunch,F04,Grilled Chicken,1,24.0,6.5,17.5
JUL26-01528,Lunch,F04,Grilled Chicken,1,24.0,6.5,17.5
JUL26-01535,Lunch,F04,Grilled Chicken,1,24.0,6.5,17.5
JUL26-01542,Lunch,F04,Grilled Chicken,1,24.0,6.5,17.5
JUL26-01549,Lunch,F04,Grilled Chicken,1,24.0,6.5,17.5
JUL26-01556,Lunch,F04,Grilled Chicken,1,24.0,6.5,17.5
JUL26-01563,Lunch,F04,Grilled Chicken,1,24.0,6.5,17.5
JUL26-01570,Lunch,F04,Grilled Chicken,1,24.0,6.5,17.5
JUL26-01577,Lunch,F04,Grilled Chicken,1,24.0,6.5,17.5
JUL26-01584,Lunch,F04,Grilled Chicken,1,24.0,6.5,17.5
JUL26-01591,Lunch,F04,Grilled Chicken,1,24.0,6.5,17.5
JUL26-01598,Lunch,F04,Grilled Chicken,1,24.0,6.5,17.5
JUL26-01605,Lunch,F04,Grilled Chicken,1,24.0,6.5,17.5
JUL26-01612,Lunch,F04,Grilled Chicken,1,24.0,6.5,17.5
JUL26-01619,Lunch,F04,Grilled Chicken,1,24.0,6.5,17.5
JUL26-01626,Lunch,F04,Grilled Chicken,1,24.0,6.5,17.5
JUL26-01633,Lunch,F04,Grilled Chicken,1,24.0,6.5,17.5
JUL26-01640,Lunch,F04,Grilled Chicken,1,24.0,6.5,17.5
JUL26-01647,Lunch,F04,Grilled Chicken,1,24.0,6.5,17.5
JUL26-01654,Lunch,F04,Grilled Chicken,1,24.0,6.5,17.5
JUL26-01661,Lunch,F04,Grilled Chicken,1,24.0,6.5,17.5
JUL26-01668,Lunch,F04,Grilled Chicken,1,24.0,6.5,17.5
JUL26-01675,Lunch,F04,Grilled Chicken,1,24.0,6.5,17.5
JUL26-01682,Lunch,F04,Grilled Chicken,1,24.0,6.5,17.5
JUL26-01689,Lunch,F04,Grilled Chicken,1,24.0,6.5,17.5
JUL26-01696,Lunch,F04,Grilled Chicken,1,24.0,6.5,17.5
JUL26-01703,Lunch,F04,Grilled Chicken,1,24.0,6.5,17.5
JUL26-01710,Lunch,F04,Grilled Chicken,1,24.0,6.5,17.5
JUL26-01717,Lunch,F04,Grilled Chicken,1,24.0,6.5,17.5
JUL26-01724,Lunch,F04,Grilled Chicken,1,24.0,6.5,17.5
JUL26-01731,Lunch,F04,Grilled Chicken,1,24.0,6.5,17.5
JUL26-01738,Lunch,F04,Grilled Chicken,1,24.0,6.5,17.5
JUL26-01745,Lunch,F04,Grilled Chicken,1,24.0,6.5,17.5
JUL26-01752,Lunch,F04,Grilled Chicken,1,24.0,6.5,17.5
JUL26-01759,Lunch,F04,Grilled Chicken,1,24.0,6.5,17.5
JUL26-01766,Lunch,F04,Grilled Chicken,1,24.0,6.5,17.5
JUL26-01773,Lunch,F04,Grilled Chicken,1,24.0,6.5,17.5
JUL26-01780,Lunch,F04,Grilled Chicken,1,24.0,6.5,17.5
JUL26-01787,Lunch,F04,Grilled Chicken,1,24.0,6.5,17.5
JUL26-01794,Lunch,F04,Grilled Chicken,1,24.0,6.5,17.5
JUL26-01801,Lunch,F04,Grilled Chicken,1,24.0,6.5,17.5
JUL26-01808,Lunch,F04,Grilled Chicken,1,24.0,6.5,17.5
JUL26-01815,Lunch,F04,Grilled Chicken,1,24.0,6.5,17.5
JUL26-01822,Lunch,F04,Grilled Chicken,1,24.0,6.5,17.5
JUL26-01829,Lunch,F04,Grilled Chicken,1,24.0,6.5,17.5
JUL26-01836,Lunch,F04,Grilled Chicken,1,24.0,6.5,17.5
JUL26-01843,Lunch,F04,Grilled Chicken,1,24.0,6.5,17.5
JUL26-01850,Lunch,F04,Grilled Chicken,1,24.0,6.5,17.5
JUL26-01857,Lunch,F04,Grilled Chicken,1,24.0,6.5,17.5
JUL26-01864,Lunch,F04,Grilled Chicken,1,24.0,6.5,17.5
JUL26-01871,Lunch,F04,Grilled Chicken,1,24.0,6.5,17.5
JUL26-01878,Lunch,F04,Grilled Chicken,1,24.0,6.5,17.5
JUL26-01885,Lunch,F04,Grilled Chicken,1,24.0,6.5,17.5
JUL26-01892,Lunch,F04,Grilled Chicken,1,24.0,6.5,17.5
JUL26-01899,Lunch,F04,Grilled Chicken,1,24.0,6.5,17.5
JUL26-01906,Lunch,F04,Grilled Chicken,1,24.0,6.5,17.5
JUL26-01913,Lunch,F04,Grilled Chicken,1,24.0,6.5,17.5
JUL26-01920,Lunch,F04,Grilled Chicken,1,24.0,6.5,17.5
JUL26-01927,Lunch,F04,Grilled Chicken,1,24.0,6.5,17.5
JUL26-01934,Lunch,F04,Grilled Chicken,1,24.0,6.5,17.5
JUL26-01941,Lunch,F04,Grilled Chicken,1,24.0,6.5,17.5
JUL26-01948,Lunch,F04,Grilled Chicken,1,24.0,6.5,17.5
JUL26-01955,Lunch,F04,Grilled Chicken,1,24.0,6.5,17.5
JUL26-01962,Lunch,F04,Grilled Chicken,1,24.0,6.5,17.5
JUL26-01969,Lunch,F04,Grilled Chicken,1,24.0,6.5,17.5
JUL26-01976,Lunch,F04,Grilled Chicken,1,24.0,6.5,17.5
JUL26-01983,Lunch,F04,Grilled Chicken,1,24.0,6.5,17.5
JUL26-01990,Lunch,F04,Grilled Chicken,1,24.0,6.5,17.5
JUL26-01997,Lunch,F04,Grilled Chicken,1,24.0,6.5,17.5
JUL26-02004,Lunch,F04,Grilled Chicken,1,24.0,6.5,17.5
JUL26-02011,Lunch,F04,Grilled Chicken,1,24.0,6.5,17.5
JUL26-02018,Lunch,F04,Grilled Chicken,1,24.0,6.5,17.5
JUL26-02025,Lunch,F04,Grilled Chicken,1,24.0,6.5,17.5
JUL26-02032,Lunch,F04,Grilled Chicken,1,24.0,6.5,17.5
JUL26-02039,Lunch,F04,Grilled Chicken,1,24.0,6.5,17.5
JUL26-02046,Lunch,F04,Grilled Chicken,1,24.0,6.5,17.5
JUL26-02053,Lunch,F04,Grilled Chicken,1,24.0,6.5,17.5
JUL26-02060,Lunch,F04,Grilled Chicken,1,24.0,6.5,17.5
JUL26-02067,Lunch,F04,Grilled Chicken,1,24.0,6.5,17.5
JUL26-02074,Lunch,F04,Grilled Chicken,1,24.0,6.5,17.5
JUL26-02081,Lunch,F04,Grilled Chicken,1,24.0,6.5,17.5
JUL26-02088,Lunch,F04,Grilled Chicken,1,24.0,6.5,17.5
JUL26-02095,Lunch,F04,Grilled Chicken,1,24.0,6.5,17.5
JUL26-02102,Lunch,F04,Grilled Chicken,1,24.0,6.5,17.5
JUL26-02109,Lunch,F04,Grilled Chicken,1,24.0,6.5,17.5
JUL26-02116,Lunch,F04,Grilled Chicken,1,24.0,6.5,17.5
JUL26-02123,Lunch,F04,Grilled Chicken,1,24.0,6.5,17.5
JUL26-02130,Lunch,F04,Grilled Chicken,1,24.0,6.5,17.5
JUL26-02137,Lunch,F04,Grilled Chicken,1,24.0,6.5,17.5
JUL26-02144,Lunch,F04,Grilled Chicken,1,24.0,6.5,17.5
JUL26-02151,Lunch,F04,Grilled Chicken,1,24.0,6.5,17.5
JUL26-02158,Lunch,F04,Grilled Chicken,1,24.0,6.5,17.5
JUL26-02165,Lunch,F04,Grilled Chicken,1,24.0,6.5,17.5
JUL26-02172,Lunch,F04,Grilled Chicken,1,24.0,6.5,17.5
JUL26-02179,Lunch,F04,Grilled Chicken,1,24.0,6.5,17.5
JUL26-02186,Dinner,F04,Grilled Chicken,1,24.0,6.5,17.5
JUL26-02193,Dinner,F04,Grilled Chicken,1,24.0,6.5,17.5
JUL26-02200,Dinner,F04,Grilled Chicken,1,24.0,6.5,17.5
JUL26-02207,Dinner,F04,Grilled Chicken,1,24.0,6.5,17.5
JUL26-02214,Dinner,F04,Grilled Chicken,1,24.0,6.5,17.5
JUL26-02221,Dinner,F04,Grilled Chicken,1,24.0,6.5,17.5
JUL26-02228,Dinner,F04,Grilled Chicken,1,24.0,6.5,17.5
JUL26-02235,Dinner,F04,Grilled Chicken,1,24.0,6.5,17.5
JUL26-02242,Dinner,F04,Grilled Chicken,1,24.0,6.5,17.5
JUL26-02249,Dinner,F04,Grilled Chicken,1,24.0,6.5,17.5
JUL26-02256,Dinner,F04,Grilled Chicken,1,24.0,6.5,17.5
JUL26-02263,Dinner,F04,Grilled Chicken,1,24.0,6.5,17.5
JUL26-02270,Dinner,F04,Grilled Chicken,1,24.0,6.5,17.5
JUL26-02277,Dinner,F04,Grilled Chicken,1,24.0,6.5,17.5
JUL26-02284,Dinner,F04,Grilled Chicken,1,24.0,6.5,17.5
JUL26-02291,Dinner,F04,Grilled Chicken,1,24.0,6.5,17.5
JUL26-02298,Dinner,F04,Grilled Chicken,1,24.0,6.5,17.5
JUL26-02305,Dinner,F04,Grilled Chicken,1,24.0,6.5,17.5
JUL26-02312,Dinner,F04,Grilled Chicken,1,24.0,6.5,17.5
JUL26-02319,Dinner,F04,Grilled Chicken,1,24.0,6.5,17.5
JUL26-02326,Dinner,F04,Grilled Chicken,1,24.0,6.5,17.5
JUL26-02333,Dinner,F04,Grilled Chicken,1,24.0,6.5,17.5
JUL26-02340,Dinner,F04,Grilled Chicken,1,24.0,6.5,17.5
JUL26-02347,Dinner,F04,Grilled Chicken,1,24.0,6.5,17.5
JUL26-02354,Dinner,F04,Grilled Chicken,1,24.0,6.5,17.5
JUL26-02361,Dinner,F04,Grilled Chicken,1,24.0,6.5,17.5
JUL26-02368,Dinner,F04,Grilled Chicken,1,24.0,6.5,17.5
JUL26-02375,Dinner,F04,Grilled Chicken,1,24.0,6.5,17.5
JUL26-02382,Dinner,F04,Grilled Chicken,1,24.0,6.5,17.5
JUL26-02389,Dinner,F04,Grilled Chicken,1,24.0,6.5,17.5
JUL26-02396,Dinner,F04,Grilled Chicken,1,24.0,6.5,17.5
JUL26-02403,Dinner,F04,Grilled Chicken,1,24.0,6.5,17.5
JUL26-02410,Dinner,F04,Grilled Chicken,1,24.0,6.5,17.5
JUL26-02417,Dinner,F04,Grilled Chicken,1,24.0,6.5,17.5
JUL26-02424,Dinner,F04,Grilled Chicken,1,24.0,6.5,17.5
JUL26-02431,Dinner,F04,Grilled Chicken,1,24.0,6.5,17.5
JUL26-02438,Dinner,F04,Grilled Chicken,1,24.0,6.5,17.5
JUL26-02445,Dinner,F04,Grilled Chicken,1,24.0,6.5,17.5
JUL26-02452,Dinner,F04,Grilled Chicken,1,24.0,6.5,17.5
JUL26-02459,Dinner,F04,Grilled Chicken,1,24.0,6.5,17.5
JUL26-02466,Dinner,F04,Grilled Chicken,1,24.0,6.5,17.5
JUL26-02473,Dinner,F04,Grilled Chicken,1,24.0,6.5,17.5
JUL26-02480,Dinner,F04,Grilled Chicken,1,24.0,6.5,17.5
JUL26-02487,Dinner,F04,Grilled Chicken,1,24.0,6.5,17.5
JUL26-02494,Dinner,F04,Grilled Chicken,1,24.0,6.5,17.5
JUL26-02501,Dinner,F04,Grilled Chicken,1,24.0,6.5,17.5
JUL26-02508,Dinner,F04,Grilled Chicken,1,24.0,6.5,17.5
JUL26-02515,Dinner,F04,Grilled Chicken,1,24.0,6.5,17.5
JUL26-02522,Dinner,F04,Grilled Chicken,1,24.0,6.5,17.5
JUL26-02529,Dinner,F04,Grilled Chicken,1,24.0,6.5,17.5
JUL26-02536,Dinner,F04,Grilled Chicken,1,24.0,6.5,17.5
JUL26-02543,Dinner,F04,Grilled Chicken,1,24.0,6.5,17.5
JUL26-02550,Dinner,F04,Grilled Chicken,1,24.0,6.5,17.5
JUL26-02557,Dinner,F04,Grilled Chicken,1,24.0,6.5,17.5
JUL26-02564,Dinner,F04,Grilled Chicken,1,24.0,6.5,17.5
JUL26-02571,Dinner,F04,Grilled Chicken,1,24.0,6.5,17.5
JUL26-02578,Dinner,F04,Grilled Chicken,1,24.0,6.5,17.5
JUL26-02585,Dinner,F04,Grilled Chicken,1,24.0,6.5,17.5
JUL26-02592,Dinner,F04,Grilled Chicken,1,24.0,6.5,17.5
JUL26-02599,Dinner,F04,Grilled Chicken,1,24.0,6.5,17.5
JUL26-02606,Dinner,F04,Grilled Chicken,1,24.0,6.5,17.5
JUL26-02613,Dinner,F04,Grilled Chicken,1,24.0,6.5,17.5
JUL26-02620,Dinner,F04,Grilled Chicken,1,24.0,6.5,17.5
JUL26-02627,Dinner,F04,Grilled Chicken,1,24.0,6.5,17.5
JUL26-02634,Dinner,F04,Grilled Chicken,1,24.0,6.5,17.5
JUL26-02641,Dinner,F04,Grilled Chicken,1,24.0,6.5,17.5
JUL26-02648,Dinner,F04,Grilled Chicken,1,24.0,6.5,17.5
JUL26-02655,Dinner,F04,Grilled Chicken,1,24.0,6.5,17.5
JUL26-02662,Dinner,F04,Grilled Chicken,1,24.0,6.5,17.5
JUL26-02669,Dinner,F04,Grilled Chicken,1,24.0,6.5,17.5
JUL26-02676,Dinner,F04,Grilled Chicken,1,24.0,6.5,17.5
JUL26-02683,Dinner,F04,Grilled Chicken,1,24.0,6.5,17.5
JUL26-02690,Dinner,F04,Grilled Chicken,1,24.0,6.5,17.5
JUL26-02697,Dinner,F04,Grilled Chicken,1,24.0,6.5,17.5
JUL26-02704,Dinner,F04,Grilled Chicken,1,24.0,6.5,17.5
JUL26-02711,Dinner,F04,Grilled Chicken,1,24.0,6.5,17.5
JUL26-02718,Dinner,F04,Grilled Chicken,1,24.0,6.5,17.5
JUL26-02725,Dinner,F04,Grilled Chicken,1,24.0,6.5,17.5
JUL26-02732,Dinner,F04,Grilled Chicken,1,24.0,6.5,17.5
JUL26-02739,Dinner,F04,Grilled Chicken,1,24.0,6.5,17.5
JUL26-02746,Dinner,F04,Grilled Chicken,1,24.0,6.5,17.5
JUL26-02753,Dinner,F04,Grilled Chicken,1,24.0,6.5,17.5
JUL26-02760,Dinner,F04,Grilled Chicken,1,24.0,6.5,17.5
JUL26-02767,Dinner,F04,Grilled Chicken,1,24.0,6.5,17.5
JUL26-02774,Dinner,F04,Grilled Chicken,1,24.0,6.5,17.5
JUL26-02781,Dinner,F04,Grilled Chicken,1,24.0,6.5,17.5
JUL26-02788,Dinner,F04,Grilled Chicken,1,24.0,6.5,17.5
JUL26-02795,Dinner,F04,Grilled Chicken,1,24.0,6.5,17.5
JUL26-02802,Dinner,F04,Grilled Chicken,1,24.0,6.5,17.5
JUL26-02809,Dinner,F04,Grilled Chicken,1,24.0,6.5,17.5
JUL26-02816,Dinner,F04,Grilled Chicken,1,24.0,6.5,17.5
JUL26-02823,Dinner,F04,Grilled Chicken,1,24.0,6.5,17.5
JUL26-02830,Dinner,F04,Grilled Chicken,1,24.0,6.5,17.5
JUL26-02837,Dinner,F04,Grilled Chicken,1,24.0,6.5,17.5
JUL26-02844,Dinner,F04,Grilled Chicken,1,24.0,6.5,17.5
JUL26-02851,Dinner,F04,Grilled Chicken,1,24.0,6.5,17.5
JUL26-02858,Dinner,F04,Grilled Chicken,1,24.0,6.5,17.5
JUL26-02865,Dinner,F04,Grilled Chicken,1,24.0,6.5,17.5
JUL26-02872,Dinner,F04,Grilled Chicken,1,24.0,6.5,17.5
JUL26-02879,Dinner,F04,Grilled Chicken,1,24.0,6.5,17.5
JUL26-02886,Dinner,F04,Grilled Chicken,1,24.0,6.5,17.5
JUL26-02893,Dinner,F04,Grilled Chicken,1,24.0,6.5,17.5
JUL26-02900,Dinner,F04,Grilled Chicken,1,24.0,6.5,17.5
JUL26-02907,Dinner,F04,Grilled Chicken,1,24.0,6.5,17.5
JUL26-02914,Dinner,F04,Grilled Chicken,1,24.0,6.5,17.5
JUL26-02921,Dinner,F04,Grilled Chicken,1,24.0,6.5,17.5
JUL26-02928,Dinner,F04,Grilled Chicken,1,24.0,6.5,17.5
JUL26-02935,Dinner,F04,Grilled Chicken,1,24.0,6.5,17.5
JUL26-02942,Dinner,F04,Grilled Chicken,1,24.0,6.5,17.5
JUL26-02949,Dinner,F04,Grilled Chicken,1,24.0,6.5,17.5
JUL26-02956,Dinner,F04,Grilled Chicken,1,24.0,6.5,17.5
JUL26-02963,Dinner,F04,Grilled Chicken,1,24.0,6.5,17.5
JUL26-02970,Dinner,F04,Grilled Chicken,1,24.0,6.5,17.5
JUL26-02977,Dinner,F04,Grilled Chicken,1,24.0,6.5,17.5
JUL26-02984,Dinner,F04,Grilled Chicken,1,24.0,6.5,17.5
JUL26-02991,Dinner,F04,Grilled Chicken,1,24.0,6.5,17.5
JUL26-02998,Dinner,F04,Grilled Chicken,1,24.0,6.5,17.5
JUL26-03005,Dinner,F04,Grilled Chicken,1,24.0,6.5,17.5
JUL26-03012,Dinner,F04,Grilled Chicken,1,24.0,6.5,17.5
JUL26-03019,Dinner,F04,Grilled Chicken,1,24.0,6.5,17.5
JUL26-03026,Dinner,F04,Grilled Chicken,1,24.0,6.5,17.5
JUL26-03033,Dinner,F04,Grilled Chicken,1,24.0,6.5,17.5
JUL26-03040,Dinner,F04,Grilled Chicken,1,24.0,6.5,17.5
JUL26-03047,Dinner,F04,Grilled Chicken,1,24.0,6.5,17.5
JUL26-03054,Dinner,F04,Grilled Chicken,1,24.0,6.5,17.5
JUL26-03061,Dinner,F04,Grilled Chicken,1,24.0,6.5,17.5
JUL26-03068,Dinner,F04,Grilled Chicken,1,24.0,6.5,17.5
JUL26-03075,Dinner,F04,Grilled Chicken,1,24.0,6.5,17.5
JUL26-03082,Dinner,F04,Grilled Chicken,1,24.0,6.5,17.5
JUL26-03089,Dinner,F04,Grilled Chicken,1,24.0,6.5,17.5
JUL26-03096,Dinner,F04,Grilled Chicken,1,24.0,6.5,17.5
JUL26-03103,Dinner,F04,Grilled Chicken,1,24.0,6.5,17.5
JUL26-03110,Dinner,F04,Grilled Chicken,1,24.0,6.5,17.5
JUL26-03117,Dinner,F04,Grilled Chicken,1,24.0,6.5,17.5
JUL26-03124,Dinner,F04,Grilled Chicken,1,24.0,6.5,17.5
JUL26-03131,Dinner,F04,Grilled Chicken,1,24.0,6.5,17.5
JUL26-03138,Dinner,F04,Grilled Chicken,1,24.0,6.5,17.5
JUL26-03145,Dinner,F04,Grilled Chicken,1,24.0,6.5,17.5
JUL26-03152,Dinner,F04,Grilled Chicken,1,24.0,6.5,17.5
JUL26-03159,Dinner,F04,Grilled Chicken,1,24.0,6.5,17.5
JUL26-03166,Dinner,F04,Grilled Chicken,1,24.0,6.5,17.5
JUL26-03173,Dinner,F04,Grilled Chicken,1,24.0,6.5,17.5
JUL26-03180,Dinner,F04,Grilled Chicken,1,24.0,6.5,17.5
JUL26-03187,Dinner,F04,Grilled Chicken,1,24.0,6.5,17.5
JUL26-03194,Dinner,F04,Grilled Chicken,1,24.0,6.5,17.5
JUL26-03201,Dinner,F04,Grilled Chicken,1,24.0,6.5,17.5
JUL26-03208,Dinner,F04,Grilled Chicken,1,24.0,6.5,17.5
JUL26-03215,Dinner,F04,Grilled Chicken,1,24.0,6.5,17.5
JUL26-03222,Dinner,F04,Grilled Chicken,1,24.0,6.5,17.5
JUL26-03229,Dinner,F04,Grilled Chicken,1,24.0,6.5,17.5
JUL26-03236,Dinner,F04,Grilled Chicken,1,24.0,6.5,17.5
JUL26-03243,Dinner,F04,Grilled Chicken,1,24.0,6.5,17.5
JUL26-03250,Dinner,F04,Grilled Chicken,1,24.0,6.5,17.5
JUL26-03257,Dinner,F04,Grilled Chicken,1,24.0,6.5,17.5
JUL26-03264,Dinner,F04,Grilled Chicken,1,24.0,6.5,17.5
JUL26-03271,Dinner,F04,Grilled Chicken,1,24.0,6.5,17.5
JUL26-03278,Dinner,F04,Grilled Chicken,1,24.0,6.5,17.5
JUL26-03285,Dinner,F04,Grilled Chicken,1,24.0,6.5,17.5
JUL26-03292,Dinner,F04,Grilled Chicken,1,24.0,6.5,17.5
JUL26-03299,Dinner,F04,Grilled Chicken,1,24.0,6.5,17.5
JUL26-03306,Dinner,F04,Grilled Chicken,1,24.0,6.5,17.5
JUL26-03313,Dinner,F04,Grilled Chicken,1,24.0,6.5,17.5
JUL26-03320,Dinner,F04,Grilled Chicken,1,24.0,6.5,17.5
JUL26-03327,Dinner,F04,Grilled Chicken,1,24.0,6.5,17.5
JUL26-03334,Dinner,F04,Grilled Chicken,1,24.0,6.5,17.5
JUL26-03341,Dinner,F04,Grilled Chicken,1,24.0,6.5,17.5
JUL26-03348,Dinner,F04,Grilled Chicken,1,24.0,6.5,17.5
JUL26-03355,Dinner,F04,Grilled Chicken,1,24.0,6.5,17.5
JUL26-03362,Dinner,F04,Grilled Chicken,1,24.0,6.5,17.5
JUL26-03369,Dinner,F04,Grilled Chicken,1,24.0,6.5,17.5
JUL26-03376,Dinner,F04,Grilled Chicken,1,24.0,6.5,17.5
JUL26-03383,Dinner,F04,Grilled Chicken,1,24.0,6.5,17.5
JUL26-03390,Dinner,F04,Grilled Chicken,1,24.0,6.5,17.5
JUL26-03397,Dinner,F04,Grilled Chicken,1,24.0,6.5,17.5
JUL26-03404,Dinner,F04,Grilled Chicken,1,24.0,6.5,17.5
JUL26-03411,Dinner,F04,Grilled Chicken,1,24.0,6.5,17.5
JUL26-03418,Dinner,F04,Grilled Chicken,1,24.0,6.5,17.5
JUL26-03425,Dinner,F04,Grilled Chicken,1,24.0,6.5,17.5
JUL26-03432,Dinner,F04,Grilled Chicken,1,24.0,6.5,17.5
JUL26-03439,Dinner,F04,Grilled Chicken,1,24.0,6.5,17.5
JUL26-03446,Dinner,F04,Grilled Chicken,1,24.0,6.5,17.5
JUL26-03453,Dinner,F04,Grilled Chicken,1,24.0,6.5,17.5
JUL26-03460,Dinner,F04,Grilled Chicken,1,24.0,6.5,17.5
JUL26-03467,Dinner,F04,Grilled Chicken,1,24.0,6.5,17.5
JUL26-03474,Dinner,F04,Grilled Chicken,1,24.0,6.5,17.5
JUL26-03481,Dinner,F04,Grilled Chicken,1,24.0,6.5,17.5
JUL26-03488,Dinner,F04,Grilled Chicken,1,24.0,6.5,17.5
JUL26-03495,Dinner,F04,Grilled Chicken,1,24.0,6.5,17.5
JUL26-03502,Dinner,F04,Grilled Chicken,1,24.0,6.5,17.5
JUL26-03509,Dinner,F04,Grilled Chicken,1,24.0,6.5,17.5
JUL26-03516,Dinner,F04,Grilled Chicken,1,24.0,6.5,17.5
JUL26-03523,Dinner,F04,Grilled Chicken,1,24.0,6.5,17.5
JUL26-03530,Dinner,F04,Grilled Chicken,1,24.0,6.5,17.5
JUL26-03537,Dinner,F04,Grilled Chicken,1,24.0,6.5,17.5
JUL26-03544,Dinner,F04,Grilled Chicken,1,24.0,6.5,17.5
JUL26-03551,Dinner,F04,Grilled Chicken,1,24.0,6.5,17.5
JUL26-03558,Dinner,F04,Grilled Chicken,1,24.0,6.5,17.5
JUL26-03565,Dinner,F04,Grilled Chicken,1,24.0,6.5,17.5
JUL26-03572,Dinner,F04,Grilled Chicken,1,24.0,6.5,17.5
JUL26-03579,Dinner,F04,Grilled Chicken,1,24.0,6.5,17.5
JUL26-03586,Dinner,F04,Grilled Chicken,1,24.0,6.5,17.5
JUL26-03593,Dinner,F04,Grilled Chicken,1,24.0,6.5,17.5
JUL26-03600,Dinner,F04,Grilled Chicken,1,24.0,6.5,17.5
JUL26-03607,Dinner,F04,Grilled Chicken,1,24.0,6.5,17.5
JUL26-03614,Dinner,F04,Grilled Chicken,1,24.0,6.5,17.5
JUL26-03621,Dinner,F04,Grilled Chicken,1,24.0,6.5,17.5
JUL26-03628,Dinner,F04,Grilled Chicken,1,24.0,6.5,17.5
JUL26-03635,Dinner,F04,Grilled Chicken,1,24.0,6.5,17.5
JUL26-03642,Dinner,F04,Grilled Chicken,1,24.0,6.5,17.5
JUL26-03649,Dinner,F04,Grilled Chicken,1,24.0,6.5,17.5
JUL26-03656,Dinner,F04,Grilled Chicken,1,24.0,6.5,17.5
JUL26-03663,Dinner,F04,Grilled Chicken,1,24.0,6.5,17.5
JUL26-03670,Dinner,F04,Grilled Chicken,1,24.0,6.5,17.5
JUL26-03677,Dinner,F04,Grilled Chicken,1,24.0,6.5,17.5
JUL26-03684,Dinner,F04,Grilled Chicken,1,24.0,6.5,17.5
JUL26-03691,Dinner,F04,Grilled Chicken,1,24.0,6.5,17.5
JUL26-03698,Dinner,F04,Grilled Chicken,1,24.0,6.5,17.5
JUL26-03705,Dinner,F04,Grilled Chicken,1,24.0,6.5,17.5
JUL26-03712,Dinner,F04,Grilled Chicken,1,24.0,6.5,17.5
JUL26-03719,Dinner,F04,Grilled Chicken,1,24.0,6.5,17.5
JUL26-03726,Dinner,F04,Grilled Chicken,1,24.0,6.5,17.5
JUL26-03733,Dinner,F04,Grilled Chicken,1,24.0,6.5,17.5
JUL26-03740,Dinner,F04,Grilled Chicken,1,24.0,6.5,17.5
JUL26-03747,Dinner,F04,Grilled Chicken,1,24.0,6.5,17.5
JUL26-03754,Dinner,F04,Grilled Chicken,1,24.0,6.5,17.5
JUL26-03761,Dinner,F04,Grilled Chicken,1,24.0,6.5,17.5
JUL26-03768,Dinner,F04,Grilled Chicken,1,24.0,6.5,17.5
JUL26-03775,Dinner,F04,Grilled Chicken,1,24.0,6.5,17.5
JUL26-03782,Dinner,F04,Grilled Chicken,1,24.0,6.5,17.5
JUL26-03789,Dinner,F04,Grilled Chicken,1,24.0,6.5,17.5
JUL26-03796,Dinner,F04,Grilled Chicken,1,24.0,6.5,17.5
JUL26-03803,Dinner,F04,Grilled Chicken,1,24.0,6.5,17.5
JUL26-03810,Dinner,F04,Grilled Chicken,1,24.0,6.5,17.5
JUL26-03817,Dinner,F04,Grilled Chicken,1,24.0,6.5,17.5
JUL26-03824,Dinner,F04,Grilled Chicken,1,24.0,6.5,17.5
JUL26-03831,Dinner,F04,Grilled Chicken,1,24.0,6.5,17.5
JUL26-03838,Dinner,F04,Grilled Chicken,1,24.0,6.5,17.5
JUL26-03845,Dinner,F04,Grilled Chicken,1,24.0,6.5,17.5
JUL26-03852,Dinner,F04,Grilled Chicken,1,24.0,6.5,17.5
JUL26-03859,Dinner,F04,Grilled Chicken,1,24.0,6.5,17.5
JUL26-03866,Dinner,F04,Grilled Chicken,1,24.0,6.5,17.5
JUL26-03873,Dinner,F04,Grilled Chicken,1,24.0,6.5,17.5
JUL26-03880,Dinner,F04,Grilled Chicken,1,24.0,6.5,17.5
JUL26-03887,Dinner,F04,Grilled Chicken,1,24.0,6.5,17.5
JUL26-03894,Dinner,F04,Grilled Chicken,1,24.0,6.5,17.5
JUL26-03901,Dinner,F04,Grilled Chicken,1,24.0,6.5,17.5
JUL26-03908,Dinner,F04,Grilled Chicken,1,24.0,6.5,17.5
JUL26-03915,Dinner,F04,Grilled Chicken,1,24.0,6.5,17.5
JUL26-03922,Dinner,F04,Grilled Chicken,1,24.0,6.5,17.5
JUL26-03929,Dinner,F04,Grilled Chicken,1,24.0,6.5,17.5
JUL26-03936,Dinner,F04,Grilled Chicken,1,24.0,6.5,17.5
JUL26-03943,Dinner,F04,Grilled Chicken,1,24.0,6.5,17.5
JUL26-03950,Dinner,F04,Grilled Chicken,1,24.0,6.5,17.5
JUL26-03957,Dinner,F04,Grilled Chicken,1,24.0,6.5,17.5
JUL26-03964,Dinner,F04,Grilled Chicken,1,24.0,6.5,17.5
JUL26-03971,Dinner,F04,Grilled Chicken,1,24.0,6.5,17.5
JUL26-03978,Dinner,F04,Grilled Chicken,1,24.0,6.5,17.5
JUL26-03985,Dinner,F04,Grilled Chicken,1,24.0,6.5,17.5
JUL26-03992,Dinner,F04,Grilled Chicken,1,24.0,6.5,17.5
JUL26-03999,Dinner,F04,Grilled Chicken,1,24.0,6.5,17.5
JUL26-04006,Dinner,F04,Grilled Chicken,1,24.0,6.5,17.5
JUL26-04013,Dinner,F04,Grilled Chicken,1,24.0,6.5,17.5
JUL26-04020,Dinner,F04,Grilled Chicken,1,24.0,6.5,17.5
JUL26-04027,Dinner,F04,Grilled Chicken,1,24.0,6.5,17.5
JUL26-04034,Dinner,F04,Grilled Chicken,1,24.0,6.5,17.5
JUL26-04041,Dinner,F04,Grilled Chicken,1,24.0,6.5,17.5
JUL26-04048,Dinner,F04,Grilled Chicken,1,24.0,6.5,17.5
JUL26-04055,Dinner,F04,Grilled Chicken,1,24.0,6.5,17.5
JUL26-04062,Dinner,F04,Grilled Chicken,1,24.0,6.5,17.5
JUL26-04069,Dinner,F04,Grilled Chicken,1,24.0,6.5,17.5
JUL26-04076,Dinner,F04,Grilled Chicken,1,24.0,6.5,17.5
JUL26-04083,Dinner,F04,Grilled Chicken,1,24.0,6.5,17.5
JUL26-04090,Dinner,F04,Grilled Chicken,1,24.0,6.5,17.5
JUL26-04097,Dinner,F04,Grilled Chicken,1,24.0,6.5,17.5
JUL26-04104,Dinner,F04,Grilled Chicken,1,24.0,6.5,17.5
JUL26-04111,Dinner,F04,Grilled Chicken,1,24.0,6.5,17.5
JUL26-04118,Dinner,F04,Grilled Chicken,1,24.0,6.5,17.5
JUL26-04125,Dinner,F04,Grilled Chicken,1,24.0,6.5,17.5
JUL26-04132,Dinner,F04,Grilled Chicken,1,24.0,6.5,17.5
JUL26-04139,Dinner,F04,Grilled Chicken,1,24.0,6.5,17.5
JUL26-04146,Dinner,F04,Grilled Chicken,1,24.0,6.5,17.5
JUL26-04153,Dinner,F04,Grilled Chicken,1,24.0,6.5,17.5
JUL26-04160,Dinner,F04,Grilled Chicken,1,24.0,6.5,17.5
JUL26-04167,Dinner,F04,Grilled Chicken,1,24.0,6.5,17.5
JUL26-04174,Dinner,F04,Grilled Chicken,1,24.0,6.5,17.5
JUL26-04181,Dinner,F04,Grilled Chicken,1,24.0,6.5,17.5
JUL26-04188,Dinner,F04,Grilled Chicken,1,24.0,6.5,17.5
JUL26-04195,Dinner,F04,Grilled Chicken,1,24.0,6.5,17.5
JUL26-04202,Dinner,F04,Grilled Chicken,1,24.0,6.5,17.5
JUL26-04209,Dinner,F04,Grilled Chicken,1,24.0,6.5,17.5
JUL26-04216,Dinner,F04,Grilled Chicken,1,24.0,6.5,17.5
JUL26-04223,Dinner,F04,Grilled Chicken,1,24.0,6.5,17.5
JUL26-04230,Dinner,F04,Grilled Chicken,1,24.0,6.5,17.5
JUL26-04237,Dinner,F04,Grilled Chicken,1,24.0,6.5,17.5
JUL26-04244,Dinner,F04,Grilled Chicken,1,24.0,6.5,17.5
JUL26-04251,Dinner,F04,Grilled Chicken,1,24.0,6.5,17.5
JUL26-04258,Dinner,F04,Grilled Chicken,1,24.0,6.5,17.5
JUL26-04265,Dinner,F04,Grilled Chicken,1,24.0,6.5,17.5
JUL26-04272,Dinner,F04,Grilled Chicken,1,24.0,6.5,17.5
JUL26-04279,Dinner,F04,Grilled Chicken,1,24.0,6.5,17.5
JUL26-04286,Dinner,F04,Grilled Chicken,1,24.0,6.5,17.5
JUL26-04293,Dinner,F04,Grilled Chicken,1,24.0,6.5,17.5
JUL26-04300,Dinner,F04,Grilled Chicken,1,24.0,6.5,17.5
JUL26-04307,Dinner,F04,Grilled Chicken,1,24.0,6.5,17.5
JUL26-04314,Dinner,F04,Grilled Chicken,1,24.0,6.5,17.5
JUL26-04321,Dinner,F04,Grilled Chicken,1,24.0,6.5,17.5
JUL26-04328,Dinner,F04,Grilled Chicken,1,24.0,6.5,17.5
JUL26-04335,Dinner,F04,Grilled Chicken,1,24.0,6.5,17.5
JUL26-04342,Dinner,F04,Grilled Chicken,1,24.0,6.5,17.5
JUL26-04349,Dinner,F04,Grilled Chicken,1,24.0,6.5,17.5
JUL26-04356,Dinner,F04,Grilled Chicken,1,24.0,6.5,17.5
JUL26-04363,Dinner,F04,Grilled Chicken,1,24.0,6.5,17.5
JUL26-04370,Dinner,F04,Grilled Chicken,1,24.0,6.5,17.5
JUL26-04377,Dinner,F04,Grilled Chicken,1,24.0,6.5,17.5
JUL26-04384,Dinner,F04,Grilled Chicken,1,24.0,6.5,17.5
JUL26-04391,Dinner,F04,Grilled Chicken,1,24.0,6.5,17.5
JUL26-04398,Dinner,F04,Grilled Chicken,1,24.0,6.5,17.5
JUL26-04405,Dinner,F04,Grilled Chicken,1,24.0,6.5,17.5
JUL26-04412,Dinner,F04,Grilled Chicken,1,24.0,6.5,17.5
JUL26-04419,Dinner,F04,Grilled Chicken,1,24.0,6.5,17.5
JUL26-04426,Dinner,F04,Grilled Chicken,1,24.0,6.5,17.5
JUL26-04433,Dinner,F04,Grilled Chicken,1,24.0,6.5,17.5
JUL26-04440,Dinner,F04,Grilled Chicken,1,24.0,6.5,17.5
JUL26-04447,Dinner,F04,Grilled Chicken,1,24.0,6.5,17.5
JUL26-04454,Dinner,F04,Grilled Chicken,1,24.0,6.5,17.5
JUL26-04461,Dinner,F04,Grilled Chicken,1,24.0,6.5,17.5
JUL26-04468,Dinner,F04,Grilled Chicken,1,24.0,6.5,17.5
JUL26-04475,Dinner,F04,Grilled Chicken,1,24.0,6.5,17.5
JUL26-04482,Dinner,F04,Grilled Chicken,1,24.0,6.5,17.5
JUL26-04489,Dinner,F04,Grilled Chicken,1,24.0,6.5,17.5
JUL26-04496,Dinner,F04,Grilled Chicken,1,24.0,6.5,17.5
JUL26-04503,Dinner,F04,Grilled Chicken,1,24.0,6.5,17.5
JUL26-04510,Dinner,F04,Grilled Chicken,1,24.0,6.5,17.5
JUL26-04517,Dinner,F04,Grilled Chicken,1,24.0,6.5,17.5
JUL26-04524,Dinner,F04,Grilled Chicken,1,24.0,6.5,17.5
JUL26-04531,Dinner,F04,Grilled Chicken,1,24.0,6.5,17.5
JUL26-04538,Dinner,F04,Grilled Chicken,1,24.0,6.5,17.5
JUL26-04545,Dinner,F04,Grilled Chicken,1,24.0,6.5,17.5
JUL26-04552,Dinner,F04,Grilled Chicken,1,24.0,6.5,17.5
JUL26-04559,Dinner,F04,Grilled Chicken,1,24.0,6.5,17.5
JUL26-04566,Dinner,F04,Grilled Chicken,1,24.0,6.5,17.5
JUL26-04573,Delivery / Takeaway,F04,Grilled Chicken,1,24.0,6.5,17.5
JUL26-04580,Delivery / Takeaway,F04,Grilled Chicken,1,24.0,6.5,17.5
JUL26-04587,Delivery / Takeaway,F04,Grilled Chicken,1,24.0,6.5,17.5
JUL26-04594,Delivery / Takeaway,F04,Grilled Chicken,1,24.0,6.5,17.5
JUL26-04601,Delivery / Takeaway,F04,Grilled Chicken,1,24.0,6.5,17.5
JUL26-04608,Delivery / Takeaway,F04,Grilled Chicken,1,24.0,6.5,17.5
JUL26-04615,Delivery / Takeaway,F04,Grilled Chicken,1,24.0,6.5,17.5
JUL26-04622,Delivery / Takeaway,F04,Grilled Chicken,1,24.0,6.5,17.5
JUL26-04629,Delivery / Takeaway,F04,Grilled Chicken,1,24.0,6.5,17.5
JUL26-04636,Delivery / Takeaway,F04,Grilled Chicken,1,24.0,6.5,17.5
JUL26-04643,Delivery / Takeaway,F04,Grilled Chicken,1,24.0,6.5,17.5
JUL26-04650,Delivery / Takeaway,F04,Grilled Chicken,1,24.0,6.5,17.5
JUL26-04657,Delivery / Takeaway,F04,Grilled Chicken,1,24.0,6.5,17.5
JUL26-04664,Delivery / Takeaway,F04,Grilled Chicken,1,24.0,6.5,17.5
JUL26-04671,Delivery / Takeaway,F04,Grilled Chicken,1,24.0,6.5,17.5
JUL26-04678,Delivery / Takeaway,F04,Grilled Chicken,1,24.0,6.5,17.5
JUL26-04685,Delivery / Takeaway,F04,Grilled Chicken,1,24.0,6.5,17.5
JUL26-04692,Delivery / Takeaway,F04,Grilled Chicken,1,24.0,6.5,17.5
JUL26-04699,Delivery / Takeaway,F04,Grilled Chicken,1,24.0,6.5,17.5
JUL26-04706,Delivery / Takeaway,F04,Grilled Chicken,1,24.0,6.5,17.5
JUL26-04713,Delivery / Takeaway,F04,Grilled Chicken,1,24.0,6.5,17.5
JUL26-04720,Delivery / Takeaway,F04,Grilled Chicken,1,24.0,6.5,17.5
JUL26-04727,Delivery / Takeaway,F04,Grilled Chicken,1,24.0,6.5,17.5
JUL26-04734,Delivery / Takeaway,F04,Grilled Chicken,1,24.0,6.5,17.5
JUL26-04741,Delivery / Takeaway,F04,Grilled Chicken,1,24.0,6.5,17.5
JUL26-04748,Delivery / Takeaway,F04,Grilled Chicken,1,24.0,6.5,17.5
JUL26-04755,Delivery / Takeaway,F04,Grilled Chicken,1,24.0,6.5,17.5
JUL26-04762,Delivery / Takeaway,F04,Grilled Chicken,1,24.0,6.5,17.5
JUL26-04769,Delivery / Takeaway,F04,Grilled Chicken,1,24.0,6.5,17.5
JUL26-04776,Delivery / Takeaway,F04,Grilled Chicken,1,24.0,6.5,17.5
JUL26-04783,Delivery / Takeaway,F04,Grilled Chicken,1,24.0,6.5,17.5
JUL26-04790,Delivery / Takeaway,F04,Grilled Chicken,1,24.0,6.5,17.5
JUL26-04797,Delivery / Takeaway,F04,Grilled Chicken,1,24.0,6.5,17.5
JUL26-04804,Delivery / Takeaway,F04,Grilled Chicken,1,24.0,6.5,17.5
JUL26-04811,Delivery / Takeaway,F04,Grilled Chicken,1,24.0,6.5,17.5
JUL26-04818,Delivery / Takeaway,F04,Grilled Chicken,1,24.0,6.5,17.5
JUL26-04825,Delivery / Takeaway,F04,Grilled Chicken,1,24.0,6.5,17.5
JUL26-04832,Delivery / Takeaway,F04,Grilled Chicken,1,24.0,6.5,17.5
JUL26-04839,Delivery / Takeaway,F04,Grilled Chicken,1,24.0,6.5,17.5
JUL26-04846,Delivery / Takeaway,F04,Grilled Chicken,1,24.0,6.5,17.5
JUL26-04853,Delivery / Takeaway,F04,Grilled Chicken,1,24.0,6.5,17.5
JUL26-04860,Delivery / Takeaway,F04,Grilled Chicken,1,24.0,6.5,17.5
JUL26-04867,Delivery / Takeaway,F04,Grilled Chicken,1,24.0,6.5,17.5
JUL26-04874,Delivery / Takeaway,F04,Grilled Chicken,1,24.0,6.5,17.5
JUL26-04881,Delivery / Takeaway,F04,Grilled Chicken,1,24.0,6.5,17.5
JUL26-04888,Delivery / Takeaway,F04,Grilled Chicken,1,24.0,6.5,17.5
JUL26-04895,Delivery / Takeaway,F04,Grilled Chicken,1,24.0,6.5,17.5
JUL26-04902,Delivery / Takeaway,F04,Grilled Chicken,1,24.0,6.5,17.5
JUL26-04909,Delivery / Takeaway,F04,Grilled Chicken,1,24.0,6.5,17.5
JUL26-04916,Delivery / Takeaway,F04,Grilled Chicken,1,24.0,6.5,17.5
JUL26-04923,Delivery / Takeaway,F04,Grilled Chicken,1,24.0,6.5,17.5
JUL26-04930,Delivery / Takeaway,F04,Grilled Chicken,1,24.0,6.5,17.5
JUL26-04937,Delivery / Takeaway,F04,Grilled Chicken,1,24.0,6.5,17.5
JUL26-04944,Delivery / Takeaway,F04,Grilled Chicken,1,24.0,6.5,17.5
JUL26-04951,Delivery / Takeaway,F04,Grilled Chicken,1,24.0,6.5,17.5
JUL26-04958,Delivery / Takeaway,F04,Grilled Chicken,1,24.0,6.5,17.5
JUL26-04965,Delivery / Takeaway,F04,Grilled Chicken,1,24.0,6.5,17.5
JUL26-04972,Delivery / Takeaway,F04,Grilled Chicken,1,24.0,6.5,17.5
JUL26-04979,Delivery / Takeaway,F04,Grilled Chicken,1,24.0,6.5,17.5
JUL26-04986,Delivery / Takeaway,F04,Grilled Chicken,1,24.0,6.5,17.5
JUL26-04993,Delivery / Takeaway,F04,Grilled Chicken,1,24.0,6.5,17.5
JUL26-05000,Delivery / Takeaway,F04,Grilled Chicken,1,24.0,6.5,17.5
JUL26-05007,Delivery / Takeaway,F04,Grilled Chicken,1,24.0,6.5,17.5
JUL26-05014,Delivery / Takeaway,F04,Grilled Chicken,1,24.0,6.5,17.5
JUL26-05021,Delivery / Takeaway,F04,Grilled Chicken,1,24.0,6.5,17.5
JUL26-01232,Lunch,F05,Local Seafood Plate,1,38.0,12.5,25.5
JUL26-01239,Lunch,F05,Local Seafood Plate,1,38.0,12.5,25.5
JUL26-01246,Lunch,F05,Local Seafood Plate,1,38.0,12.5,25.5
JUL26-01253,Lunch,F05,Local Seafood Plate,1,38.0,12.5,25.5
JUL26-01260,Lunch,F05,Local Seafood Plate,1,38.0,12.5,25.5
JUL26-01267,Lunch,F05,Local Seafood Plate,1,38.0,12.5,25.5
JUL26-01274,Lunch,F05,Local Seafood Plate,1,38.0,12.5,25.5
JUL26-01281,Lunch,F05,Local Seafood Plate,1,38.0,12.5,25.5
JUL26-01288,Lunch,F05,Local Seafood Plate,1,38.0,12.5,25.5
JUL26-01295,Lunch,F05,Local Seafood Plate,1,38.0,12.5,25.5
JUL26-01302,Lunch,F05,Local Seafood Plate,1,38.0,12.5,25.5
JUL26-01309,Lunch,F05,Local Seafood Plate,1,38.0,12.5,25.5
JUL26-01316,Lunch,F05,Local Seafood Plate,1,38.0,12.5,25.5
JUL26-01323,Lunch,F05,Local Seafood Plate,1,38.0,12.5,25.5
JUL26-01330,Lunch,F05,Local Seafood Plate,1,38.0,12.5,25.5
JUL26-01337,Lunch,F05,Local Seafood Plate,1,38.0,12.5,25.5
JUL26-01344,Lunch,F05,Local Seafood Plate,1,38.0,12.5,25.5
JUL26-01351,Lunch,F05,Local Seafood Plate,1,38.0,12.5,25.5
JUL26-01358,Lunch,F05,Local Seafood Plate,1,38.0,12.5,25.5
JUL26-01365,Lunch,F05,Local Seafood Plate,1,38.0,12.5,25.5
JUL26-01372,Lunch,F05,Local Seafood Plate,1,38.0,12.5,25.5
JUL26-01379,Lunch,F05,Local Seafood Plate,1,38.0,12.5,25.5
JUL26-01386,Lunch,F05,Local Seafood Plate,1,38.0,12.5,25.5
JUL26-01393,Lunch,F05,Local Seafood Plate,1,38.0,12.5,25.5
JUL26-01400,Lunch,F05,Local Seafood Plate,1,38.0,12.5,25.5
JUL26-01407,Lunch,F05,Local Seafood Plate,1,38.0,12.5,25.5
JUL26-01414,Lunch,F05,Local Seafood Plate,1,38.0,12.5,25.5
JUL26-01421,Lunch,F05,Local Seafood Plate,1,38.0,12.5,25.5
JUL26-01428,Lunch,F05,Local Seafood Plate,1,38.0,12.5,25.5
JUL26-01435,Lunch,F05,Local Seafood Plate,1,38.0,12.5,25.5
JUL26-01442,Lunch,F05,Local Seafood Plate,1,38.0,12.5,25.5
JUL26-01449,Lunch,F05,Local Seafood Plate,1,38.0,12.5,25.5
JUL26-01456,Lunch,F05,Local Seafood Plate,1,38.0,12.5,25.5
JUL26-01463,Lunch,F05,Local Seafood Plate,1,38.0,12.5,25.5
JUL26-01470,Lunch,F05,Local Seafood Plate,1,38.0,12.5,25.5
JUL26-01477,Lunch,F05,Local Seafood Plate,1,38.0,12.5,25.5
JUL26-01484,Lunch,F05,Local Seafood Plate,1,38.0,12.5,25.5
JUL26-01491,Lunch,F05,Local Seafood Plate,1,38.0,12.5,25.5
JUL26-01498,Lunch,F05,Local Seafood Plate,1,38.0,12.5,25.5
JUL26-01505,Lunch,F05,Local Seafood Plate,1,38.0,12.5,25.5
JUL26-01512,Lunch,F05,Local Seafood Plate,1,38.0,12.5,25.5
JUL26-01519,Lunch,F05,Local Seafood Plate,1,38.0,12.5,25.5
JUL26-01526,Lunch,F05,Local Seafood Plate,1,38.0,12.5,25.5
JUL26-01533,Lunch,F05,Local Seafood Plate,1,38.0,12.5,25.5
JUL26-01540,Lunch,F05,Local Seafood Plate,1,38.0,12.5,25.5
JUL26-01547,Lunch,F05,Local Seafood Plate,1,38.0,12.5,25.5
JUL26-01554,Lunch,F05,Local Seafood Plate,1,38.0,12.5,25.5
JUL26-01561,Lunch,F05,Local Seafood Plate,1,38.0,12.5,25.5
JUL26-01568,Lunch,F05,Local Seafood Plate,1,38.0,12.5,25.5
JUL26-01575,Lunch,F05,Local Seafood Plate,1,38.0,12.5,25.5
JUL26-01582,Lunch,F05,Local Seafood Plate,1,38.0,12.5,25.5
JUL26-01589,Lunch,F05,Local Seafood Plate,1,38.0,12.5,25.5
JUL26-01596,Lunch,F05,Local Seafood Plate,1,38.0,12.5,25.5
JUL26-01603,Lunch,F05,Local Seafood Plate,1,38.0,12.5,25.5
JUL26-01610,Lunch,F05,Local Seafood Plate,1,38.0,12.5,25.5
JUL26-01617,Lunch,F05,Local Seafood Plate,1,38.0,12.5,25.5
JUL26-01624,Lunch,F05,Local Seafood Plate,1,38.0,12.5,25.5
JUL26-01631,Lunch,F05,Local Seafood Plate,1,38.0,12.5,25.5
JUL26-01638,Lunch,F05,Local Seafood Plate,1,38.0,12.5,25.5
JUL26-01645,Lunch,F05,Local Seafood Plate,1,38.0,12.5,25.5
JUL26-01652,Lunch,F05,Local Seafood Plate,1,38.0,12.5,25.5
JUL26-01659,Lunch,F05,Local Seafood Plate,1,38.0,12.5,25.5
JUL26-01666,Lunch,F05,Local Seafood Plate,1,38.0,12.5,25.5
JUL26-01673,Lunch,F05,Local Seafood Plate,1,38.0,12.5,25.5
JUL26-01680,Lunch,F05,Local Seafood Plate,1,38.0,12.5,25.5
JUL26-01687,Lunch,F05,Local Seafood Plate,1,38.0,12.5,25.5
JUL26-01694,Lunch,F05,Local Seafood Plate,1,38.0,12.5,25.5
JUL26-01701,Lunch,F05,Local Seafood Plate,1,38.0,12.5,25.5
JUL26-01708,Lunch,F05,Local Seafood Plate,1,38.0,12.5,25.5
JUL26-01715,Lunch,F05,Local Seafood Plate,1,38.0,12.5,25.5
JUL26-01722,Lunch,F05,Local Seafood Plate,1,38.0,12.5,25.5
JUL26-01729,Lunch,F05,Local Seafood Plate,1,38.0,12.5,25.5
JUL26-01736,Lunch,F05,Local Seafood Plate,1,38.0,12.5,25.5
JUL26-01743,Lunch,F05,Local Seafood Plate,1,38.0,12.5,25.5
JUL26-01750,Lunch,F05,Local Seafood Plate,1,38.0,12.5,25.5
JUL26-01757,Lunch,F05,Local Seafood Plate,1,38.0,12.5,25.5
JUL26-01764,Lunch,F05,Local Seafood Plate,1,38.0,12.5,25.5
JUL26-01771,Lunch,F05,Local Seafood Plate,1,38.0,12.5,25.5
JUL26-01778,Lunch,F05,Local Seafood Plate,1,38.0,12.5,25.5
JUL26-01785,Lunch,F05,Local Seafood Plate,1,38.0,12.5,25.5
JUL26-01792,Lunch,F05,Local Seafood Plate,1,38.0,12.5,25.5
JUL26-01799,Lunch,F05,Local Seafood Plate,1,38.0,12.5,25.5
JUL26-01806,Lunch,F05,Local Seafood Plate,1,38.0,12.5,25.5
JUL26-01813,Lunch,F05,Local Seafood Plate,1,38.0,12.5,25.5
JUL26-01820,Lunch,F05,Local Seafood Plate,1,38.0,12.5,25.5
JUL26-01827,Lunch,F05,Local Seafood Plate,1,38.0,12.5,25.5
JUL26-01834,Lunch,F05,Local Seafood Plate,1,38.0,12.5,25.5
JUL26-01841,Lunch,F05,Local Seafood Plate,1,38.0,12.5,25.5
JUL26-01848,Lunch,F05,Local Seafood Plate,1,38.0,12.5,25.5
JUL26-01855,Lunch,F05,Local Seafood Plate,1,38.0,12.5,25.5
JUL26-01862,Lunch,F05,Local Seafood Plate,1,38.0,12.5,25.5
JUL26-01869,Lunch,F05,Local Seafood Plate,1,38.0,12.5,25.5
JUL26-01876,Lunch,F05,Local Seafood Plate,1,38.0,12.5,25.5
JUL26-01883,Lunch,F05,Local Seafood Plate,1,38.0,12.5,25.5
JUL26-01890,Lunch,F05,Local Seafood Plate,1,38.0,12.5,25.5
JUL26-01897,Lunch,F05,Local Seafood Plate,1,38.0,12.5,25.5
JUL26-01904,Lunch,F05,Local Seafood Plate,1,38.0,12.5,25.5
JUL26-01911,Lunch,F05,Local Seafood Plate,1,38.0,12.5,25.5
JUL26-01918,Lunch,F05,Local Seafood Plate,1,38.0,12.5,25.5
JUL26-01925,Lunch,F05,Local Seafood Plate,1,38.0,12.5,25.5
JUL26-01932,Lunch,F05,Local Seafood Plate,1,38.0,12.5,25.5
JUL26-01939,Lunch,F05,Local Seafood Plate,1,38.0,12.5,25.5
JUL26-01946,Lunch,F05,Local Seafood Plate,1,38.0,12.5,25.5
JUL26-01953,Lunch,F05,Local Seafood Plate,1,38.0,12.5,25.5
JUL26-01960,Lunch,F05,Local Seafood Plate,1,38.0,12.5,25.5
JUL26-01967,Lunch,F05,Local Seafood Plate,1,38.0,12.5,25.5
JUL26-01974,Lunch,F05,Local Seafood Plate,1,38.0,12.5,25.5
JUL26-01981,Lunch,F05,Local Seafood Plate,1,38.0,12.5,25.5
JUL26-01988,Lunch,F05,Local Seafood Plate,1,38.0,12.5,25.5
JUL26-01995,Lunch,F05,Local Seafood Plate,1,38.0,12.5,25.5
JUL26-02002,Lunch,F05,Local Seafood Plate,1,38.0,12.5,25.5
JUL26-02009,Lunch,F05,Local Seafood Plate,1,38.0,12.5,25.5
JUL26-02016,Lunch,F05,Local Seafood Plate,1,38.0,12.5,25.5
JUL26-02023,Lunch,F05,Local Seafood Plate,1,38.0,12.5,25.5
JUL26-02030,Lunch,F05,Local Seafood Plate,1,38.0,12.5,25.5
JUL26-02037,Lunch,F05,Local Seafood Plate,1,38.0,12.5,25.5
JUL26-02044,Lunch,F05,Local Seafood Plate,1,38.0,12.5,25.5
JUL26-02051,Lunch,F05,Local Seafood Plate,1,38.0,12.5,25.5
JUL26-02058,Lunch,F05,Local Seafood Plate,1,38.0,12.5,25.5
JUL26-02065,Lunch,F05,Local Seafood Plate,1,38.0,12.5,25.5
JUL26-02072,Lunch,F05,Local Seafood Plate,1,38.0,12.5,25.5
JUL26-02079,Lunch,F05,Local Seafood Plate,1,38.0,12.5,25.5
JUL26-02086,Lunch,F05,Local Seafood Plate,1,38.0,12.5,25.5
JUL26-02093,Lunch,F05,Local Seafood Plate,1,38.0,12.5,25.5
JUL26-02100,Lunch,F05,Local Seafood Plate,1,38.0,12.5,25.5
JUL26-02107,Lunch,F05,Local Seafood Plate,1,38.0,12.5,25.5
JUL26-02114,Lunch,F05,Local Seafood Plate,1,38.0,12.5,25.5
JUL26-02121,Lunch,F05,Local Seafood Plate,1,38.0,12.5,25.5
JUL26-02128,Lunch,F05,Local Seafood Plate,1,38.0,12.5,25.5
JUL26-02135,Lunch,F05,Local Seafood Plate,1,38.0,12.5,25.5
JUL26-02142,Lunch,F05,Local Seafood Plate,1,38.0,12.5,25.5
JUL26-02149,Lunch,F05,Local Seafood Plate,1,38.0,12.5,25.5
JUL26-02156,Lunch,F05,Local Seafood Plate,1,38.0,12.5,25.5
JUL26-02163,Lunch,F05,Local Seafood Plate,1,38.0,12.5,25.5
JUL26-02170,Lunch,F05,Local Seafood Plate,1,38.0,12.5,25.5
JUL26-02177,Lunch,F05,Local Seafood Plate,1,38.0,12.5,25.5
JUL26-02184,Dinner,F05,Local Seafood Plate,1,38.0,12.5,25.5
JUL26-02191,Dinner,F05,Local Seafood Plate,1,38.0,12.5,25.5
JUL26-02198,Dinner,F05,Local Seafood Plate,1,38.0,12.5,25.5
JUL26-02205,Dinner,F05,Local Seafood Plate,1,38.0,12.5,25.5
JUL26-02212,Dinner,F05,Local Seafood Plate,1,38.0,12.5,25.5
JUL26-02219,Dinner,F05,Local Seafood Plate,1,38.0,12.5,25.5
JUL26-02226,Dinner,F05,Local Seafood Plate,1,38.0,12.5,25.5
JUL26-02233,Dinner,F05,Local Seafood Plate,1,38.0,12.5,25.5
JUL26-02240,Dinner,F05,Local Seafood Plate,1,38.0,12.5,25.5
JUL26-02247,Dinner,F05,Local Seafood Plate,1,38.0,12.5,25.5
JUL26-02254,Dinner,F05,Local Seafood Plate,1,38.0,12.5,25.5
JUL26-02261,Dinner,F05,Local Seafood Plate,1,38.0,12.5,25.5
JUL26-02268,Dinner,F05,Local Seafood Plate,1,38.0,12.5,25.5
JUL26-02275,Dinner,F05,Local Seafood Plate,1,38.0,12.5,25.5
JUL26-02282,Dinner,F05,Local Seafood Plate,1,38.0,12.5,25.5
JUL26-02289,Dinner,F05,Local Seafood Plate,1,38.0,12.5,25.5
JUL26-02296,Dinner,F05,Local Seafood Plate,1,38.0,12.5,25.5
JUL26-02303,Dinner,F05,Local Seafood Plate,1,38.0,12.5,25.5
JUL26-02310,Dinner,F05,Local Seafood Plate,1,38.0,12.5,25.5
JUL26-02317,Dinner,F05,Local Seafood Plate,1,38.0,12.5,25.5
JUL26-02324,Dinner,F05,Local Seafood Plate,1,38.0,12.5,25.5
JUL26-02331,Dinner,F05,Local Seafood Plate,1,38.0,12.5,25.5
JUL26-02338,Dinner,F05,Local Seafood Plate,1,38.0,12.5,25.5
JUL26-02345,Dinner,F05,Local Seafood Plate,1,38.0,12.5,25.5
JUL26-02352,Dinner,F05,Local Seafood Plate,1,38.0,12.5,25.5
JUL26-02359,Dinner,F05,Local Seafood Plate,1,38.0,12.5,25.5
JUL26-02366,Dinner,F05,Local Seafood Plate,1,38.0,12.5,25.5
JUL26-02373,Dinner,F05,Local Seafood Plate,1,38.0,12.5,25.5
JUL26-02380,Dinner,F05,Local Seafood Plate,1,38.0,12.5,25.5
JUL26-02387,Dinner,F05,Local Seafood Plate,1,38.0,12.5,25.5
JUL26-02394,Dinner,F05,Local Seafood Plate,1,38.0,12.5,25.5
JUL26-02401,Dinner,F05,Local Seafood Plate,1,38.0,12.5,25.5
JUL26-02408,Dinner,F05,Local Seafood Plate,1,38.0,12.5,25.5
JUL26-02415,Dinner,F05,Local Seafood Plate,1,38.0,12.5,25.5
JUL26-02422,Dinner,F05,Local Seafood Plate,1,38.0,12.5,25.5
JUL26-02429,Dinner,F05,Local Seafood Plate,1,38.0,12.5,25.5
JUL26-02436,Dinner,F05,Local Seafood Plate,1,38.0,12.5,25.5
JUL26-02443,Dinner,F05,Local Seafood Plate,1,38.0,12.5,25.5
JUL26-02450,Dinner,F05,Local Seafood Plate,1,38.0,12.5,25.5
JUL26-02457,Dinner,F05,Local Seafood Plate,1,38.0,12.5,25.5
JUL26-02464,Dinner,F05,Local Seafood Plate,1,38.0,12.5,25.5
JUL26-02471,Dinner,F05,Local Seafood Plate,1,38.0,12.5,25.5
JUL26-02478,Dinner,F05,Local Seafood Plate,1,38.0,12.5,25.5
JUL26-02485,Dinner,F05,Local Seafood Plate,1,38.0,12.5,25.5
JUL26-02492,Dinner,F05,Local Seafood Plate,1,38.0,12.5,25.5
JUL26-02499,Dinner,F05,Local Seafood Plate,1,38.0,12.5,25.5
JUL26-02506,Dinner,F05,Local Seafood Plate,1,38.0,12.5,25.5
JUL26-02513,Dinner,F05,Local Seafood Plate,1,38.0,12.5,25.5
JUL26-02520,Dinner,F05,Local Seafood Plate,1,38.0,12.5,25.5
JUL26-02527,Dinner,F05,Local Seafood Plate,1,38.0,12.5,25.5
JUL26-02534,Dinner,F05,Local Seafood Plate,1,38.0,12.5,25.5
JUL26-02541,Dinner,F05,Local Seafood Plate,1,38.0,12.5,25.5
JUL26-02548,Dinner,F05,Local Seafood Plate,1,38.0,12.5,25.5
JUL26-02555,Dinner,F05,Local Seafood Plate,1,38.0,12.5,25.5
JUL26-02562,Dinner,F05,Local Seafood Plate,1,38.0,12.5,25.5
JUL26-02569,Dinner,F05,Local Seafood Plate,1,38.0,12.5,25.5
JUL26-02576,Dinner,F05,Local Seafood Plate,1,38.0,12.5,25.5
JUL26-02583,Dinner,F05,Local Seafood Plate,1,38.0,12.5,25.5
JUL26-02590,Dinner,F05,Local Seafood Plate,1,38.0,12.5,25.5
JUL26-02597,Dinner,F05,Local Seafood Plate,1,38.0,12.5,25.5
JUL26-02604,Dinner,F05,Local Seafood Plate,1,38.0,12.5,25.5
JUL26-02611,Dinner,F05,Local Seafood Plate,1,38.0,12.5,25.5
JUL26-02618,Dinner,F05,Local Seafood Plate,1,38.0,12.5,25.5
JUL26-02625,Dinner,F05,Local Seafood Plate,1,38.0,12.5,25.5
JUL26-02632,Dinner,F05,Local Seafood Plate,1,38.0,12.5,25.5
JUL26-02639,Dinner,F05,Local Seafood Plate,1,38.0,12.5,25.5
JUL26-02646,Dinner,F05,Local Seafood Plate,1,38.0,12.5,25.5
JUL26-02653,Dinner,F05,Local Seafood Plate,1,38.0,12.5,25.5
JUL26-02660,Dinner,F05,Local Seafood Plate,1,38.0,12.5,25.5
JUL26-02667,Dinner,F05,Local Seafood Plate,1,38.0,12.5,25.5
JUL26-02674,Dinner,F05,Local Seafood Plate,1,38.0,12.5,25.5
JUL26-02681,Dinner,F05,Local Seafood Plate,1,38.0,12.5,25.5
JUL26-02688,Dinner,F05,Local Seafood Plate,1,38.0,12.5,25.5
JUL26-02695,Dinner,F05,Local Seafood Plate,1,38.0,12.5,25.5
JUL26-02702,Dinner,F05,Local Seafood Plate,1,38.0,12.5,25.5
JUL26-02709,Dinner,F05,Local Seafood Plate,1,38.0,12.5,25.5
JUL26-02716,Dinner,F05,Local Seafood Plate,1,38.0,12.5,25.5
JUL26-02723,Dinner,F05,Local Seafood Plate,1,38.0,12.5,25.5
JUL26-02730,Dinner,F05,Local Seafood Plate,1,38.0,12.5,25.5
JUL26-02737,Dinner,F05,Local Seafood Plate,1,38.0,12.5,25.5
JUL26-02744,Dinner,F05,Local Seafood Plate,1,38.0,12.5,25.5
JUL26-02751,Dinner,F05,Local Seafood Plate,1,38.0,12.5,25.5
JUL26-02758,Dinner,F05,Local Seafood Plate,1,38.0,12.5,25.5
JUL26-02765,Dinner,F05,Local Seafood Plate,1,38.0,12.5,25.5
JUL26-02772,Dinner,F05,Local Seafood Plate,1,38.0,12.5,25.5
JUL26-02779,Dinner,F05,Local Seafood Plate,1,38.0,12.5,25.5
JUL26-02786,Dinner,F05,Local Seafood Plate,1,38.0,12.5,25.5
JUL26-02793,Dinner,F05,Local Seafood Plate,1,38.0,12.5,25.5
JUL26-02800,Dinner,F05,Local Seafood Plate,1,38.0,12.5,25.5
JUL26-02807,Dinner,F05,Local Seafood Plate,1,38.0,12.5,25.5
JUL26-02814,Dinner,F05,Local Seafood Plate,1,38.0,12.5,25.5
JUL26-02821,Dinner,F05,Local Seafood Plate,1,38.0,12.5,25.5
JUL26-02828,Dinner,F05,Local Seafood Plate,1,38.0,12.5,25.5
JUL26-02835,Dinner,F05,Local Seafood Plate,1,38.0,12.5,25.5
JUL26-02842,Dinner,F05,Local Seafood Plate,1,38.0,12.5,25.5
JUL26-02849,Dinner,F05,Local Seafood Plate,1,38.0,12.5,25.5
JUL26-02856,Dinner,F05,Local Seafood Plate,1,38.0,12.5,25.5
JUL26-02863,Dinner,F05,Local Seafood Plate,1,38.0,12.5,25.5
JUL26-02870,Dinner,F05,Local Seafood Plate,1,38.0,12.5,25.5
JUL26-02877,Dinner,F05,Local Seafood Plate,1,38.0,12.5,25.5
JUL26-02884,Dinner,F05,Local Seafood Plate,1,38.0,12.5,25.5
JUL26-02891,Dinner,F05,Local Seafood Plate,1,38.0,12.5,25.5
JUL26-02898,Dinner,F05,Local Seafood Plate,1,38.0,12.5,25.5
JUL26-02905,Dinner,F05,Local Seafood Plate,1,38.0,12.5,25.5
JUL26-02912,Dinner,F05,Local Seafood Plate,1,38.0,12.5,25.5
JUL26-02919,Dinner,F05,Local Seafood Plate,1,38.0,12.5,25.5
JUL26-02926,Dinner,F05,Local Seafood Plate,1,38.0,12.5,25.5
JUL26-02933,Dinner,F05,Local Seafood Plate,1,38.0,12.5,25.5
JUL26-02940,Dinner,F05,Local Seafood Plate,1,38.0,12.5,25.5
JUL26-02947,Dinner,F05,Local Seafood Plate,1,38.0,12.5,25.5
JUL26-02954,Dinner,F05,Local Seafood Plate,1,38.0,12.5,25.5
JUL26-02961,Dinner,F05,Local Seafood Plate,1,38.0,12.5,25.5
JUL26-02968,Dinner,F05,Local Seafood Plate,1,38.0,12.5,25.5
JUL26-02975,Dinner,F05,Local Seafood Plate,1,38.0,12.5,25.5
JUL26-02982,Dinner,F05,Local Seafood Plate,1,38.0,12.5,25.5
JUL26-02989,Dinner,F05,Local Seafood Plate,1,38.0,12.5,25.5
JUL26-02996,Dinner,F05,Local Seafood Plate,1,38.0,12.5,25.5
JUL26-03003,Dinner,F05,Local Seafood Plate,1,38.0,12.5,25.5
JUL26-03010,Dinner,F05,Local Seafood Plate,1,38.0,12.5,25.5
JUL26-03017,Dinner,F05,Local Seafood Plate,1,38.0,12.5,25.5
JUL26-03024,Dinner,F05,Local Seafood Plate,1,38.0,12.5,25.5
JUL26-03031,Dinner,F05,Local Seafood Plate,1,38.0,12.5,25.5
JUL26-03038,Dinner,F05,Local Seafood Plate,1,38.0,12.5,25.5
JUL26-03045,Dinner,F05,Local Seafood Plate,1,38.0,12.5,25.5
JUL26-03052,Dinner,F05,Local Seafood Plate,1,38.0,12.5,25.5
JUL26-03059,Dinner,F05,Local Seafood Plate,1,38.0,12.5,25.5
JUL26-03066,Dinner,F05,Local Seafood Plate,1,38.0,12.5,25.5
JUL26-03073,Dinner,F05,Local Seafood Plate,1,38.0,12.5,25.5
JUL26-03080,Dinner,F05,Local Seafood Plate,1,38.0,12.5,25.5
JUL26-03087,Dinner,F05,Local Seafood Plate,1,38.0,12.5,25.5
JUL26-03094,Dinner,F05,Local Seafood Plate,1,38.0,12.5,25.5
JUL26-03101,Dinner,F05,Local Seafood Plate,1,38.0,12.5,25.5
JUL26-03108,Dinner,F05,Local Seafood Plate,1,38.0,12.5,25.5
JUL26-03115,Dinner,F05,Local Seafood Plate,1,38.0,12.5,25.5
JUL26-03122,Dinner,F05,Local Seafood Plate,1,38.0,12.5,25.5
JUL26-03129,Dinner,F05,Local Seafood Plate,1,38.0,12.5,25.5
JUL26-03136,Dinner,F05,Local Seafood Plate,1,38.0,12.5,25.5
JUL26-03143,Dinner,F05,Local Seafood Plate,1,38.0,12.5,25.5
JUL26-03150,Dinner,F05,Local Seafood Plate,1,38.0,12.5,25.5
JUL26-03157,Dinner,F05,Local Seafood Plate,1,38.0,12.5,25.5
JUL26-03164,Dinner,F05,Local Seafood Plate,1,38.0,12.5,25.5
JUL26-03171,Dinner,F05,Local Seafood Plate,1,38.0,12.5,25.5
JUL26-03178,Dinner,F05,Local Seafood Plate,1,38.0,12.5,25.5
JUL26-03185,Dinner,F05,Local Seafood Plate,1,38.0,12.5,25.5
JUL26-03192,Dinner,F05,Local Seafood Plate,1,38.0,12.5,25.5
JUL26-03199,Dinner,F05,Local Seafood Plate,1,38.0,12.5,25.5
JUL26-03206,Dinner,F05,Local Seafood Plate,1,38.0,12.5,25.5
JUL26-03213,Dinner,F05,Local Seafood Plate,1,38.0,12.5,25.5
JUL26-03220,Dinner,F05,Local Seafood Plate,1,38.0,12.5,25.5
JUL26-03227,Dinner,F05,Local Seafood Plate,1,38.0,12.5,25.5
JUL26-03234,Dinner,F05,Local Seafood Plate,1,38.0,12.5,25.5
JUL26-03241,Dinner,F05,Local Seafood Plate,1,38.0,12.5,25.5
JUL26-03248,Dinner,F05,Local Seafood Plate,1,38.0,12.5,25.5
JUL26-03255,Dinner,F05,Local Seafood Plate,1,38.0,12.5,25.5
JUL26-03262,Dinner,F05,Local Seafood Plate,1,38.0,12.5,25.5
JUL26-03269,Dinner,F05,Local Seafood Plate,1,38.0,12.5,25.5
JUL26-03276,Dinner,F05,Local Seafood Plate,1,38.0,12.5,25.5
JUL26-03283,Dinner,F05,Local Seafood Plate,1,38.0,12.5,25.5
JUL26-03290,Dinner,F05,Local Seafood Plate,1,38.0,12.5,25.5
JUL26-03297,Dinner,F05,Local Seafood Plate,1,38.0,12.5,25.5
JUL26-03304,Dinner,F05,Local Seafood Plate,1,38.0,12.5,25.5
JUL26-03311,Dinner,F05,Local Seafood Plate,1,38.0,12.5,25.5
JUL26-03318,Dinner,F05,Local Seafood Plate,1,38.0,12.5,25.5
JUL26-03325,Dinner,F05,Local Seafood Plate,1,38.0,12.5,25.5
JUL26-03332,Dinner,F05,Local Seafood Plate,1,38.0,12.5,25.5
JUL26-03339,Dinner,F05,Local Seafood Plate,1,38.0,12.5,25.5
JUL26-03346,Dinner,F05,Local Seafood Plate,1,38.0,12.5,25.5
JUL26-03353,Dinner,F05,Local Seafood Plate,1,38.0,12.5,25.5
JUL26-03360,Dinner,F05,Local Seafood Plate,1,38.0,12.5,25.5
JUL26-03367,Dinner,F05,Local Seafood Plate,1,38.0,12.5,25.5
JUL26-03374,Dinner,F05,Local Seafood Plate,1,38.0,12.5,25.5
JUL26-03381,Dinner,F05,Local Seafood Plate,1,38.0,12.5,25.5
JUL26-03388,Dinner,F05,Local Seafood Plate,1,38.0,12.5,25.5
JUL26-03395,Dinner,F05,Local Seafood Plate,1,38.0,12.5,25.5
JUL26-03402,Dinner,F05,Local Seafood Plate,1,38.0,12.5,25.5
JUL26-03409,Dinner,F05,Local Seafood Plate,1,38.0,12.5,25.5
JUL26-03416,Dinner,F05,Local Seafood Plate,1,38.0,12.5,25.5
JUL26-03423,Dinner,F05,Local Seafood Plate,1,38.0,12.5,25.5
JUL26-03430,Dinner,F05,Local Seafood Plate,1,38.0,12.5,25.5
JUL26-03437,Dinner,F05,Local Seafood Plate,1,38.0,12.5,25.5
JUL26-03444,Dinner,F05,Local Seafood Plate,1,38.0,12.5,25.5
JUL26-03451,Dinner,F05,Local Seafood Plate,1,38.0,12.5,25.5
JUL26-03458,Dinner,F05,Local Seafood Plate,1,38.0,12.5,25.5
JUL26-03465,Dinner,F05,Local Seafood Plate,1,38.0,12.5,25.5
JUL26-03472,Dinner,F05,Local Seafood Plate,1,38.0,12.5,25.5
JUL26-03479,Dinner,F05,Local Seafood Plate,1,38.0,12.5,25.5
JUL26-03486,Dinner,F05,Local Seafood Plate,1,38.0,12.5,25.5
JUL26-03493,Dinner,F05,Local Seafood Plate,1,38.0,12.5,25.5
JUL26-03500,Dinner,F05,Local Seafood Plate,1,38.0,12.5,25.5
JUL26-03507,Dinner,F05,Local Seafood Plate,1,38.0,12.5,25.5
JUL26-03514,Dinner,F05,Local Seafood Plate,1,38.0,12.5,25.5
JUL26-03521,Dinner,F05,Local Seafood Plate,1,38.0,12.5,25.5
JUL26-03528,Dinner,F05,Local Seafood Plate,1,38.0,12.5,25.5
JUL26-03535,Dinner,F05,Local Seafood Plate,1,38.0,12.5,25.5
JUL26-03542,Dinner,F05,Local Seafood Plate,1,38.0,12.5,25.5
JUL26-03549,Dinner,F05,Local Seafood Plate,1,38.0,12.5,25.5
JUL26-03556,Dinner,F05,Local Seafood Plate,1,38.0,12.5,25.5
JUL26-03563,Dinner,F05,Local Seafood Plate,1,38.0,12.5,25.5
JUL26-03570,Dinner,F05,Local Seafood Plate,1,38.0,12.5,25.5
JUL26-03577,Dinner,F05,Local Seafood Plate,1,38.0,12.5,25.5
JUL26-03584,Dinner,F05,Local Seafood Plate,1,38.0,12.5,25.5
JUL26-03591,Dinner,F05,Local Seafood Plate,1,38.0,12.5,25.5
JUL26-03598,Dinner,F05,Local Seafood Plate,1,38.0,12.5,25.5
JUL26-03605,Dinner,F05,Local Seafood Plate,1,38.0,12.5,25.5
JUL26-03612,Dinner,F05,Local Seafood Plate,1,38.0,12.5,25.5
JUL26-03619,Dinner,F05,Local Seafood Plate,1,38.0,12.5,25.5
JUL26-03626,Dinner,F05,Local Seafood Plate,1,38.0,12.5,25.5
JUL26-03633,Dinner,F05,Local Seafood Plate,1,38.0,12.5,25.5
JUL26-03640,Dinner,F05,Local Seafood Plate,1,38.0,12.5,25.5
JUL26-03647,Dinner,F05,Local Seafood Plate,1,38.0,12.5,25.5
JUL26-03654,Dinner,F05,Local Seafood Plate,1,38.0,12.5,25.5
JUL26-03661,Dinner,F05,Local Seafood Plate,1,38.0,12.5,25.5
JUL26-03668,Dinner,F05,Local Seafood Plate,1,38.0,12.5,25.5
JUL26-03675,Dinner,F05,Local Seafood Plate,1,38.0,12.5,25.5
JUL26-03682,Dinner,F05,Local Seafood Plate,1,38.0,12.5,25.5
JUL26-03689,Dinner,F05,Local Seafood Plate,1,38.0,12.5,25.5
JUL26-03696,Dinner,F05,Local Seafood Plate,1,38.0,12.5,25.5
JUL26-03703,Dinner,F05,Local Seafood Plate,1,38.0,12.5,25.5
JUL26-03710,Dinner,F05,Local Seafood Plate,1,38.0,12.5,25.5
JUL26-03717,Dinner,F05,Local Seafood Plate,1,38.0,12.5,25.5
JUL26-03724,Dinner,F05,Local Seafood Plate,1,38.0,12.5,25.5
JUL26-03731,Dinner,F05,Local Seafood Plate,1,38.0,12.5,25.5
JUL26-03738,Dinner,F05,Local Seafood Plate,1,38.0,12.5,25.5
JUL26-03745,Dinner,F05,Local Seafood Plate,1,38.0,12.5,25.5
JUL26-03752,Dinner,F05,Local Seafood Plate,1,38.0,12.5,25.5
JUL26-03759,Dinner,F05,Local Seafood Plate,1,38.0,12.5,25.5
JUL26-03766,Dinner,F05,Local Seafood Plate,1,38.0,12.5,25.5
JUL26-03773,Dinner,F05,Local Seafood Plate,1,38.0,12.5,25.5
JUL26-03780,Dinner,F05,Local Seafood Plate,1,38.0,12.5,25.5
JUL26-03787,Dinner,F05,Local Seafood Plate,1,38.0,12.5,25.5
JUL26-03794,Dinner,F05,Local Seafood Plate,1,38.0,12.5,25.5
JUL26-03801,Dinner,F05,Local Seafood Plate,1,38.0,12.5,25.5
JUL26-03808,Dinner,F05,Local Seafood Plate,1,38.0,12.5,25.5
JUL26-03815,Dinner,F05,Local Seafood Plate,1,38.0,12.5,25.5
JUL26-03822,Dinner,F05,Local Seafood Plate,1,38.0,12.5,25.5
JUL26-03829,Dinner,F05,Local Seafood Plate,1,38.0,12.5,25.5
JUL26-03836,Dinner,F05,Local Seafood Plate,1,38.0,12.5,25.5
JUL26-03843,Dinner,F05,Local Seafood Plate,1,38.0,12.5,25.5
JUL26-03850,Dinner,F05,Local Seafood Plate,1,38.0,12.5,25.5
JUL26-03857,Dinner,F05,Local Seafood Plate,1,38.0,12.5,25.5
JUL26-03864,Dinner,F05,Local Seafood Plate,1,38.0,12.5,25.5
JUL26-03871,Dinner,F05,Local Seafood Plate,1,38.0,12.5,25.5
JUL26-03878,Dinner,F05,Local Seafood Plate,1,38.0,12.5,25.5
JUL26-03885,Dinner,F05,Local Seafood Plate,1,38.0,12.5,25.5
JUL26-03892,Dinner,F05,Local Seafood Plate,1,38.0,12.5,25.5
JUL26-03899,Dinner,F05,Local Seafood Plate,1,38.0,12.5,25.5
JUL26-03906,Dinner,F05,Local Seafood Plate,1,38.0,12.5,25.5
JUL26-03913,Dinner,F05,Local Seafood Plate,1,38.0,12.5,25.5
JUL26-03920,Dinner,F05,Local Seafood Plate,1,38.0,12.5,25.5
JUL26-03927,Dinner,F05,Local Seafood Plate,1,38.0,12.5,25.5
JUL26-03934,Dinner,F05,Local Seafood Plate,1,38.0,12.5,25.5
JUL26-03941,Dinner,F05,Local Seafood Plate,1,38.0,12.5,25.5
JUL26-03948,Dinner,F05,Local Seafood Plate,1,38.0,12.5,25.5
JUL26-03955,Dinner,F05,Local Seafood Plate,1,38.0,12.5,25.5
JUL26-03962,Dinner,F05,Local Seafood Plate,1,38.0,12.5,25.5
JUL26-03969,Dinner,F05,Local Seafood Plate,1,38.0,12.5,25.5
JUL26-03976,Dinner,F05,Local Seafood Plate,1,38.0,12.5,25.5
JUL26-03983,Dinner,F05,Local Seafood Plate,1,38.0,12.5,25.5
JUL26-03990,Dinner,F05,Local Seafood Plate,1,38.0,12.5,25.5
JUL26-03997,Dinner,F05,Local Seafood Plate,1,38.0,12.5,25.5
JUL26-04004,Dinner,F05,Local Seafood Plate,1,38.0,12.5,25.5
JUL26-04011,Dinner,F05,Local Seafood Plate,1,38.0,12.5,25.5
JUL26-04018,Dinner,F05,Local Seafood Plate,1,38.0,12.5,25.5
JUL26-04025,Dinner,F05,Local Seafood Plate,1,38.0,12.5,25.5
JUL26-04032,Dinner,F05,Local Seafood Plate,1,38.0,12.5,25.5
JUL26-04039,Dinner,F05,Local Seafood Plate,1,38.0,12.5,25.5
JUL26-04046,Dinner,F05,Local Seafood Plate,1,38.0,12.5,25.5
JUL26-04053,Dinner,F05,Local Seafood Plate,1,38.0,12.5,25.5
JUL26-04060,Dinner,F05,Local Seafood Plate,1,38.0,12.5,25.5
JUL26-04067,Dinner,F05,Local Seafood Plate,1,38.0,12.5,25.5
JUL26-04074,Dinner,F05,Local Seafood Plate,1,38.0,12.5,25.5
JUL26-04081,Dinner,F05,Local Seafood Plate,1,38.0,12.5,25.5
JUL26-04088,Dinner,F05,Local Seafood Plate,1,38.0,12.5,25.5
JUL26-04095,Dinner,F05,Local Seafood Plate,1,38.0,12.5,25.5
JUL26-04102,Dinner,F05,Local Seafood Plate,1,38.0,12.5,25.5
JUL26-04109,Dinner,F05,Local Seafood Plate,1,38.0,12.5,25.5
JUL26-04116,Dinner,F05,Local Seafood Plate,1,38.0,12.5,25.5
JUL26-04123,Dinner,F05,Local Seafood Plate,1,38.0,12.5,25.5
JUL26-04130,Dinner,F05,Local Seafood Plate,1,38.0,12.5,25.5
JUL26-04137,Dinner,F05,Local Seafood Plate,1,38.0,12.5,25.5
JUL26-04144,Dinner,F05,Local Seafood Plate,1,38.0,12.5,25.5
JUL26-04151,Dinner,F05,Local Seafood Plate,1,38.0,12.5,25.5
JUL26-04158,Dinner,F05,Local Seafood Plate,1,38.0,12.5,25.5
JUL26-04165,Dinner,F05,Local Seafood Plate,1,38.0,12.5,25.5
JUL26-04172,Dinner,F05,Local Seafood Plate,1,38.0,12.5,25.5
JUL26-04179,Dinner,F05,Local Seafood Plate,1,38.0,12.5,25.5
JUL26-04186,Dinner,F05,Local Seafood Plate,1,38.0,12.5,25.5
JUL26-04193,Dinner,F05,Local Seafood Plate,1,38.0,12.5,25.5
JUL26-04200,Dinner,F05,Local Seafood Plate,1,38.0,12.5,25.5
JUL26-04207,Dinner,F05,Local Seafood Plate,1,38.0,12.5,25.5
JUL26-04214,Dinner,F05,Local Seafood Plate,1,38.0,12.5,25.5
JUL26-04221,Dinner,F05,Local Seafood Plate,1,38.0,12.5,25.5
JUL26-04228,Dinner,F05,Local Seafood Plate,1,38.0,12.5,25.5
JUL26-04235,Dinner,F05,Local Seafood Plate,1,38.0,12.5,25.5
JUL26-04242,Dinner,F05,Local Seafood Plate,1,38.0,12.5,25.5
JUL26-04249,Dinner,F05,Local Seafood Plate,1,38.0,12.5,25.5
JUL26-04256,Dinner,F05,Local Seafood Plate,1,38.0,12.5,25.5
JUL26-04263,Dinner,F05,Local Seafood Plate,1,38.0,12.5,25.5
JUL26-04270,Dinner,F05,Local Seafood Plate,1,38.0,12.5,25.5
JUL26-04277,Dinner,F05,Local Seafood Plate,1,38.0,12.5,25.5
JUL26-04284,Dinner,F05,Local Seafood Plate,1,38.0,12.5,25.5
JUL26-04291,Dinner,F05,Local Seafood Plate,1,38.0,12.5,25.5
JUL26-04298,Dinner,F05,Local Seafood Plate,1,38.0,12.5,25.5
JUL26-04305,Dinner,F05,Local Seafood Plate,1,38.0,12.5,25.5
JUL26-04312,Dinner,F05,Local Seafood Plate,1,38.0,12.5,25.5
JUL26-04319,Dinner,F05,Local Seafood Plate,1,38.0,12.5,25.5
JUL26-04326,Dinner,F05,Local Seafood Plate,1,38.0,12.5,25.5
JUL26-04333,Dinner,F05,Local Seafood Plate,1,38.0,12.5,25.5
JUL26-04340,Dinner,F05,Local Seafood Plate,1,38.0,12.5,25.5
JUL26-04347,Dinner,F05,Local Seafood Plate,1,38.0,12.5,25.5
JUL26-04354,Dinner,F05,Local Seafood Plate,1,38.0,12.5,25.5
JUL26-04361,Dinner,F05,Local Seafood Plate,1,38.0,12.5,25.5
JUL26-04368,Dinner,F05,Local Seafood Plate,1,38.0,12.5,25.5
JUL26-04375,Dinner,F05,Local Seafood Plate,1,38.0,12.5,25.5
JUL26-04382,Dinner,F05,Local Seafood Plate,1,38.0,12.5,25.5
JUL26-04389,Dinner,F05,Local Seafood Plate,1,38.0,12.5,25.5
JUL26-04396,Dinner,F05,Local Seafood Plate,1,38.0,12.5,25.5
JUL26-04403,Dinner,F05,Local Seafood Plate,1,38.0,12.5,25.5
JUL26-04410,Dinner,F05,Local Seafood Plate,1,38.0,12.5,25.5
JUL26-04417,Dinner,F05,Local Seafood Plate,1,38.0,12.5,25.5
JUL26-04424,Dinner,F05,Local Seafood Plate,1,38.0,12.5,25.5
JUL26-04431,Dinner,F05,Local Seafood Plate,1,38.0,12.5,25.5
JUL26-04438,Dinner,F05,Local Seafood Plate,1,38.0,12.5,25.5
JUL26-04445,Dinner,F05,Local Seafood Plate,1,38.0,12.5,25.5
JUL26-04452,Dinner,F05,Local Seafood Plate,1,38.0,12.5,25.5
JUL26-04459,Dinner,F05,Local Seafood Plate,1,38.0,12.5,25.5
JUL26-04466,Dinner,F05,Local Seafood Plate,1,38.0,12.5,25.5
JUL26-04473,Dinner,F05,Local Seafood Plate,1,38.0,12.5,25.5
JUL26-04480,Dinner,F05,Local Seafood Plate,1,38.0,12.5,25.5
JUL26-04487,Dinner,F05,Local Seafood Plate,1,38.0,12.5,25.5
JUL26-04494,Dinner,F05,Local Seafood Plate,1,38.0,12.5,25.5
JUL26-04501,Dinner,F05,Local Seafood Plate,1,38.0,12.5,25.5
JUL26-04508,Dinner,F05,Local Seafood Plate,1,38.0,12.5,25.5
JUL26-04515,Dinner,F05,Local Seafood Plate,1,38.0,12.5,25.5
JUL26-04522,Dinner,F05,Local Seafood Plate,1,38.0,12.5,25.5
JUL26-04529,Dinner,F05,Local Seafood Plate,1,38.0,12.5,25.5
JUL26-04536,Dinner,F05,Local Seafood Plate,1,38.0,12.5,25.5
JUL26-04543,Dinner,F05,Local Seafood Plate,1,38.0,12.5,25.5
JUL26-04550,Dinner,F05,Local Seafood Plate,1,38.0,12.5,25.5
JUL26-04557,Dinner,F05,Local Seafood Plate,1,38.0,12.5,25.5
JUL26-04564,Dinner,F05,Local Seafood Plate,1,38.0,12.5,25.5
JUL26-04571,Delivery / Takeaway,F05,Local Seafood Plate,1,38.0,12.5,25.5
JUL26-04578,Delivery / Takeaway,F05,Local Seafood Plate,1,38.0,12.5,25.5
JUL26-04585,Delivery / Takeaway,F05,Local Seafood Plate,1,38.0,12.5,25.5
JUL26-04592,Delivery / Takeaway,F05,Local Seafood Plate,1,38.0,12.5,25.5
JUL26-04599,Delivery / Takeaway,F05,Local Seafood Plate,1,38.0,12.5,25.5
JUL26-04606,Delivery / Takeaway,F05,Local Seafood Plate,1,38.0,12.5,25.5
JUL26-04613,Delivery / Takeaway,F05,Local Seafood Plate,1,38.0,12.5,25.5
JUL26-04620,Delivery / Takeaway,F05,Local Seafood Plate,1,38.0,12.5,25.5
JUL26-04627,Delivery / Takeaway,F05,Local Seafood Plate,1,38.0,12.5,25.5
JUL26-04634,Delivery / Takeaway,F05,Local Seafood Plate,1,38.0,12.5,25.5
JUL26-04641,Delivery / Takeaway,F05,Local Seafood Plate,1,38.0,12.5,25.5
JUL26-04648,Delivery / Takeaway,F05,Local Seafood Plate,1,38.0,12.5,25.5
JUL26-04655,Delivery / Takeaway,F05,Local Seafood Plate,1,38.0,12.5,25.5
JUL26-04662,Delivery / Takeaway,F05,Local Seafood Plate,1,38.0,12.5,25.5
JUL26-04669,Delivery / Takeaway,F05,Local Seafood Plate,1,38.0,12.5,25.5
JUL26-04676,Delivery / Takeaway,F05,Local Seafood Plate,1,38.0,12.5,25.5
JUL26-04683,Delivery / Takeaway,F05,Local Seafood Plate,1,38.0,12.5,25.5
JUL26-04690,Delivery / Takeaway,F05,Local Seafood Plate,1,38.0,12.5,25.5
JUL26-04697,Delivery / Takeaway,F05,Local Seafood Plate,1,38.0,12.5,25.5
JUL26-04704,Delivery / Takeaway,F05,Local Seafood Plate,1,38.0,12.5,25.5
JUL26-04711,Delivery / Takeaway,F05,Local Seafood Plate,1,38.0,12.5,25.5
JUL26-04718,Delivery / Takeaway,F05,Local Seafood Plate,1,38.0,12.5,25.5
JUL26-04725,Delivery / Takeaway,F05,Local Seafood Plate,1,38.0,12.5,25.5
JUL26-04732,Delivery / Takeaway,F05,Local Seafood Plate,1,38.0,12.5,25.5
JUL26-04739,Delivery / Takeaway,F05,Local Seafood Plate,1,38.0,12.5,25.5
JUL26-04746,Delivery / Takeaway,F05,Local Seafood Plate,1,38.0,12.5,25.5
JUL26-04753,Delivery / Takeaway,F05,Local Seafood Plate,1,38.0,12.5,25.5
JUL26-04760,Delivery / Takeaway,F05,Local Seafood Plate,1,38.0,12.5,25.5
JUL26-04767,Delivery / Takeaway,F05,Local Seafood Plate,1,38.0,12.5,25.5
JUL26-04774,Delivery / Takeaway,F05,Local Seafood Plate,1,38.0,12.5,25.5
JUL26-04781,Delivery / Takeaway,F05,Local Seafood Plate,1,38.0,12.5,25.5
JUL26-04788,Delivery / Takeaway,F05,Local Seafood Plate,1,38.0,12.5,25.5
JUL26-04795,Delivery / Takeaway,F05,Local Seafood Plate,1,38.0,12.5,25.5
JUL26-04802,Delivery / Takeaway,F05,Local Seafood Plate,1,38.0,12.5,25.5
JUL26-04809,Delivery / Takeaway,F05,Local Seafood Plate,1,38.0,12.5,25.5
JUL26-04816,Delivery / Takeaway,F05,Local Seafood Plate,1,38.0,12.5,25.5
JUL26-04823,Delivery / Takeaway,F05,Local Seafood Plate,1,38.0,12.5,25.5
JUL26-04830,Delivery / Takeaway,F05,Local Seafood Plate,1,38.0,12.5,25.5
JUL26-04837,Delivery / Takeaway,F05,Local Seafood Plate,1,38.0,12.5,25.5
JUL26-04844,Delivery / Takeaway,F05,Local Seafood Plate,1,38.0,12.5,25.5
JUL26-04851,Delivery / Takeaway,F05,Local Seafood Plate,1,38.0,12.5,25.5
JUL26-04858,Delivery / Takeaway,F05,Local Seafood Plate,1,38.0,12.5,25.5
JUL26-04865,Delivery / Takeaway,F05,Local Seafood Plate,1,38.0,12.5,25.5
JUL26-04872,Delivery / Takeaway,F05,Local Seafood Plate,1,38.0,12.5,25.5
JUL26-04879,Delivery / Takeaway,F05,Local Seafood Plate,1,38.0,12.5,25.5
JUL26-04886,Delivery / Takeaway,F05,Local Seafood Plate,1,38.0,12.5,25.5
JUL26-04893,Delivery / Takeaway,F05,Local Seafood Plate,1,38.0,12.5,25.5
JUL26-04900,Delivery / Takeaway,F05,Local Seafood Plate,1,38.0,12.5,25.5
JUL26-04907,Delivery / Takeaway,F05,Local Seafood Plate,1,38.0,12.5,25.5
JUL26-04914,Delivery / Takeaway,F05,Local Seafood Plate,1,38.0,12.5,25.5
JUL26-04921,Delivery / Takeaway,F05,Local Seafood Plate,1,38.0,12.5,25.5
JUL26-04928,Delivery / Takeaway,F05,Local Seafood Plate,1,38.0,12.5,25.5
JUL26-04935,Delivery / Takeaway,F05,Local Seafood Plate,1,38.0,12.5,25.5
JUL26-04942,Delivery / Takeaway,F05,Local Seafood Plate,1,38.0,12.5,25.5
JUL26-04949,Delivery / Takeaway,F05,Local Seafood Plate,1,38.0,12.5,25.5
JUL26-04956,Delivery / Takeaway,F05,Local Seafood Plate,1,38.0,12.5,25.5
JUL26-04963,Delivery / Takeaway,F05,Local Seafood Plate,1,38.0,12.5,25.5
JUL26-04970,Delivery / Takeaway,F05,Local Seafood Plate,1,38.0,12.5,25.5
JUL26-04977,Delivery / Takeaway,F05,Local Seafood Plate,1,38.0,12.5,25.5
JUL26-04984,Delivery / Takeaway,F05,Local Seafood Plate,1,38.0,12.5,25.5
JUL26-04991,Delivery / Takeaway,F05,Local Seafood Plate,1,38.0,12.5,25.5
JUL26-04998,Delivery / Takeaway,F05,Local Seafood Plate,1,38.0,12.5,25.5
JUL26-05005,Delivery / Takeaway,F05,Local Seafood Plate,1,38.0,12.5,25.5
JUL26-05012,Delivery / Takeaway,F05,Local Seafood Plate,1,38.0,12.5,25.5
JUL26-05019,Delivery / Takeaway,F05,Local Seafood Plate,1,38.0,12.5,25.5
JUL26-05026,Delivery / Takeaway,F05,Local Seafood Plate,1,38.0,12.5,25.5
JUL26-05033,Delivery / Takeaway,F05,Local Seafood Plate,1,38.0,12.5,25.5
JUL26-05040,Delivery / Takeaway,F05,Local Seafood Plate,1,38.0,12.5,25.5
JUL26-05047,Delivery / Takeaway,F05,Local Seafood Plate,1,38.0,12.5,25.5
JUL26-05054,Delivery / Takeaway,F05,Local Seafood Plate,1,38.0,12.5,25.5
JUL26-05061,Delivery / Takeaway,F05,Local Seafood Plate,1,38.0,12.5,25.5
JUL26-05068,Delivery / Takeaway,F05,Local Seafood Plate,1,38.0,12.5,25.5
JUL26-05075,Delivery / Takeaway,F05,Local Seafood Plate,1,38.0,12.5,25.5
JUL26-05082,Delivery / Takeaway,F05,Local Seafood Plate,1,38.0,12.5,25.5
JUL26-05089,Delivery / Takeaway,F05,Local Seafood Plate,1,38.0,12.5,25.5
JUL26-05096,Delivery / Takeaway,F05,Local Seafood Plate,1,38.0,12.5,25.5
JUL26-05103,Delivery / Takeaway,F05,Local Seafood Plate,1,38.0,12.5,25.5
JUL26-05110,Delivery / Takeaway,F05,Local Seafood Plate,1,38.0,12.5,25.5
JUL26-05117,Delivery / Takeaway,F05,Local Seafood Plate,1,38.0,12.5,25.5
JUL26-05124,Delivery / Takeaway,F05,Local Seafood Plate,1,38.0,12.5,25.5
JUL26-05131,Delivery / Takeaway,F05,Local Seafood Plate,1,38.0,12.5,25.5
JUL26-05138,Delivery / Takeaway,F05,Local Seafood Plate,1,38.0,12.5,25.5
JUL26-05145,Delivery / Takeaway,F05,Local Seafood Plate,1,38.0,12.5,25.5
JUL26-05152,Delivery / Takeaway,F05,Local Seafood Plate,1,38.0,12.5,25.5
JUL26-05159,Delivery / Takeaway,F05,Local Seafood Plate,1,38.0,12.5,25.5
JUL26-05166,Delivery / Takeaway,F05,Local Seafood Plate,1,38.0,12.5,25.5
JUL26-05173,Delivery / Takeaway,F05,Local Seafood Plate,1,38.0,12.5,25.5
JUL26-05180,Delivery / Takeaway,F05,Local Seafood Plate,1,38.0,12.5,25.5
JUL26-05187,Delivery / Takeaway,F05,Local Seafood Plate,1,38.0,12.5,25.5
JUL26-05194,Delivery / Takeaway,F05,Local Seafood Plate,1,38.0,12.5,25.5
JUL26-05201,Delivery / Takeaway,F05,Local Seafood Plate,1,38.0,12.5,25.5
JUL26-05208,Delivery / Takeaway,F05,Local Seafood Plate,1,38.0,12.5,25.5
JUL26-05215,Delivery / Takeaway,F05,Local Seafood Plate,1,38.0,12.5,25.5
JUL26-05222,Delivery / Takeaway,F05,Local Seafood Plate,1,38.0,12.5,25.5
JUL26-05229,Delivery / Takeaway,F05,Local Seafood Plate,1,38.0,12.5,25.5
JUL26-05236,Delivery / Takeaway,F05,Local Seafood Plate,1,38.0,12.5,25.5
JUL26-05243,Delivery / Takeaway,F05,Local Seafood Plate,1,38.0,12.5,25.5
JUL26-05250,Delivery / Takeaway,F05,Local Seafood Plate,1,38.0,12.5,25.5
JUL26-05257,Delivery / Takeaway,F05,Local Seafood Plate,1,38.0,12.5,25.5
JUL26-05264,Delivery / Takeaway,F05,Local Seafood Plate,1,38.0,12.5,25.5
JUL26-05271,Delivery / Takeaway,F05,Local Seafood Plate,1,38.0,12.5,25.5
JUL26-05278,Delivery / Takeaway,F05,Local Seafood Plate,1,38.0,12.5,25.5
JUL26-05285,Delivery / Takeaway,F05,Local Seafood Plate,1,38.0,12.5,25.5
JUL26-05292,Delivery / Takeaway,F05,Local Seafood Plate,1,38.0,12.5,25.5
JUL26-05299,Delivery / Takeaway,F05,Local Seafood Plate,1,38.0,12.5,25.5
JUL26-05306,Delivery / Takeaway,F05,Local Seafood Plate,1,38.0,12.5,25.5
JUL26-05313,Delivery / Takeaway,F05,Local Seafood Plate,1,38.0,12.5,25.5
JUL26-05320,Delivery / Takeaway,F05,Local Seafood Plate,1,38.0,12.5,25.5
JUL26-05327,Private Event,F05,Local Seafood Plate,1,38.0,12.5,25.5
JUL26-05334,Private Event,F05,Local Seafood Plate,1,38.0,12.5,25.5
JUL26-05341,Private Event,F05,Local Seafood Plate,1,38.0,12.5,25.5
JUL26-05348,Private Event,F05,Local Seafood Plate,1,38.0,12.5,25.5
JUL26-05355,Private Event,F05,Local Seafood Plate,1,38.0,12.5,25.5
JUL26-05362,Private Event,F05,Local Seafood Plate,1,38.0,12.5,25.5
JUL26-05369,Private Event,F05,Local Seafood Plate,1,38.0,12.5,25.5
JUL26-05376,Private Event,F05,Local Seafood Plate,1,38.0,12.5,25.5
JUL26-05383,Private Event,F05,Local Seafood Plate,1,38.0,12.5,25.5
JUL26-05390,Private Event,F05,Local Seafood Plate,1,38.0,12.5,25.5
JUL26-05397,Private Event,F05,Local Seafood Plate,1,38.0,12.5,25.5
JUL26-05404,Private Event,F05,Local Seafood Plate,1,38.0,12.5,25.5
JUL26-05411,Private Event,F05,Local Seafood Plate,1,38.0,12.5,25.5
JUL26-05418,Private Event,F05,Local Seafood Plate,1,38.0,12.5,25.5
JUL26-05425,Private Event,F05,Local Seafood Plate,1,38.0,12.5,25.5
JUL26-05432,Private Event,F05,Local Seafood Plate,1,38.0,12.5,25.5
JUL26-05439,Private Event,F05,Local Seafood Plate,1,38.0,12.5,25.5
JUL26-05446,Private Event,F05,Local Seafood Plate,1,38.0,12.5,25.5
JUL26-05453,Private Event,F05,Local Seafood Plate,1,38.0,12.5,25.5
JUL26-05460,Private Event,F05,Local Seafood Plate,1,38.0,12.5,25.5
JUL26-05467,Private Event,F05,Local Seafood Plate,1,38.0,12.5,25.5
JUL26-05474,Private Event,F05,Local Seafood Plate,1,38.0,12.5,25.5
JUL26-05481,Private Event,F05,Local Seafood Plate,1,38.0,12.5,25.5
JUL26-05488,Private Event,F05,Local Seafood Plate,1,38.0,12.5,25.5
JUL26-05495,Private Event,F05,Local Seafood Plate,1,38.0,12.5,25.5
JUL26-05502,Private Event,F05,Local Seafood Plate,1,38.0,12.5,25.5
JUL26-05509,Private Event,F05,Local Seafood Plate,1,38.0,12.5,25.5
JUL26-05516,Private Event,F05,Local Seafood Plate,1,38.0,12.5,25.5
JUL26-05523,Private Event,F05,Local Seafood Plate,1,38.0,12.5,25.5
JUL26-05530,Private Event,F05,Local Seafood Plate,1,38.0,12.5,25.5
JUL26-05537,Private Event,F05,Local Seafood Plate,1,38.0,12.5,25.5
JUL26-05544,Private Event,F05,Local Seafood Plate,1,38.0,12.5,25.5
JUL26-05551,Private Event,F05,Local Seafood Plate,1,38.0,12.5,25.5
JUL26-05558,Private Event,F05,Local Seafood Plate,1,38.0,12.5,25.5
JUL26-05565,Corporate / Group,F05,Local Seafood Plate,1,38.0,12.5,25.5
JUL26-05572,Corporate / Group,F05,Local Seafood Plate,1,38.0,12.5,25.5
JUL26-05579,Corporate / Group,F05,Local Seafood Plate,1,38.0,12.5,25.5
JUL26-05586,Corporate / Group,F05,Local Seafood Plate,1,38.0,12.5,25.5
JUL26-05593,Corporate / Group,F05,Local Seafood Plate,1,38.0,12.5,25.5
JUL26-05600,Corporate / Group,F05,Local Seafood Plate,1,38.0,12.5,25.5
JUL26-05607,Corporate / Group,F05,Local Seafood Plate,1,38.0,12.5,25.5
JUL26-05614,Corporate / Group,F05,Local Seafood Plate,1,38.0,12.5,25.5
JUL26-05621,Corporate / Group,F05,Local Seafood Plate,1,38.0,12.5,25.5
JUL26-05628,Corporate / Group,F05,Local Seafood Plate,1,38.0,12.5,25.5
JUL26-05635,Corporate / Group,F05,Local Seafood Plate,1,38.0,12.5,25.5
JUL26-05642,Corporate / Group,F05,Local Seafood Plate,1,38.0,12.5,25.5
JUL26-05649,Corporate / Group,F05,Local Seafood Plate,1,38.0,12.5,25.5
JUL26-00006,Brunch,F05,Local Seafood Plate,1,38.0,12.5,25.5
JUL26-00013,Brunch,F05,Local Seafood Plate,1,38.0,12.5,25.5
JUL26-00020,Brunch,F05,Local Seafood Plate,1,38.0,12.5,25.5
JUL26-00027,Brunch,F05,Local Seafood Plate,1,38.0,12.5,25.5
JUL26-00034,Brunch,F05,Local Seafood Plate,1,38.0,12.5,25.5
JUL26-00041,Brunch,F05,Local Seafood Plate,1,38.0,12.5,25.5
JUL26-00048,Brunch,F05,Local Seafood Plate,1,38.0,12.5,25.5
JUL26-00055,Brunch,F05,Local Seafood Plate,1,38.0,12.5,25.5
JUL26-00062,Brunch,F05,Local Seafood Plate,1,38.0,12.5,25.5
JUL26-00069,Brunch,F05,Local Seafood Plate,1,38.0,12.5,25.5
JUL26-00076,Brunch,F05,Local Seafood Plate,1,38.0,12.5,25.5
JUL26-00083,Brunch,F05,Local Seafood Plate,1,38.0,12.5,25.5
JUL26-00090,Brunch,F05,Local Seafood Plate,1,38.0,12.5,25.5
JUL26-00097,Brunch,F05,Local Seafood Plate,1,38.0,12.5,25.5
JUL26-00104,Brunch,F05,Local Seafood Plate,1,38.0,12.5,25.5
JUL26-00111,Brunch,F05,Local Seafood Plate,1,38.0,12.5,25.5
JUL26-00118,Brunch,F05,Local Seafood Plate,1,38.0,12.5,25.5
JUL26-00125,Brunch,F05,Local Seafood Plate,1,38.0,12.5,25.5
JUL26-00132,Brunch,F05,Local Seafood Plate,1,38.0,12.5,25.5
JUL26-00139,Brunch,F05,Local Seafood Plate,1,38.0,12.5,25.5
JUL26-00146,Brunch,F05,Local Seafood Plate,1,38.0,12.5,25.5
JUL26-00153,Brunch,F05,Local Seafood Plate,1,38.0,12.5,25.5
JUL26-00160,Brunch,F05,Local Seafood Plate,1,38.0,12.5,25.5
JUL26-00167,Brunch,F05,Local Seafood Plate,1,38.0,12.5,25.5
JUL26-00174,Brunch,F05,Local Seafood Plate,1,38.0,12.5,25.5
JUL26-00181,Brunch,F05,Local Seafood Plate,1,38.0,12.5,25.5
JUL26-00188,Brunch,F05,Local Seafood Plate,1,38.0,12.5,25.5
JUL26-00195,Brunch,F05,Local Seafood Plate,1,38.0,12.5,25.5
JUL26-00202,Brunch,F05,Local Seafood Plate,1,38.0,12.5,25.5
JUL26-00209,Brunch,F05,Local Seafood Plate,1,38.0,12.5,25.5
JUL26-00216,Brunch,F05,Local Seafood Plate,1,38.0,12.5,25.5
JUL26-00223,Brunch,F05,Local Seafood Plate,1,38.0,12.5,25.5
JUL26-00230,Brunch,F05,Local Seafood Plate,1,38.0,12.5,25.5
JUL26-00237,Brunch,F05,Local Seafood Plate,1,38.0,12.5,25.5
JUL26-00244,Brunch,F05,Local Seafood Plate,1,38.0,12.5,25.5
JUL26-00251,Brunch,F05,Local Seafood Plate,1,38.0,12.5,25.5
JUL26-00258,Brunch,F05,Local Seafood Plate,1,38.0,12.5,25.5
JUL26-00265,Brunch,F05,Local Seafood Plate,1,38.0,12.5,25.5
JUL26-00272,Brunch,F05,Local Seafood Plate,1,38.0,12.5,25.5
JUL26-00279,Brunch,F05,Local Seafood Plate,1,38.0,12.5,25.5
JUL26-00286,Brunch,F05,Local Seafood Plate,1,38.0,12.5,25.5
JUL26-00293,Brunch,F05,Local Seafood Plate,1,38.0,12.5,25.5
JUL26-00300,Brunch,F05,Local Seafood Plate,1,38.0,12.5,25.5
JUL26-00307,Brunch,F05,Local Seafood Plate,1,38.0,12.5,25.5
JUL26-00314,Brunch,F05,Local Seafood Plate,1,38.0,12.5,25.5
JUL26-00321,Brunch,F05,Local Seafood Plate,1,38.0,12.5,25.5
JUL26-00328,Brunch,F05,Local Seafood Plate,1,38.0,12.5,25.5
JUL26-00335,Brunch,F05,Local Seafood Plate,1,38.0,12.5,25.5
JUL26-00342,Brunch,F05,Local Seafood Plate,1,38.0,12.5,25.5
JUL26-00349,Brunch,F05,Local Seafood Plate,1,38.0,12.5,25.5
JUL26-00356,Brunch,F05,Local Seafood Plate,1,38.0,12.5,25.5
JUL26-00363,Brunch,F05,Local Seafood Plate,1,38.0,12.5,25.5
JUL26-00370,Brunch,F05,Local Seafood Plate,1,38.0,12.5,25.5
JUL26-00377,Brunch,F05,Local Seafood Plate,1,38.0,12.5,25.5
JUL26-00384,Brunch,F05,Local Seafood Plate,1,38.0,12.5,25.5
JUL26-00391,Brunch,F05,Local Seafood Plate,1,38.0,12.5,25.5
JUL26-00398,Brunch,F05,Local Seafood Plate,1,38.0,12.5,25.5
JUL26-00405,Brunch,F05,Local Seafood Plate,1,38.0,12.5,25.5
JUL26-00412,Brunch,F05,Local Seafood Plate,1,38.0,12.5,25.5
JUL26-00419,Brunch,F05,Local Seafood Plate,1,38.0,12.5,25.5
JUL26-00426,Brunch,F05,Local Seafood Plate,1,38.0,12.5,25.5
JUL26-00433,Brunch,F05,Local Seafood Plate,1,38.0,12.5,25.5
JUL26-00440,Brunch,F05,Local Seafood Plate,1,38.0,12.5,25.5
JUL26-00447,Brunch,F05,Local Seafood Plate,1,38.0,12.5,25.5
JUL26-00454,Brunch,F05,Local Seafood Plate,1,38.0,12.5,25.5
JUL26-00461,Brunch,F05,Local Seafood Plate,1,38.0,12.5,25.5
JUL26-00468,Brunch,F05,Local Seafood Plate,1,38.0,12.5,25.5
JUL26-00475,Brunch,F05,Local Seafood Plate,1,38.0,12.5,25.5
JUL26-01668,Lunch,F06,Vegan Curry,1,19.0,5.0,14.0
JUL26-01675,Lunch,F06,Vegan Curry,1,19.0,5.0,14.0
JUL26-01682,Lunch,F06,Vegan Curry,1,19.0,5.0,14.0
JUL26-01689,Lunch,F06,Vegan Curry,1,19.0,5.0,14.0
JUL26-01696,Lunch,F06,Vegan Curry,1,19.0,5.0,14.0
JUL26-01703,Lunch,F06,Vegan Curry,1,19.0,5.0,14.0
JUL26-01710,Lunch,F06,Vegan Curry,1,19.0,5.0,14.0
JUL26-01717,Lunch,F06,Vegan Curry,1,19.0,5.0,14.0
JUL26-01724,Lunch,F06,Vegan Curry,1,19.0,5.0,14.0
JUL26-01731,Lunch,F06,Vegan Curry,1,19.0,5.0,14.0
JUL26-01738,Lunch,F06,Vegan Curry,1,19.0,5.0,14.0
JUL26-01745,Lunch,F06,Vegan Curry,1,19.0,5.0,14.0
JUL26-01752,Lunch,F06,Vegan Curry,1,19.0,5.0,14.0
JUL26-01759,Lunch,F06,Vegan Curry,1,19.0,5.0,14.0
JUL26-01766,Lunch,F06,Vegan Curry,1,19.0,5.0,14.0
JUL26-01773,Lunch,F06,Vegan Curry,1,19.0,5.0,14.0
JUL26-01780,Lunch,F06,Vegan Curry,1,19.0,5.0,14.0
JUL26-01787,Lunch,F06,Vegan Curry,1,19.0,5.0,14.0
JUL26-01794,Lunch,F06,Vegan Curry,1,19.0,5.0,14.0
JUL26-01801,Lunch,F06,Vegan Curry,1,19.0,5.0,14.0
JUL26-01808,Lunch,F06,Vegan Curry,1,19.0,5.0,14.0
JUL26-01815,Lunch,F06,Vegan Curry,1,19.0,5.0,14.0
JUL26-01822,Lunch,F06,Vegan Curry,1,19.0,5.0,14.0
JUL26-01829,Lunch,F06,Vegan Curry,1,19.0,5.0,14.0
JUL26-01836,Lunch,F06,Vegan Curry,1,19.0,5.0,14.0
JUL26-01843,Lunch,F06,Vegan Curry,1,19.0,5.0,14.0
JUL26-01850,Lunch,F06,Vegan Curry,1,19.0,5.0,14.0
JUL26-01857,Lunch,F06,Vegan Curry,1,19.0,5.0,14.0
JUL26-01864,Lunch,F06,Vegan Curry,1,19.0,5.0,14.0
JUL26-01871,Lunch,F06,Vegan Curry,1,19.0,5.0,14.0
JUL26-01878,Lunch,F06,Vegan Curry,1,19.0,5.0,14.0
JUL26-01885,Lunch,F06,Vegan Curry,1,19.0,5.0,14.0
JUL26-01892,Lunch,F06,Vegan Curry,1,19.0,5.0,14.0
JUL26-01899,Lunch,F06,Vegan Curry,1,19.0,5.0,14.0
JUL26-01906,Lunch,F06,Vegan Curry,1,19.0,5.0,14.0
JUL26-01913,Lunch,F06,Vegan Curry,1,19.0,5.0,14.0
JUL26-01920,Lunch,F06,Vegan Curry,1,19.0,5.0,14.0
JUL26-01927,Lunch,F06,Vegan Curry,1,19.0,5.0,14.0
JUL26-01934,Lunch,F06,Vegan Curry,1,19.0,5.0,14.0
JUL26-01941,Lunch,F06,Vegan Curry,1,19.0,5.0,14.0
JUL26-01948,Lunch,F06,Vegan Curry,1,19.0,5.0,14.0
JUL26-01955,Lunch,F06,Vegan Curry,1,19.0,5.0,14.0
JUL26-01962,Lunch,F06,Vegan Curry,1,19.0,5.0,14.0
JUL26-01969,Lunch,F06,Vegan Curry,1,19.0,5.0,14.0
JUL26-01976,Lunch,F06,Vegan Curry,1,19.0,5.0,14.0
JUL26-01983,Lunch,F06,Vegan Curry,1,19.0,5.0,14.0
JUL26-01990,Lunch,F06,Vegan Curry,1,19.0,5.0,14.0
JUL26-01997,Lunch,F06,Vegan Curry,1,19.0,5.0,14.0
JUL26-02004,Lunch,F06,Vegan Curry,1,19.0,5.0,14.0
JUL26-02011,Lunch,F06,Vegan Curry,1,19.0,5.0,14.0
JUL26-02018,Lunch,F06,Vegan Curry,1,19.0,5.0,14.0
JUL26-02025,Lunch,F06,Vegan Curry,1,19.0,5.0,14.0
JUL26-02032,Lunch,F06,Vegan Curry,1,19.0,5.0,14.0
JUL26-02039,Lunch,F06,Vegan Curry,1,19.0,5.0,14.0
JUL26-02046,Lunch,F06,Vegan Curry,1,19.0,5.0,14.0
JUL26-02053,Lunch,F06,Vegan Curry,1,19.0,5.0,14.0
JUL26-02060,Lunch,F06,Vegan Curry,1,19.0,5.0,14.0
JUL26-02067,Lunch,F06,Vegan Curry,1,19.0,5.0,14.0
JUL26-02074,Lunch,F06,Vegan Curry,1,19.0,5.0,14.0
JUL26-02081,Lunch,F06,Vegan Curry,1,19.0,5.0,14.0
JUL26-02088,Lunch,F06,Vegan Curry,1,19.0,5.0,14.0
JUL26-02095,Lunch,F06,Vegan Curry,1,19.0,5.0,14.0
JUL26-02102,Lunch,F06,Vegan Curry,1,19.0,5.0,14.0
JUL26-02109,Lunch,F06,Vegan Curry,1,19.0,5.0,14.0
JUL26-02116,Lunch,F06,Vegan Curry,1,19.0,5.0,14.0
JUL26-02123,Lunch,F06,Vegan Curry,1,19.0,5.0,14.0
JUL26-02130,Lunch,F06,Vegan Curry,1,19.0,5.0,14.0
JUL26-02137,Lunch,F06,Vegan Curry,1,19.0,5.0,14.0
JUL26-02144,Lunch,F06,Vegan Curry,1,19.0,5.0,14.0
JUL26-02151,Lunch,F06,Vegan Curry,1,19.0,5.0,14.0
JUL26-02158,Lunch,F06,Vegan Curry,1,19.0,5.0,14.0
JUL26-02165,Lunch,F06,Vegan Curry,1,19.0,5.0,14.0
JUL26-02172,Lunch,F06,Vegan Curry,1,19.0,5.0,14.0
JUL26-02179,Lunch,F06,Vegan Curry,1,19.0,5.0,14.0
JUL26-02186,Dinner,F06,Vegan Curry,1,19.0,5.0,14.0
JUL26-02193,Dinner,F06,Vegan Curry,1,19.0,5.0,14.0
JUL26-02200,Dinner,F06,Vegan Curry,1,19.0,5.0,14.0
JUL26-02207,Dinner,F06,Vegan Curry,1,19.0,5.0,14.0
JUL26-02214,Dinner,F06,Vegan Curry,1,19.0,5.0,14.0
JUL26-02221,Dinner,F06,Vegan Curry,1,19.0,5.0,14.0
JUL26-02228,Dinner,F06,Vegan Curry,1,19.0,5.0,14.0
JUL26-02235,Dinner,F06,Vegan Curry,1,19.0,5.0,14.0
JUL26-02242,Dinner,F06,Vegan Curry,1,19.0,5.0,14.0
JUL26-02249,Dinner,F06,Vegan Curry,1,19.0,5.0,14.0
JUL26-02256,Dinner,F06,Vegan Curry,1,19.0,5.0,14.0
JUL26-02263,Dinner,F06,Vegan Curry,1,19.0,5.0,14.0
JUL26-02270,Dinner,F06,Vegan Curry,1,19.0,5.0,14.0
JUL26-02277,Dinner,F06,Vegan Curry,1,19.0,5.0,14.0
JUL26-02284,Dinner,F06,Vegan Curry,1,19.0,5.0,14.0
JUL26-02291,Dinner,F06,Vegan Curry,1,19.0,5.0,14.0
JUL26-02298,Dinner,F06,Vegan Curry,1,19.0,5.0,14.0
JUL26-02305,Dinner,F06,Vegan Curry,1,19.0,5.0,14.0
JUL26-02312,Dinner,F06,Vegan Curry,1,19.0,5.0,14.0
JUL26-02319,Dinner,F06,Vegan Curry,1,19.0,5.0,14.0
JUL26-02326,Dinner,F06,Vegan Curry,1,19.0,5.0,14.0
JUL26-02333,Dinner,F06,Vegan Curry,1,19.0,5.0,14.0
JUL26-02340,Dinner,F06,Vegan Curry,1,19.0,5.0,14.0
JUL26-02347,Dinner,F06,Vegan Curry,1,19.0,5.0,14.0
JUL26-02354,Dinner,F06,Vegan Curry,1,19.0,5.0,14.0
JUL26-02361,Dinner,F06,Vegan Curry,1,19.0,5.0,14.0
JUL26-02368,Dinner,F06,Vegan Curry,1,19.0,5.0,14.0
JUL26-02375,Dinner,F06,Vegan Curry,1,19.0,5.0,14.0
JUL26-02382,Dinner,F06,Vegan Curry,1,19.0,5.0,14.0
JUL26-02389,Dinner,F06,Vegan Curry,1,19.0,5.0,14.0
JUL26-02396,Dinner,F06,Vegan Curry,1,19.0,5.0,14.0
JUL26-02403,Dinner,F06,Vegan Curry,1,19.0,5.0,14.0
JUL26-02410,Dinner,F06,Vegan Curry,1,19.0,5.0,14.0
JUL26-02417,Dinner,F06,Vegan Curry,1,19.0,5.0,14.0
JUL26-02424,Dinner,F06,Vegan Curry,1,19.0,5.0,14.0
JUL26-02431,Dinner,F06,Vegan Curry,1,19.0,5.0,14.0
JUL26-02438,Dinner,F06,Vegan Curry,1,19.0,5.0,14.0
JUL26-02445,Dinner,F06,Vegan Curry,1,19.0,5.0,14.0
JUL26-02452,Dinner,F06,Vegan Curry,1,19.0,5.0,14.0
JUL26-02459,Dinner,F06,Vegan Curry,1,19.0,5.0,14.0
JUL26-02466,Dinner,F06,Vegan Curry,1,19.0,5.0,14.0
JUL26-02473,Dinner,F06,Vegan Curry,1,19.0,5.0,14.0
JUL26-02480,Dinner,F06,Vegan Curry,1,19.0,5.0,14.0
JUL26-02487,Dinner,F06,Vegan Curry,1,19.0,5.0,14.0
JUL26-02494,Dinner,F06,Vegan Curry,1,19.0,5.0,14.0
JUL26-02501,Dinner,F06,Vegan Curry,1,19.0,5.0,14.0
JUL26-02508,Dinner,F06,Vegan Curry,1,19.0,5.0,14.0
JUL26-02515,Dinner,F06,Vegan Curry,1,19.0,5.0,14.0
JUL26-02522,Dinner,F06,Vegan Curry,1,19.0,5.0,14.0
JUL26-02529,Dinner,F06,Vegan Curry,1,19.0,5.0,14.0
JUL26-02536,Dinner,F06,Vegan Curry,1,19.0,5.0,14.0
JUL26-02543,Dinner,F06,Vegan Curry,1,19.0,5.0,14.0
JUL26-02550,Dinner,F06,Vegan Curry,1,19.0,5.0,14.0
JUL26-02557,Dinner,F06,Vegan Curry,1,19.0,5.0,14.0
JUL26-02564,Dinner,F06,Vegan Curry,1,19.0,5.0,14.0
JUL26-02571,Dinner,F06,Vegan Curry,1,19.0,5.0,14.0
JUL26-02578,Dinner,F06,Vegan Curry,1,19.0,5.0,14.0
JUL26-02585,Dinner,F06,Vegan Curry,1,19.0,5.0,14.0
JUL26-02592,Dinner,F06,Vegan Curry,1,19.0,5.0,14.0
JUL26-02599,Dinner,F06,Vegan Curry,1,19.0,5.0,14.0
JUL26-02606,Dinner,F06,Vegan Curry,1,19.0,5.0,14.0
JUL26-02613,Dinner,F06,Vegan Curry,1,19.0,5.0,14.0
JUL26-02620,Dinner,F06,Vegan Curry,1,19.0,5.0,14.0
JUL26-02627,Dinner,F06,Vegan Curry,1,19.0,5.0,14.0
JUL26-02634,Dinner,F06,Vegan Curry,1,19.0,5.0,14.0
JUL26-02641,Dinner,F06,Vegan Curry,1,19.0,5.0,14.0
JUL26-02648,Dinner,F06,Vegan Curry,1,19.0,5.0,14.0
JUL26-02655,Dinner,F06,Vegan Curry,1,19.0,5.0,14.0
JUL26-02662,Dinner,F06,Vegan Curry,1,19.0,5.0,14.0
JUL26-02669,Dinner,F06,Vegan Curry,1,19.0,5.0,14.0
JUL26-02676,Dinner,F06,Vegan Curry,1,19.0,5.0,14.0
JUL26-02683,Dinner,F06,Vegan Curry,1,19.0,5.0,14.0
JUL26-02690,Dinner,F06,Vegan Curry,1,19.0,5.0,14.0
JUL26-02697,Dinner,F06,Vegan Curry,1,19.0,5.0,14.0
JUL26-02704,Dinner,F06,Vegan Curry,1,19.0,5.0,14.0
JUL26-02711,Dinner,F06,Vegan Curry,1,19.0,5.0,14.0
JUL26-02718,Dinner,F06,Vegan Curry,1,19.0,5.0,14.0
JUL26-02725,Dinner,F06,Vegan Curry,1,19.0,5.0,14.0
JUL26-02732,Dinner,F06,Vegan Curry,1,19.0,5.0,14.0
JUL26-02739,Dinner,F06,Vegan Curry,1,19.0,5.0,14.0
JUL26-02746,Dinner,F06,Vegan Curry,1,19.0,5.0,14.0
JUL26-02753,Dinner,F06,Vegan Curry,1,19.0,5.0,14.0
JUL26-02760,Dinner,F06,Vegan Curry,1,19.0,5.0,14.0
JUL26-02767,Dinner,F06,Vegan Curry,1,19.0,5.0,14.0
JUL26-02774,Dinner,F06,Vegan Curry,1,19.0,5.0,14.0
JUL26-02781,Dinner,F06,Vegan Curry,1,19.0,5.0,14.0
JUL26-02788,Dinner,F06,Vegan Curry,1,19.0,5.0,14.0
JUL26-02795,Dinner,F06,Vegan Curry,1,19.0,5.0,14.0
JUL26-02802,Dinner,F06,Vegan Curry,1,19.0,5.0,14.0
JUL26-02809,Dinner,F06,Vegan Curry,1,19.0,5.0,14.0
JUL26-02816,Dinner,F06,Vegan Curry,1,19.0,5.0,14.0
JUL26-02823,Dinner,F06,Vegan Curry,1,19.0,5.0,14.0
JUL26-02830,Dinner,F06,Vegan Curry,1,19.0,5.0,14.0
JUL26-02837,Dinner,F06,Vegan Curry,1,19.0,5.0,14.0
JUL26-02844,Dinner,F06,Vegan Curry,1,19.0,5.0,14.0
JUL26-02851,Dinner,F06,Vegan Curry,1,19.0,5.0,14.0
JUL26-02858,Dinner,F06,Vegan Curry,1,19.0,5.0,14.0
JUL26-02865,Dinner,F06,Vegan Curry,1,19.0,5.0,14.0
JUL26-02872,Dinner,F06,Vegan Curry,1,19.0,5.0,14.0
JUL26-02879,Dinner,F06,Vegan Curry,1,19.0,5.0,14.0
JUL26-02886,Dinner,F06,Vegan Curry,1,19.0,5.0,14.0
JUL26-02893,Dinner,F06,Vegan Curry,1,19.0,5.0,14.0
JUL26-02900,Dinner,F06,Vegan Curry,1,19.0,5.0,14.0
JUL26-02907,Dinner,F06,Vegan Curry,1,19.0,5.0,14.0
JUL26-02914,Dinner,F06,Vegan Curry,1,19.0,5.0,14.0
JUL26-02921,Dinner,F06,Vegan Curry,1,19.0,5.0,14.0
JUL26-02928,Dinner,F06,Vegan Curry,1,19.0,5.0,14.0
JUL26-02935,Dinner,F06,Vegan Curry,1,19.0,5.0,14.0
JUL26-02942,Dinner,F06,Vegan Curry,1,19.0,5.0,14.0
JUL26-02949,Dinner,F06,Vegan Curry,1,19.0,5.0,14.0
JUL26-02956,Dinner,F06,Vegan Curry,1,19.0,5.0,14.0
JUL26-02963,Dinner,F06,Vegan Curry,1,19.0,5.0,14.0
JUL26-02970,Dinner,F06,Vegan Curry,1,19.0,5.0,14.0
JUL26-02977,Dinner,F06,Vegan Curry,1,19.0,5.0,14.0
JUL26-02984,Dinner,F06,Vegan Curry,1,19.0,5.0,14.0
JUL26-02991,Dinner,F06,Vegan Curry,1,19.0,5.0,14.0
JUL26-02998,Dinner,F06,Vegan Curry,1,19.0,5.0,14.0
JUL26-03005,Dinner,F06,Vegan Curry,1,19.0,5.0,14.0
JUL26-03012,Dinner,F06,Vegan Curry,1,19.0,5.0,14.0
JUL26-03019,Dinner,F06,Vegan Curry,1,19.0,5.0,14.0
JUL26-03026,Dinner,F06,Vegan Curry,1,19.0,5.0,14.0
JUL26-03033,Dinner,F06,Vegan Curry,1,19.0,5.0,14.0
JUL26-03040,Dinner,F06,Vegan Curry,1,19.0,5.0,14.0
JUL26-03047,Dinner,F06,Vegan Curry,1,19.0,5.0,14.0
JUL26-03054,Dinner,F06,Vegan Curry,1,19.0,5.0,14.0
JUL26-03061,Dinner,F06,Vegan Curry,1,19.0,5.0,14.0
JUL26-03068,Dinner,F06,Vegan Curry,1,19.0,5.0,14.0
JUL26-03075,Dinner,F06,Vegan Curry,1,19.0,5.0,14.0
JUL26-03082,Dinner,F06,Vegan Curry,1,19.0,5.0,14.0
JUL26-03089,Dinner,F06,Vegan Curry,1,19.0,5.0,14.0
JUL26-03096,Dinner,F06,Vegan Curry,1,19.0,5.0,14.0
JUL26-03103,Dinner,F06,Vegan Curry,1,19.0,5.0,14.0
JUL26-03110,Dinner,F06,Vegan Curry,1,19.0,5.0,14.0
JUL26-03117,Dinner,F06,Vegan Curry,1,19.0,5.0,14.0
JUL26-03124,Dinner,F06,Vegan Curry,1,19.0,5.0,14.0
JUL26-03131,Dinner,F06,Vegan Curry,1,19.0,5.0,14.0
JUL26-03138,Dinner,F06,Vegan Curry,1,19.0,5.0,14.0
JUL26-03145,Dinner,F06,Vegan Curry,1,19.0,5.0,14.0
JUL26-03152,Dinner,F06,Vegan Curry,1,19.0,5.0,14.0
JUL26-03159,Dinner,F06,Vegan Curry,1,19.0,5.0,14.0
JUL26-03166,Dinner,F06,Vegan Curry,1,19.0,5.0,14.0
JUL26-03173,Dinner,F06,Vegan Curry,1,19.0,5.0,14.0
JUL26-03180,Dinner,F06,Vegan Curry,1,19.0,5.0,14.0
JUL26-03187,Dinner,F06,Vegan Curry,1,19.0,5.0,14.0
JUL26-03194,Dinner,F06,Vegan Curry,1,19.0,5.0,14.0
JUL26-03201,Dinner,F06,Vegan Curry,1,19.0,5.0,14.0
JUL26-03208,Dinner,F06,Vegan Curry,1,19.0,5.0,14.0
JUL26-03215,Dinner,F06,Vegan Curry,1,19.0,5.0,14.0
JUL26-03222,Dinner,F06,Vegan Curry,1,19.0,5.0,14.0
JUL26-03229,Dinner,F06,Vegan Curry,1,19.0,5.0,14.0
JUL26-03236,Dinner,F06,Vegan Curry,1,19.0,5.0,14.0
JUL26-03243,Dinner,F06,Vegan Curry,1,19.0,5.0,14.0
JUL26-03250,Dinner,F06,Vegan Curry,1,19.0,5.0,14.0
JUL26-03257,Dinner,F06,Vegan Curry,1,19.0,5.0,14.0
JUL26-03264,Dinner,F06,Vegan Curry,1,19.0,5.0,14.0
JUL26-03271,Dinner,F06,Vegan Curry,1,19.0,5.0,14.0
JUL26-03278,Dinner,F06,Vegan Curry,1,19.0,5.0,14.0
JUL26-03285,Dinner,F06,Vegan Curry,1,19.0,5.0,14.0
JUL26-03292,Dinner,F06,Vegan Curry,1,19.0,5.0,14.0
JUL26-03299,Dinner,F06,Vegan Curry,1,19.0,5.0,14.0
JUL26-03306,Dinner,F06,Vegan Curry,1,19.0,5.0,14.0
JUL26-03313,Dinner,F06,Vegan Curry,1,19.0,5.0,14.0
JUL26-03320,Dinner,F06,Vegan Curry,1,19.0,5.0,14.0
JUL26-03327,Dinner,F06,Vegan Curry,1,19.0,5.0,14.0
JUL26-03334,Dinner,F06,Vegan Curry,1,19.0,5.0,14.0
JUL26-03341,Dinner,F06,Vegan Curry,1,19.0,5.0,14.0
JUL26-03348,Dinner,F06,Vegan Curry,1,19.0,5.0,14.0
JUL26-03355,Dinner,F06,Vegan Curry,1,19.0,5.0,14.0
JUL26-03362,Dinner,F06,Vegan Curry,1,19.0,5.0,14.0
JUL26-03369,Dinner,F06,Vegan Curry,1,19.0,5.0,14.0
JUL26-03376,Dinner,F06,Vegan Curry,1,19.0,5.0,14.0
JUL26-03383,Dinner,F06,Vegan Curry,1,19.0,5.0,14.0
JUL26-03390,Dinner,F06,Vegan Curry,1,19.0,5.0,14.0
JUL26-03397,Dinner,F06,Vegan Curry,1,19.0,5.0,14.0
JUL26-03404,Dinner,F06,Vegan Curry,1,19.0,5.0,14.0
JUL26-03411,Dinner,F06,Vegan Curry,1,19.0,5.0,14.0
JUL26-03418,Dinner,F06,Vegan Curry,1,19.0,5.0,14.0
JUL26-03425,Dinner,F06,Vegan Curry,1,19.0,5.0,14.0
JUL26-03432,Dinner,F06,Vegan Curry,1,19.0,5.0,14.0
JUL26-03439,Dinner,F06,Vegan Curry,1,19.0,5.0,14.0
JUL26-03446,Dinner,F06,Vegan Curry,1,19.0,5.0,14.0
JUL26-03453,Dinner,F06,Vegan Curry,1,19.0,5.0,14.0
JUL26-03460,Dinner,F06,Vegan Curry,1,19.0,5.0,14.0
JUL26-03467,Dinner,F06,Vegan Curry,1,19.0,5.0,14.0
JUL26-03474,Dinner,F06,Vegan Curry,1,19.0,5.0,14.0
JUL26-03481,Dinner,F06,Vegan Curry,1,19.0,5.0,14.0
JUL26-03488,Dinner,F06,Vegan Curry,1,19.0,5.0,14.0
JUL26-03495,Dinner,F06,Vegan Curry,1,19.0,5.0,14.0
JUL26-03502,Dinner,F06,Vegan Curry,1,19.0,5.0,14.0
JUL26-03509,Dinner,F06,Vegan Curry,1,19.0,5.0,14.0
JUL26-03516,Dinner,F06,Vegan Curry,1,19.0,5.0,14.0
JUL26-03523,Dinner,F06,Vegan Curry,1,19.0,5.0,14.0
JUL26-03530,Dinner,F06,Vegan Curry,1,19.0,5.0,14.0
JUL26-03537,Dinner,F06,Vegan Curry,1,19.0,5.0,14.0
JUL26-03544,Dinner,F06,Vegan Curry,1,19.0,5.0,14.0
JUL26-03551,Dinner,F06,Vegan Curry,1,19.0,5.0,14.0
JUL26-03558,Dinner,F06,Vegan Curry,1,19.0,5.0,14.0
JUL26-03565,Dinner,F06,Vegan Curry,1,19.0,5.0,14.0
JUL26-03572,Dinner,F06,Vegan Curry,1,19.0,5.0,14.0
JUL26-03579,Dinner,F06,Vegan Curry,1,19.0,5.0,14.0
JUL26-03586,Dinner,F06,Vegan Curry,1,19.0,5.0,14.0
JUL26-03593,Dinner,F06,Vegan Curry,1,19.0,5.0,14.0
JUL26-03600,Dinner,F06,Vegan Curry,1,19.0,5.0,14.0
JUL26-03607,Dinner,F06,Vegan Curry,1,19.0,5.0,14.0
JUL26-03614,Dinner,F06,Vegan Curry,1,19.0,5.0,14.0
JUL26-03621,Dinner,F06,Vegan Curry,1,19.0,5.0,14.0
JUL26-03628,Dinner,F06,Vegan Curry,1,19.0,5.0,14.0
JUL26-03635,Dinner,F06,Vegan Curry,1,19.0,5.0,14.0
JUL26-03642,Dinner,F06,Vegan Curry,1,19.0,5.0,14.0
JUL26-03649,Dinner,F06,Vegan Curry,1,19.0,5.0,14.0
JUL26-03656,Dinner,F06,Vegan Curry,1,19.0,5.0,14.0
JUL26-03663,Dinner,F06,Vegan Curry,1,19.0,5.0,14.0
JUL26-03670,Dinner,F06,Vegan Curry,1,19.0,5.0,14.0
JUL26-03677,Dinner,F06,Vegan Curry,1,19.0,5.0,14.0
JUL26-03684,Dinner,F06,Vegan Curry,1,19.0,5.0,14.0
JUL26-03691,Dinner,F06,Vegan Curry,1,19.0,5.0,14.0
JUL26-03698,Dinner,F06,Vegan Curry,1,19.0,5.0,14.0
JUL26-03705,Dinner,F06,Vegan Curry,1,19.0,5.0,14.0
JUL26-03712,Dinner,F06,Vegan Curry,1,19.0,5.0,14.0
JUL26-03719,Dinner,F06,Vegan Curry,1,19.0,5.0,14.0
JUL26-03726,Dinner,F06,Vegan Curry,1,19.0,5.0,14.0
JUL26-03733,Dinner,F06,Vegan Curry,1,19.0,5.0,14.0
JUL26-03740,Dinner,F06,Vegan Curry,1,19.0,5.0,14.0
JUL26-03747,Dinner,F06,Vegan Curry,1,19.0,5.0,14.0
JUL26-03754,Dinner,F06,Vegan Curry,1,19.0,5.0,14.0
JUL26-03761,Dinner,F06,Vegan Curry,1,19.0,5.0,14.0
JUL26-03768,Dinner,F06,Vegan Curry,1,19.0,5.0,14.0
JUL26-03775,Dinner,F06,Vegan Curry,1,19.0,5.0,14.0
JUL26-03782,Dinner,F06,Vegan Curry,1,19.0,5.0,14.0
JUL26-03789,Dinner,F06,Vegan Curry,1,19.0,5.0,14.0
JUL26-03796,Dinner,F06,Vegan Curry,1,19.0,5.0,14.0
JUL26-03803,Dinner,F06,Vegan Curry,1,19.0,5.0,14.0
JUL26-03810,Dinner,F06,Vegan Curry,1,19.0,5.0,14.0
JUL26-03817,Dinner,F06,Vegan Curry,1,19.0,5.0,14.0
JUL26-03824,Dinner,F06,Vegan Curry,1,19.0,5.0,14.0
JUL26-03831,Dinner,F06,Vegan Curry,1,19.0,5.0,14.0
JUL26-03838,Dinner,F06,Vegan Curry,1,19.0,5.0,14.0
JUL26-03845,Dinner,F06,Vegan Curry,1,19.0,5.0,14.0
JUL26-03852,Dinner,F06,Vegan Curry,1,19.0,5.0,14.0
JUL26-03859,Dinner,F06,Vegan Curry,1,19.0,5.0,14.0
JUL26-03866,Dinner,F06,Vegan Curry,1,19.0,5.0,14.0
JUL26-03873,Dinner,F06,Vegan Curry,1,19.0,5.0,14.0
JUL26-03880,Dinner,F06,Vegan Curry,1,19.0,5.0,14.0
JUL26-03887,Dinner,F06,Vegan Curry,1,19.0,5.0,14.0
JUL26-03894,Dinner,F06,Vegan Curry,1,19.0,5.0,14.0
JUL26-03901,Dinner,F06,Vegan Curry,1,19.0,5.0,14.0
JUL26-03908,Dinner,F06,Vegan Curry,1,19.0,5.0,14.0
JUL26-03915,Dinner,F06,Vegan Curry,1,19.0,5.0,14.0
JUL26-03922,Dinner,F06,Vegan Curry,1,19.0,5.0,14.0
JUL26-03929,Dinner,F06,Vegan Curry,1,19.0,5.0,14.0
JUL26-03936,Dinner,F06,Vegan Curry,1,19.0,5.0,14.0
JUL26-03943,Dinner,F06,Vegan Curry,1,19.0,5.0,14.0
JUL26-03950,Dinner,F06,Vegan Curry,1,19.0,5.0,14.0
JUL26-03957,Dinner,F06,Vegan Curry,1,19.0,5.0,14.0
JUL26-03964,Dinner,F06,Vegan Curry,1,19.0,5.0,14.0
JUL26-03971,Dinner,F06,Vegan Curry,1,19.0,5.0,14.0
JUL26-03978,Dinner,F06,Vegan Curry,1,19.0,5.0,14.0
JUL26-03985,Dinner,F06,Vegan Curry,1,19.0,5.0,14.0
JUL26-03992,Dinner,F06,Vegan Curry,1,19.0,5.0,14.0
JUL26-03999,Dinner,F06,Vegan Curry,1,19.0,5.0,14.0
JUL26-04006,Dinner,F06,Vegan Curry,1,19.0,5.0,14.0
JUL26-04013,Dinner,F06,Vegan Curry,1,19.0,5.0,14.0
JUL26-04020,Dinner,F06,Vegan Curry,1,19.0,5.0,14.0
JUL26-04027,Dinner,F06,Vegan Curry,1,19.0,5.0,14.0
JUL26-04034,Dinner,F06,Vegan Curry,1,19.0,5.0,14.0
JUL26-04041,Dinner,F06,Vegan Curry,1,19.0,5.0,14.0
JUL26-04048,Dinner,F06,Vegan Curry,1,19.0,5.0,14.0
JUL26-04055,Dinner,F06,Vegan Curry,1,19.0,5.0,14.0
JUL26-04062,Dinner,F06,Vegan Curry,1,19.0,5.0,14.0
JUL26-04069,Dinner,F06,Vegan Curry,1,19.0,5.0,14.0
JUL26-04076,Dinner,F06,Vegan Curry,1,19.0,5.0,14.0
JUL26-04083,Dinner,F06,Vegan Curry,1,19.0,5.0,14.0
JUL26-04090,Dinner,F06,Vegan Curry,1,19.0,5.0,14.0
JUL26-04097,Dinner,F06,Vegan Curry,1,19.0,5.0,14.0
JUL26-04104,Dinner,F06,Vegan Curry,1,19.0,5.0,14.0
JUL26-04111,Dinner,F06,Vegan Curry,1,19.0,5.0,14.0
JUL26-04118,Dinner,F06,Vegan Curry,1,19.0,5.0,14.0
JUL26-04125,Dinner,F06,Vegan Curry,1,19.0,5.0,14.0
JUL26-04132,Dinner,F06,Vegan Curry,1,19.0,5.0,14.0
JUL26-04139,Dinner,F06,Vegan Curry,1,19.0,5.0,14.0
JUL26-04146,Dinner,F06,Vegan Curry,1,19.0,5.0,14.0
JUL26-04153,Dinner,F06,Vegan Curry,1,19.0,5.0,14.0
JUL26-04160,Dinner,F06,Vegan Curry,1,19.0,5.0,14.0
JUL26-04167,Dinner,F06,Vegan Curry,1,19.0,5.0,14.0
JUL26-04174,Dinner,F06,Vegan Curry,1,19.0,5.0,14.0
JUL26-04181,Dinner,F06,Vegan Curry,1,19.0,5.0,14.0
JUL26-04188,Dinner,F06,Vegan Curry,1,19.0,5.0,14.0
JUL26-04195,Dinner,F06,Vegan Curry,1,19.0,5.0,14.0
JUL26-04202,Dinner,F06,Vegan Curry,1,19.0,5.0,14.0
JUL26-04209,Dinner,F06,Vegan Curry,1,19.0,5.0,14.0
JUL26-04216,Dinner,F06,Vegan Curry,1,19.0,5.0,14.0
JUL26-04223,Dinner,F06,Vegan Curry,1,19.0,5.0,14.0
JUL26-04230,Dinner,F06,Vegan Curry,1,19.0,5.0,14.0
JUL26-04237,Dinner,F06,Vegan Curry,1,19.0,5.0,14.0
JUL26-04244,Dinner,F06,Vegan Curry,1,19.0,5.0,14.0
JUL26-04251,Dinner,F06,Vegan Curry,1,19.0,5.0,14.0
JUL26-04258,Dinner,F06,Vegan Curry,1,19.0,5.0,14.0
JUL26-04265,Dinner,F06,Vegan Curry,1,19.0,5.0,14.0
JUL26-04272,Dinner,F06,Vegan Curry,1,19.0,5.0,14.0
JUL26-04279,Dinner,F06,Vegan Curry,1,19.0,5.0,14.0
JUL26-04286,Dinner,F06,Vegan Curry,1,19.0,5.0,14.0
JUL26-04293,Dinner,F06,Vegan Curry,1,19.0,5.0,14.0
JUL26-04300,Dinner,F06,Vegan Curry,1,19.0,5.0,14.0
JUL26-04307,Dinner,F06,Vegan Curry,1,19.0,5.0,14.0
JUL26-04314,Dinner,F06,Vegan Curry,1,19.0,5.0,14.0
JUL26-04321,Dinner,F06,Vegan Curry,1,19.0,5.0,14.0
JUL26-04328,Dinner,F06,Vegan Curry,1,19.0,5.0,14.0
JUL26-04335,Dinner,F06,Vegan Curry,1,19.0,5.0,14.0
JUL26-04342,Dinner,F06,Vegan Curry,1,19.0,5.0,14.0
JUL26-04349,Dinner,F06,Vegan Curry,1,19.0,5.0,14.0
JUL26-04356,Dinner,F06,Vegan Curry,1,19.0,5.0,14.0
JUL26-04363,Dinner,F06,Vegan Curry,1,19.0,5.0,14.0
JUL26-04370,Dinner,F06,Vegan Curry,1,19.0,5.0,14.0
JUL26-04377,Dinner,F06,Vegan Curry,1,19.0,5.0,14.0
JUL26-04384,Dinner,F06,Vegan Curry,1,19.0,5.0,14.0
JUL26-04391,Dinner,F06,Vegan Curry,1,19.0,5.0,14.0
JUL26-04398,Dinner,F06,Vegan Curry,1,19.0,5.0,14.0
JUL26-04405,Dinner,F06,Vegan Curry,1,19.0,5.0,14.0
JUL26-04412,Dinner,F06,Vegan Curry,1,19.0,5.0,14.0
JUL26-04419,Dinner,F06,Vegan Curry,1,19.0,5.0,14.0
JUL26-04426,Dinner,F06,Vegan Curry,1,19.0,5.0,14.0
JUL26-04433,Dinner,F06,Vegan Curry,1,19.0,5.0,14.0
JUL26-04440,Dinner,F06,Vegan Curry,1,19.0,5.0,14.0
JUL26-04447,Dinner,F06,Vegan Curry,1,19.0,5.0,14.0
JUL26-04454,Dinner,F06,Vegan Curry,1,19.0,5.0,14.0
JUL26-04461,Dinner,F06,Vegan Curry,1,19.0,5.0,14.0
JUL26-04468,Dinner,F06,Vegan Curry,1,19.0,5.0,14.0
JUL26-04475,Dinner,F06,Vegan Curry,1,19.0,5.0,14.0
JUL26-04482,Dinner,F06,Vegan Curry,1,19.0,5.0,14.0
JUL26-04489,Dinner,F06,Vegan Curry,1,19.0,5.0,14.0
JUL26-04496,Dinner,F06,Vegan Curry,1,19.0,5.0,14.0
JUL26-04503,Dinner,F06,Vegan Curry,1,19.0,5.0,14.0
JUL26-04510,Dinner,F06,Vegan Curry,1,19.0,5.0,14.0
JUL26-04517,Dinner,F06,Vegan Curry,1,19.0,5.0,14.0
JUL26-04524,Dinner,F06,Vegan Curry,1,19.0,5.0,14.0
JUL26-04531,Dinner,F06,Vegan Curry,1,19.0,5.0,14.0
JUL26-04538,Dinner,F06,Vegan Curry,1,19.0,5.0,14.0
JUL26-04545,Dinner,F06,Vegan Curry,1,19.0,5.0,14.0
JUL26-04552,Dinner,F06,Vegan Curry,1,19.0,5.0,14.0
JUL26-04559,Dinner,F06,Vegan Curry,1,19.0,5.0,14.0
JUL26-04566,Dinner,F06,Vegan Curry,1,19.0,5.0,14.0
JUL26-04573,Delivery / Takeaway,F06,Vegan Curry,1,19.0,5.0,14.0
JUL26-04580,Delivery / Takeaway,F06,Vegan Curry,1,19.0,5.0,14.0
JUL26-04587,Delivery / Takeaway,F06,Vegan Curry,1,19.0,5.0,14.0
JUL26-04594,Delivery / Takeaway,F06,Vegan Curry,1,19.0,5.0,14.0
JUL26-04601,Delivery / Takeaway,F06,Vegan Curry,1,19.0,5.0,14.0
JUL26-04608,Delivery / Takeaway,F06,Vegan Curry,1,19.0,5.0,14.0
JUL26-04615,Delivery / Takeaway,F06,Vegan Curry,1,19.0,5.0,14.0
JUL26-04622,Delivery / Takeaway,F06,Vegan Curry,1,19.0,5.0,14.0
JUL26-04629,Delivery / Takeaway,F06,Vegan Curry,1,19.0,5.0,14.0
JUL26-04636,Delivery / Takeaway,F06,Vegan Curry,1,19.0,5.0,14.0
JUL26-04643,Delivery / Takeaway,F06,Vegan Curry,1,19.0,5.0,14.0
JUL26-04650,Delivery / Takeaway,F06,Vegan Curry,1,19.0,5.0,14.0
JUL26-04657,Delivery / Takeaway,F06,Vegan Curry,1,19.0,5.0,14.0
JUL26-04664,Delivery / Takeaway,F06,Vegan Curry,1,19.0,5.0,14.0
JUL26-04671,Delivery / Takeaway,F06,Vegan Curry,1,19.0,5.0,14.0
JUL26-04678,Delivery / Takeaway,F06,Vegan Curry,1,19.0,5.0,14.0
JUL26-04685,Delivery / Takeaway,F06,Vegan Curry,1,19.0,5.0,14.0
JUL26-04692,Delivery / Takeaway,F06,Vegan Curry,1,19.0,5.0,14.0
JUL26-04699,Delivery / Takeaway,F06,Vegan Curry,1,19.0,5.0,14.0
JUL26-04706,Delivery / Takeaway,F06,Vegan Curry,1,19.0,5.0,14.0
JUL26-04713,Delivery / Takeaway,F06,Vegan Curry,1,19.0,5.0,14.0
JUL26-04720,Delivery / Takeaway,F06,Vegan Curry,1,19.0,5.0,14.0
JUL26-04727,Delivery / Takeaway,F06,Vegan Curry,1,19.0,5.0,14.0
JUL26-04734,Delivery / Takeaway,F06,Vegan Curry,1,19.0,5.0,14.0
JUL26-04741,Delivery / Takeaway,F06,Vegan Curry,1,19.0,5.0,14.0
JUL26-04748,Delivery / Takeaway,F06,Vegan Curry,1,19.0,5.0,14.0
JUL26-04755,Delivery / Takeaway,F06,Vegan Curry,1,19.0,5.0,14.0
JUL26-04762,Delivery / Takeaway,F06,Vegan Curry,1,19.0,5.0,14.0
JUL26-04769,Delivery / Takeaway,F06,Vegan Curry,1,19.0,5.0,14.0
JUL26-04776,Delivery / Takeaway,F06,Vegan Curry,1,19.0,5.0,14.0
JUL26-04783,Delivery / Takeaway,F06,Vegan Curry,1,19.0,5.0,14.0
JUL26-04790,Delivery / Takeaway,F06,Vegan Curry,1,19.0,5.0,14.0
JUL26-04797,Delivery / Takeaway,F06,Vegan Curry,1,19.0,5.0,14.0
JUL26-04804,Delivery / Takeaway,F06,Vegan Curry,1,19.0,5.0,14.0
JUL26-04811,Delivery / Takeaway,F06,Vegan Curry,1,19.0,5.0,14.0
JUL26-04818,Delivery / Takeaway,F06,Vegan Curry,1,19.0,5.0,14.0
JUL26-04825,Delivery / Takeaway,F06,Vegan Curry,1,19.0,5.0,14.0
JUL26-04832,Delivery / Takeaway,F06,Vegan Curry,1,19.0,5.0,14.0
JUL26-04839,Delivery / Takeaway,F06,Vegan Curry,1,19.0,5.0,14.0
JUL26-04846,Delivery / Takeaway,F06,Vegan Curry,1,19.0,5.0,14.0
JUL26-04853,Delivery / Takeaway,F06,Vegan Curry,1,19.0,5.0,14.0
JUL26-04860,Delivery / Takeaway,F06,Vegan Curry,1,19.0,5.0,14.0
JUL26-04867,Delivery / Takeaway,F06,Vegan Curry,1,19.0,5.0,14.0
JUL26-04874,Delivery / Takeaway,F06,Vegan Curry,1,19.0,5.0,14.0
JUL26-04881,Delivery / Takeaway,F06,Vegan Curry,1,19.0,5.0,14.0
JUL26-04888,Delivery / Takeaway,F06,Vegan Curry,1,19.0,5.0,14.0
JUL26-04895,Delivery / Takeaway,F06,Vegan Curry,1,19.0,5.0,14.0
JUL26-04902,Delivery / Takeaway,F06,Vegan Curry,1,19.0,5.0,14.0
JUL26-04909,Delivery / Takeaway,F06,Vegan Curry,1,19.0,5.0,14.0
JUL26-04916,Delivery / Takeaway,F06,Vegan Curry,1,19.0,5.0,14.0
JUL26-04923,Delivery / Takeaway,F06,Vegan Curry,1,19.0,5.0,14.0
JUL26-04930,Delivery / Takeaway,F06,Vegan Curry,1,19.0,5.0,14.0
JUL26-04937,Delivery / Takeaway,F06,Vegan Curry,1,19.0,5.0,14.0
JUL26-04944,Delivery / Takeaway,F06,Vegan Curry,1,19.0,5.0,14.0
JUL26-04951,Delivery / Takeaway,F06,Vegan Curry,1,19.0,5.0,14.0
JUL26-04958,Delivery / Takeaway,F06,Vegan Curry,1,19.0,5.0,14.0
JUL26-04965,Delivery / Takeaway,F06,Vegan Curry,1,19.0,5.0,14.0
JUL26-04972,Delivery / Takeaway,F06,Vegan Curry,1,19.0,5.0,14.0
JUL26-04979,Delivery / Takeaway,F06,Vegan Curry,1,19.0,5.0,14.0
JUL26-04986,Delivery / Takeaway,F06,Vegan Curry,1,19.0,5.0,14.0
JUL26-04993,Delivery / Takeaway,F06,Vegan Curry,1,19.0,5.0,14.0
JUL26-05000,Delivery / Takeaway,F06,Vegan Curry,1,19.0,5.0,14.0
JUL26-05007,Delivery / Takeaway,F06,Vegan Curry,1,19.0,5.0,14.0
JUL26-05014,Delivery / Takeaway,F06,Vegan Curry,1,19.0,5.0,14.0
JUL26-05021,Delivery / Takeaway,F06,Vegan Curry,1,19.0,5.0,14.0
JUL26-05028,Delivery / Takeaway,F06,Vegan Curry,1,19.0,5.0,14.0
JUL26-05035,Delivery / Takeaway,F06,Vegan Curry,1,19.0,5.0,14.0
JUL26-05042,Delivery / Takeaway,F06,Vegan Curry,1,19.0,5.0,14.0
JUL26-05049,Delivery / Takeaway,F06,Vegan Curry,1,19.0,5.0,14.0
JUL26-05056,Delivery / Takeaway,F06,Vegan Curry,1,19.0,5.0,14.0
JUL26-05063,Delivery / Takeaway,F06,Vegan Curry,1,19.0,5.0,14.0
JUL26-05070,Delivery / Takeaway,F06,Vegan Curry,1,19.0,5.0,14.0
JUL26-05077,Delivery / Takeaway,F06,Vegan Curry,1,19.0,5.0,14.0
JUL26-05084,Delivery / Takeaway,F06,Vegan Curry,1,19.0,5.0,14.0
JUL26-05091,Delivery / Takeaway,F06,Vegan Curry,1,19.0,5.0,14.0
JUL26-05098,Delivery / Takeaway,F06,Vegan Curry,1,19.0,5.0,14.0
JUL26-05105,Delivery / Takeaway,F06,Vegan Curry,1,19.0,5.0,14.0
JUL26-05112,Delivery / Takeaway,F06,Vegan Curry,1,19.0,5.0,14.0
JUL26-05119,Delivery / Takeaway,F06,Vegan Curry,1,19.0,5.0,14.0
JUL26-05126,Delivery / Takeaway,F06,Vegan Curry,1,19.0,5.0,14.0
JUL26-05133,Delivery / Takeaway,F06,Vegan Curry,1,19.0,5.0,14.0
JUL26-05140,Delivery / Takeaway,F06,Vegan Curry,1,19.0,5.0,14.0
JUL26-05147,Delivery / Takeaway,F06,Vegan Curry,1,19.0,5.0,14.0
JUL26-05154,Delivery / Takeaway,F06,Vegan Curry,1,19.0,5.0,14.0
JUL26-05161,Delivery / Takeaway,F06,Vegan Curry,1,19.0,5.0,14.0
JUL26-05168,Delivery / Takeaway,F06,Vegan Curry,1,19.0,5.0,14.0
JUL26-05175,Delivery / Takeaway,F06,Vegan Curry,1,19.0,5.0,14.0
JUL26-05182,Delivery / Takeaway,F06,Vegan Curry,1,19.0,5.0,14.0
JUL26-05189,Delivery / Takeaway,F06,Vegan Curry,1,19.0,5.0,14.0
JUL26-05196,Delivery / Takeaway,F06,Vegan Curry,1,19.0,5.0,14.0
JUL26-05203,Delivery / Takeaway,F06,Vegan Curry,1,19.0,5.0,14.0
JUL26-05210,Delivery / Takeaway,F06,Vegan Curry,1,19.0,5.0,14.0
JUL26-05217,Delivery / Takeaway,F06,Vegan Curry,1,19.0,5.0,14.0
JUL26-05224,Delivery / Takeaway,F06,Vegan Curry,1,19.0,5.0,14.0
JUL26-05231,Delivery / Takeaway,F06,Vegan Curry,1,19.0,5.0,14.0
JUL26-05238,Delivery / Takeaway,F06,Vegan Curry,1,19.0,5.0,14.0
JUL26-05245,Delivery / Takeaway,F06,Vegan Curry,1,19.0,5.0,14.0
JUL26-05252,Delivery / Takeaway,F06,Vegan Curry,1,19.0,5.0,14.0
JUL26-05259,Delivery / Takeaway,F06,Vegan Curry,1,19.0,5.0,14.0
JUL26-05266,Delivery / Takeaway,F06,Vegan Curry,1,19.0,5.0,14.0
JUL26-05273,Delivery / Takeaway,F06,Vegan Curry,1,19.0,5.0,14.0
JUL26-05280,Delivery / Takeaway,F06,Vegan Curry,1,19.0,5.0,14.0
JUL26-05287,Delivery / Takeaway,F06,Vegan Curry,1,19.0,5.0,14.0
JUL26-05294,Delivery / Takeaway,F06,Vegan Curry,1,19.0,5.0,14.0
JUL26-05301,Delivery / Takeaway,F06,Vegan Curry,1,19.0,5.0,14.0
JUL26-05308,Delivery / Takeaway,F06,Vegan Curry,1,19.0,5.0,14.0
JUL26-05315,Delivery / Takeaway,F06,Vegan Curry,1,19.0,5.0,14.0
JUL26-05322,Private Event,F06,Vegan Curry,1,19.0,5.0,14.0
JUL26-05329,Private Event,F06,Vegan Curry,1,19.0,5.0,14.0
JUL26-05336,Private Event,F06,Vegan Curry,1,19.0,5.0,14.0
JUL26-05343,Private Event,F06,Vegan Curry,1,19.0,5.0,14.0
JUL26-05350,Private Event,F06,Vegan Curry,1,19.0,5.0,14.0
JUL26-05357,Private Event,F06,Vegan Curry,1,19.0,5.0,14.0
JUL26-05364,Private Event,F06,Vegan Curry,1,19.0,5.0,14.0
JUL26-05371,Private Event,F06,Vegan Curry,1,19.0,5.0,14.0
JUL26-05378,Private Event,F06,Vegan Curry,1,19.0,5.0,14.0
JUL26-05385,Private Event,F06,Vegan Curry,1,19.0,5.0,14.0
JUL26-05392,Private Event,F06,Vegan Curry,1,19.0,5.0,14.0
JUL26-05399,Private Event,F06,Vegan Curry,1,19.0,5.0,14.0
JUL26-05406,Private Event,F06,Vegan Curry,1,19.0,5.0,14.0
JUL26-05413,Private Event,F06,Vegan Curry,1,19.0,5.0,14.0
JUL26-05420,Private Event,F06,Vegan Curry,1,19.0,5.0,14.0
JUL26-05427,Private Event,F06,Vegan Curry,1,19.0,5.0,14.0
JUL26-05434,Private Event,F06,Vegan Curry,1,19.0,5.0,14.0
JUL26-05441,Private Event,F06,Vegan Curry,1,19.0,5.0,14.0
JUL26-05448,Private Event,F06,Vegan Curry,1,19.0,5.0,14.0
JUL26-05455,Private Event,F06,Vegan Curry,1,19.0,5.0,14.0
JUL26-05462,Private Event,F06,Vegan Curry,1,19.0,5.0,14.0
JUL26-05469,Private Event,F06,Vegan Curry,1,19.0,5.0,14.0
JUL26-05476,Private Event,F06,Vegan Curry,1,19.0,5.0,14.0
JUL26-05483,Private Event,F06,Vegan Curry,1,19.0,5.0,14.0
JUL26-05490,Private Event,F06,Vegan Curry,1,19.0,5.0,14.0
JUL26-05497,Private Event,F06,Vegan Curry,1,19.0,5.0,14.0
JUL26-05504,Private Event,F06,Vegan Curry,1,19.0,5.0,14.0
JUL26-05511,Private Event,F06,Vegan Curry,1,19.0,5.0,14.0
JUL26-05518,Private Event,F06,Vegan Curry,1,19.0,5.0,14.0
JUL26-05525,Private Event,F06,Vegan Curry,1,19.0,5.0,14.0
JUL26-05532,Private Event,F06,Vegan Curry,1,19.0,5.0,14.0
JUL26-05539,Private Event,F06,Vegan Curry,1,19.0,5.0,14.0
JUL26-05546,Private Event,F06,Vegan Curry,1,19.0,5.0,14.0
JUL26-05553,Private Event,F06,Vegan Curry,1,19.0,5.0,14.0
JUL26-05560,Private Event,F06,Vegan Curry,1,19.0,5.0,14.0
JUL26-05567,Corporate / Group,F06,Vegan Curry,1,19.0,5.0,14.0
JUL26-05574,Corporate / Group,F06,Vegan Curry,1,19.0,5.0,14.0
JUL26-05581,Corporate / Group,F06,Vegan Curry,1,19.0,5.0,14.0
JUL26-05588,Corporate / Group,F06,Vegan Curry,1,19.0,5.0,14.0
JUL26-05595,Corporate / Group,F06,Vegan Curry,1,19.0,5.0,14.0
JUL26-05602,Corporate / Group,F06,Vegan Curry,1,19.0,5.0,14.0
JUL26-05609,Corporate / Group,F06,Vegan Curry,1,19.0,5.0,14.0
JUL26-05616,Corporate / Group,F06,Vegan Curry,1,19.0,5.0,14.0
JUL26-05623,Corporate / Group,F06,Vegan Curry,1,19.0,5.0,14.0
JUL26-05630,Corporate / Group,F06,Vegan Curry,1,19.0,5.0,14.0
JUL26-05637,Corporate / Group,F06,Vegan Curry,1,19.0,5.0,14.0
JUL26-05644,Corporate / Group,F06,Vegan Curry,1,19.0,5.0,14.0
JUL26-00001,Brunch,F06,Vegan Curry,1,19.0,5.0,14.0
JUL26-00008,Brunch,F06,Vegan Curry,1,19.0,5.0,14.0
JUL26-00015,Brunch,F06,Vegan Curry,1,19.0,5.0,14.0
JUL26-00022,Brunch,F06,Vegan Curry,1,19.0,5.0,14.0
JUL26-00029,Brunch,F06,Vegan Curry,1,19.0,5.0,14.0
JUL26-00036,Brunch,F06,Vegan Curry,1,19.0,5.0,14.0
JUL26-00043,Brunch,F06,Vegan Curry,1,19.0,5.0,14.0
JUL26-00050,Brunch,F06,Vegan Curry,1,19.0,5.0,14.0
JUL26-00057,Brunch,F06,Vegan Curry,1,19.0,5.0,14.0
JUL26-00064,Brunch,F06,Vegan Curry,1,19.0,5.0,14.0
JUL26-00071,Brunch,F06,Vegan Curry,1,19.0,5.0,14.0
JUL26-00078,Brunch,F06,Vegan Curry,1,19.0,5.0,14.0
JUL26-00085,Brunch,F06,Vegan Curry,1,19.0,5.0,14.0
JUL26-00092,Brunch,F06,Vegan Curry,1,19.0,5.0,14.0
JUL26-00099,Brunch,F06,Vegan Curry,1,19.0,5.0,14.0
JUL26-00106,Brunch,F06,Vegan Curry,1,19.0,5.0,14.0
JUL26-00113,Brunch,F06,Vegan Curry,1,19.0,5.0,14.0
JUL26-00120,Brunch,F06,Vegan Curry,1,19.0,5.0,14.0
JUL26-00127,Brunch,F06,Vegan Curry,1,19.0,5.0,14.0
JUL26-00134,Brunch,F06,Vegan Curry,1,19.0,5.0,14.0
JUL26-00141,Brunch,F06,Vegan Curry,1,19.0,5.0,14.0
JUL26-00148,Brunch,F06,Vegan Curry,1,19.0,5.0,14.0
JUL26-00155,Brunch,F06,Vegan Curry,1,19.0,5.0,14.0
JUL26-00162,Brunch,F06,Vegan Curry,1,19.0,5.0,14.0
JUL26-00169,Brunch,F06,Vegan Curry,1,19.0,5.0,14.0
JUL26-00176,Brunch,F06,Vegan Curry,1,19.0,5.0,14.0
JUL26-00183,Brunch,F06,Vegan Curry,1,19.0,5.0,14.0
JUL26-00190,Brunch,F06,Vegan Curry,1,19.0,5.0,14.0
JUL26-00197,Brunch,F06,Vegan Curry,1,19.0,5.0,14.0
JUL26-00204,Brunch,F06,Vegan Curry,1,19.0,5.0,14.0
JUL26-00211,Brunch,F06,Vegan Curry,1,19.0,5.0,14.0
JUL26-00218,Brunch,F06,Vegan Curry,1,19.0,5.0,14.0
JUL26-00225,Brunch,F06,Vegan Curry,1,19.0,5.0,14.0
JUL26-00232,Brunch,F06,Vegan Curry,1,19.0,5.0,14.0
JUL26-00239,Brunch,F06,Vegan Curry,1,19.0,5.0,14.0
JUL26-00246,Brunch,F06,Vegan Curry,1,19.0,5.0,14.0
JUL26-00253,Brunch,F06,Vegan Curry,1,19.0,5.0,14.0
JUL26-00260,Brunch,F06,Vegan Curry,1,19.0,5.0,14.0
JUL26-00267,Brunch,F06,Vegan Curry,1,19.0,5.0,14.0
JUL26-00274,Brunch,F06,Vegan Curry,1,19.0,5.0,14.0
JUL26-00281,Brunch,F06,Vegan Curry,1,19.0,5.0,14.0
JUL26-00288,Brunch,F06,Vegan Curry,1,19.0,5.0,14.0
JUL26-00295,Brunch,F06,Vegan Curry,1,19.0,5.0,14.0
JUL26-00302,Brunch,F06,Vegan Curry,1,19.0,5.0,14.0
JUL26-00309,Brunch,F06,Vegan Curry,1,19.0,5.0,14.0
JUL26-00316,Brunch,F06,Vegan Curry,1,19.0,5.0,14.0
JUL26-00323,Brunch,F06,Vegan Curry,1,19.0,5.0,14.0
JUL26-00330,Brunch,F06,Vegan Curry,1,19.0,5.0,14.0
JUL26-00337,Brunch,F06,Vegan Curry,1,19.0,5.0,14.0
JUL26-00344,Brunch,F06,Vegan Curry,1,19.0,5.0,14.0
JUL26-00351,Brunch,F06,Vegan Curry,1,19.0,5.0,14.0
JUL26-00358,Brunch,F06,Vegan Curry,1,19.0,5.0,14.0
JUL26-00365,Brunch,F06,Vegan Curry,1,19.0,5.0,14.0
JUL26-00372,Brunch,F06,Vegan Curry,1,19.0,5.0,14.0
JUL26-00379,Brunch,F06,Vegan Curry,1,19.0,5.0,14.0
JUL26-00386,Brunch,F06,Vegan Curry,1,19.0,5.0,14.0
JUL26-00393,Brunch,F06,Vegan Curry,1,19.0,5.0,14.0
JUL26-00400,Brunch,F06,Vegan Curry,1,19.0,5.0,14.0
JUL26-00407,Brunch,F06,Vegan Curry,1,19.0,5.0,14.0
JUL26-00414,Brunch,F06,Vegan Curry,1,19.0,5.0,14.0
JUL26-00421,Brunch,F06,Vegan Curry,1,19.0,5.0,14.0
JUL26-00428,Brunch,F06,Vegan Curry,1,19.0,5.0,14.0
JUL26-00435,Brunch,F06,Vegan Curry,1,19.0,5.0,14.0
JUL26-00442,Brunch,F06,Vegan Curry,1,19.0,5.0,14.0
JUL26-00449,Brunch,F06,Vegan Curry,1,19.0,5.0,14.0
JUL26-00456,Brunch,F06,Vegan Curry,1,19.0,5.0,14.0
JUL26-00463,Brunch,F06,Vegan Curry,1,19.0,5.0,14.0
JUL26-00470,Brunch,F06,Vegan Curry,1,19.0,5.0,14.0
JUL26-00477,Brunch,F06,Vegan Curry,1,19.0,5.0,14.0
JUL26-00484,Brunch,F06,Vegan Curry,1,19.0,5.0,14.0
JUL26-00491,Brunch,F06,Vegan Curry,1,19.0,5.0,14.0
JUL26-00498,Brunch,F06,Vegan Curry,1,19.0,5.0,14.0
JUL26-00505,Brunch,F06,Vegan Curry,1,19.0,5.0,14.0
JUL26-00512,Brunch,F06,Vegan Curry,1,19.0,5.0,14.0
JUL26-00519,Brunch,F06,Vegan Curry,1,19.0,5.0,14.0
JUL26-00526,Brunch,F06,Vegan Curry,1,19.0,5.0,14.0
JUL26-00533,Brunch,F06,Vegan Curry,1,19.0,5.0,14.0
JUL26-00540,Brunch,F06,Vegan Curry,1,19.0,5.0,14.0
JUL26-00547,Brunch,F06,Vegan Curry,1,19.0,5.0,14.0
JUL26-00554,Brunch,F06,Vegan Curry,1,19.0,5.0,14.0
JUL26-00561,Brunch,F06,Vegan Curry,1,19.0,5.0,14.0
JUL26-00568,Brunch,F06,Vegan Curry,1,19.0,5.0,14.0
JUL26-00575,Brunch,F06,Vegan Curry,1,19.0,5.0,14.0
JUL26-00582,Brunch,F06,Vegan Curry,1,19.0,5.0,14.0
JUL26-00589,Brunch,F06,Vegan Curry,1,19.0,5.0,14.0
JUL26-00596,Brunch,F06,Vegan Curry,1,19.0,5.0,14.0
JUL26-00603,Brunch,F06,Vegan Curry,1,19.0,5.0,14.0
JUL26-00610,Brunch,F06,Vegan Curry,1,19.0,5.0,14.0
JUL26-00617,Brunch,F06,Vegan Curry,1,19.0,5.0,14.0
JUL26-00624,Brunch,F06,Vegan Curry,1,19.0,5.0,14.0
JUL26-00631,Brunch,F06,Vegan Curry,1,19.0,5.0,14.0
JUL26-00638,Brunch,F06,Vegan Curry,1,19.0,5.0,14.0
JUL26-00645,Brunch,F06,Vegan Curry,1,19.0,5.0,14.0
JUL26-00652,Brunch,F06,Vegan Curry,1,19.0,5.0,14.0
JUL26-00659,Brunch,F06,Vegan Curry,1,19.0,5.0,14.0
JUL26-00666,Brunch,F06,Vegan Curry,1,19.0,5.0,14.0
JUL26-00673,Brunch,F06,Vegan Curry,1,19.0,5.0,14.0
JUL26-00680,Brunch,F06,Vegan Curry,1,19.0,5.0,14.0
JUL26-00687,Brunch,F06,Vegan Curry,1,19.0,5.0,14.0
JUL26-00694,Brunch,F06,Vegan Curry,1,19.0,5.0,14.0
JUL26-00701,Lunch,F06,Vegan Curry,1,19.0,5.0,14.0
JUL26-00708,Lunch,F06,Vegan Curry,1,19.0,5.0,14.0
JUL26-00715,Lunch,F06,Vegan Curry,1,19.0,5.0,14.0
JUL26-00722,Lunch,F06,Vegan Curry,1,19.0,5.0,14.0
JUL26-00729,Lunch,F06,Vegan Curry,1,19.0,5.0,14.0
JUL26-00736,Lunch,F06,Vegan Curry,1,19.0,5.0,14.0
JUL26-00743,Lunch,F06,Vegan Curry,1,19.0,5.0,14.0
JUL26-00750,Lunch,F06,Vegan Curry,1,19.0,5.0,14.0
JUL26-00757,Lunch,F06,Vegan Curry,1,19.0,5.0,14.0
JUL26-00764,Lunch,F06,Vegan Curry,1,19.0,5.0,14.0
JUL26-00771,Lunch,F06,Vegan Curry,1,19.0,5.0,14.0
JUL26-00778,Lunch,F06,Vegan Curry,1,19.0,5.0,14.0
JUL26-00785,Lunch,F06,Vegan Curry,1,19.0,5.0,14.0
JUL26-00792,Lunch,F06,Vegan Curry,1,19.0,5.0,14.0
JUL26-00799,Lunch,F06,Vegan Curry,1,19.0,5.0,14.0
JUL26-00806,Lunch,F06,Vegan Curry,1,19.0,5.0,14.0
JUL26-00813,Lunch,F06,Vegan Curry,1,19.0,5.0,14.0
JUL26-00820,Lunch,F06,Vegan Curry,1,19.0,5.0,14.0
JUL26-00827,Lunch,F06,Vegan Curry,1,19.0,5.0,14.0
JUL26-00834,Lunch,F06,Vegan Curry,1,19.0,5.0,14.0
JUL26-00841,Lunch,F06,Vegan Curry,1,19.0,5.0,14.0
JUL26-00848,Lunch,F06,Vegan Curry,1,19.0,5.0,14.0
JUL26-00855,Lunch,F06,Vegan Curry,1,19.0,5.0,14.0
JUL26-00862,Lunch,F06,Vegan Curry,1,19.0,5.0,14.0
JUL26-00869,Lunch,F06,Vegan Curry,1,19.0,5.0,14.0
JUL26-00876,Lunch,F06,Vegan Curry,1,19.0,5.0,14.0
JUL26-00883,Lunch,F06,Vegan Curry,1,19.0,5.0,14.0
JUL26-00890,Lunch,F06,Vegan Curry,1,19.0,5.0,14.0
JUL26-00897,Lunch,F06,Vegan Curry,1,19.0,5.0,14.0
JUL26-00904,Lunch,F06,Vegan Curry,1,19.0,5.0,14.0
JUL26-00911,Lunch,F06,Vegan Curry,1,19.0,5.0,14.0
JUL26-00918,Lunch,F06,Vegan Curry,1,19.0,5.0,14.0
JUL26-00925,Lunch,F06,Vegan Curry,1,19.0,5.0,14.0
JUL26-00932,Lunch,F06,Vegan Curry,1,19.0,5.0,14.0
JUL26-00939,Lunch,F06,Vegan Curry,1,19.0,5.0,14.0
JUL26-00946,Lunch,F06,Vegan Curry,1,19.0,5.0,14.0
JUL26-00953,Lunch,F06,Vegan Curry,1,19.0,5.0,14.0
JUL26-00960,Lunch,F06,Vegan Curry,1,19.0,5.0,14.0
JUL26-00967,Lunch,F06,Vegan Curry,1,19.0,5.0,14.0
JUL26-00974,Lunch,F06,Vegan Curry,1,19.0,5.0,14.0
JUL26-00981,Lunch,F06,Vegan Curry,1,19.0,5.0,14.0
JUL26-00988,Lunch,F06,Vegan Curry,1,19.0,5.0,14.0
JUL26-00995,Lunch,F06,Vegan Curry,1,19.0,5.0,14.0
JUL26-01002,Lunch,F06,Vegan Curry,1,19.0,5.0,14.0
JUL26-01009,Lunch,F06,Vegan Curry,1,19.0,5.0,14.0
JUL26-01016,Lunch,F06,Vegan Curry,1,19.0,5.0,14.0
JUL26-01023,Lunch,F06,Vegan Curry,1,19.0,5.0,14.0
JUL26-01030,Lunch,F06,Vegan Curry,1,19.0,5.0,14.0
JUL26-01037,Lunch,F06,Vegan Curry,1,19.0,5.0,14.0
JUL26-01044,Lunch,F06,Vegan Curry,1,19.0,5.0,14.0
JUL26-01051,Lunch,F06,Vegan Curry,1,19.0,5.0,14.0
JUL26-01058,Lunch,F06,Vegan Curry,1,19.0,5.0,14.0
JUL26-01065,Lunch,F06,Vegan Curry,1,19.0,5.0,14.0
JUL26-01072,Lunch,F06,Vegan Curry,1,19.0,5.0,14.0
JUL26-01079,Lunch,F06,Vegan Curry,1,19.0,5.0,14.0
JUL26-01086,Lunch,F06,Vegan Curry,1,19.0,5.0,14.0
JUL26-01093,Lunch,F06,Vegan Curry,1,19.0,5.0,14.0
JUL26-01100,Lunch,F06,Vegan Curry,1,19.0,5.0,14.0
JUL26-01107,Lunch,F06,Vegan Curry,1,19.0,5.0,14.0
JUL26-01114,Lunch,F06,Vegan Curry,1,19.0,5.0,14.0
JUL26-01121,Lunch,F06,Vegan Curry,1,19.0,5.0,14.0
JUL26-01128,Lunch,F06,Vegan Curry,1,19.0,5.0,14.0
JUL26-01135,Lunch,F06,Vegan Curry,1,19.0,5.0,14.0
JUL26-01142,Lunch,F06,Vegan Curry,1,19.0,5.0,14.0
JUL26-01149,Lunch,F06,Vegan Curry,1,19.0,5.0,14.0
JUL26-01156,Lunch,F06,Vegan Curry,1,19.0,5.0,14.0
JUL26-01163,Lunch,F06,Vegan Curry,1,19.0,5.0,14.0
JUL26-01170,Lunch,F06,Vegan Curry,1,19.0,5.0,14.0
JUL26-01177,Lunch,F06,Vegan Curry,1,19.0,5.0,14.0
JUL26-01184,Lunch,F06,Vegan Curry,1,19.0,5.0,14.0
JUL26-01191,Lunch,F06,Vegan Curry,1,19.0,5.0,14.0
JUL26-01198,Lunch,F06,Vegan Curry,1,19.0,5.0,14.0
JUL26-01205,Lunch,F06,Vegan Curry,1,19.0,5.0,14.0
JUL26-01212,Lunch,F06,Vegan Curry,1,19.0,5.0,14.0
JUL26-01219,Lunch,F06,Vegan Curry,1,19.0,5.0,14.0
JUL26-01226,Lunch,F06,Vegan Curry,1,19.0,5.0,14.0
JUL26-01233,Lunch,F06,Vegan Curry,1,19.0,5.0,14.0
JUL26-01240,Lunch,F06,Vegan Curry,1,19.0,5.0,14.0
JUL26-01247,Lunch,F06,Vegan Curry,1,19.0,5.0,14.0
JUL26-01254,Lunch,F06,Vegan Curry,1,19.0,5.0,14.0
JUL26-01261,Lunch,F06,Vegan Curry,1,19.0,5.0,14.0
JUL26-01268,Lunch,F06,Vegan Curry,1,19.0,5.0,14.0
JUL26-01275,Lunch,F06,Vegan Curry,1,19.0,5.0,14.0
JUL26-01282,Lunch,F06,Vegan Curry,1,19.0,5.0,14.0
JUL26-01289,Lunch,F06,Vegan Curry,1,19.0,5.0,14.0
JUL26-01296,Lunch,F06,Vegan Curry,1,19.0,5.0,14.0
JUL26-01303,Lunch,F06,Vegan Curry,1,19.0,5.0,14.0
JUL26-01310,Lunch,F06,Vegan Curry,1,19.0,5.0,14.0
JUL26-01317,Lunch,F06,Vegan Curry,1,19.0,5.0,14.0
JUL26-01324,Lunch,F06,Vegan Curry,1,19.0,5.0,14.0
JUL26-01331,Lunch,F06,Vegan Curry,1,19.0,5.0,14.0
JUL26-01338,Lunch,F06,Vegan Curry,1,19.0,5.0,14.0
JUL26-01345,Lunch,F06,Vegan Curry,1,19.0,5.0,14.0
JUL26-01352,Lunch,F06,Vegan Curry,1,19.0,5.0,14.0
JUL26-01359,Lunch,F06,Vegan Curry,1,19.0,5.0,14.0
JUL26-01366,Lunch,F06,Vegan Curry,1,19.0,5.0,14.0
JUL26-01373,Lunch,F06,Vegan Curry,1,19.0,5.0,14.0
JUL26-01380,Lunch,F06,Vegan Curry,1,19.0,5.0,14.0
JUL26-01387,Lunch,F06,Vegan Curry,1,19.0,5.0,14.0
JUL26-01394,Lunch,F06,Vegan Curry,1,19.0,5.0,14.0
JUL26-01401,Lunch,F06,Vegan Curry,1,19.0,5.0,14.0
JUL26-01408,Lunch,F06,Vegan Curry,1,19.0,5.0,14.0
JUL26-01415,Lunch,F06,Vegan Curry,1,19.0,5.0,14.0
JUL26-01422,Lunch,F06,Vegan Curry,1,19.0,5.0,14.0
JUL26-01429,Lunch,F06,Vegan Curry,1,19.0,5.0,14.0
JUL26-01436,Lunch,F06,Vegan Curry,1,19.0,5.0,14.0
JUL26-01443,Lunch,F06,Vegan Curry,1,19.0,5.0,14.0
JUL26-01450,Lunch,F06,Vegan Curry,1,19.0,5.0,14.0
JUL26-01457,Lunch,F06,Vegan Curry,1,19.0,5.0,14.0
JUL26-01464,Lunch,F06,Vegan Curry,1,19.0,5.0,14.0
JUL26-01471,Lunch,F06,Vegan Curry,1,19.0,5.0,14.0
JUL26-01478,Lunch,F06,Vegan Curry,1,19.0,5.0,14.0
JUL26-01485,Lunch,F06,Vegan Curry,1,19.0,5.0,14.0
JUL26-01492,Lunch,F06,Vegan Curry,1,19.0,5.0,14.0
JUL26-01499,Lunch,F06,Vegan Curry,1,19.0,5.0,14.0
JUL26-01506,Lunch,F06,Vegan Curry,1,19.0,5.0,14.0
JUL26-01513,Lunch,F06,Vegan Curry,1,19.0,5.0,14.0
JUL26-01520,Lunch,F06,Vegan Curry,1,19.0,5.0,14.0
JUL26-01527,Lunch,F06,Vegan Curry,1,19.0,5.0,14.0
JUL26-01534,Lunch,F06,Vegan Curry,1,19.0,5.0,14.0
JUL26-01541,Lunch,F06,Vegan Curry,1,19.0,5.0,14.0
JUL26-01548,Lunch,F06,Vegan Curry,1,19.0,5.0,14.0
JUL26-01555,Lunch,F06,Vegan Curry,1,19.0,5.0,14.0
JUL26-01562,Lunch,F06,Vegan Curry,1,19.0,5.0,14.0
JUL26-01569,Lunch,F06,Vegan Curry,1,19.0,5.0,14.0
JUL26-01576,Lunch,F06,Vegan Curry,1,19.0,5.0,14.0
JUL26-01583,Lunch,F06,Vegan Curry,1,19.0,5.0,14.0
JUL26-01590,Lunch,F06,Vegan Curry,1,19.0,5.0,14.0
JUL26-01597,Lunch,F06,Vegan Curry,1,19.0,5.0,14.0
JUL26-01604,Lunch,F06,Vegan Curry,1,19.0,5.0,14.0
JUL26-01611,Lunch,F06,Vegan Curry,1,19.0,5.0,14.0
JUL26-02000,Lunch,F07,Seasonal Soup,1,12.0,3.0,9.0
JUL26-02007,Lunch,F07,Seasonal Soup,1,12.0,3.0,9.0
JUL26-02014,Lunch,F07,Seasonal Soup,1,12.0,3.0,9.0
JUL26-02021,Lunch,F07,Seasonal Soup,1,12.0,3.0,9.0
JUL26-02028,Lunch,F07,Seasonal Soup,1,12.0,3.0,9.0
JUL26-02035,Lunch,F07,Seasonal Soup,1,12.0,3.0,9.0
JUL26-02042,Lunch,F07,Seasonal Soup,1,12.0,3.0,9.0
JUL26-02049,Lunch,F07,Seasonal Soup,1,12.0,3.0,9.0
JUL26-02056,Lunch,F07,Seasonal Soup,1,12.0,3.0,9.0
JUL26-02063,Lunch,F07,Seasonal Soup,1,12.0,3.0,9.0
JUL26-02070,Lunch,F07,Seasonal Soup,1,12.0,3.0,9.0
JUL26-02077,Lunch,F07,Seasonal Soup,1,12.0,3.0,9.0
JUL26-02084,Lunch,F07,Seasonal Soup,1,12.0,3.0,9.0
JUL26-02091,Lunch,F07,Seasonal Soup,1,12.0,3.0,9.0
JUL26-02098,Lunch,F07,Seasonal Soup,1,12.0,3.0,9.0
JUL26-02105,Lunch,F07,Seasonal Soup,1,12.0,3.0,9.0
JUL26-02112,Lunch,F07,Seasonal Soup,1,12.0,3.0,9.0
JUL26-02119,Lunch,F07,Seasonal Soup,1,12.0,3.0,9.0
JUL26-02126,Lunch,F07,Seasonal Soup,1,12.0,3.0,9.0
JUL26-02133,Lunch,F07,Seasonal Soup,1,12.0,3.0,9.0
JUL26-02140,Lunch,F07,Seasonal Soup,1,12.0,3.0,9.0
JUL26-02147,Lunch,F07,Seasonal Soup,1,12.0,3.0,9.0
JUL26-02154,Lunch,F07,Seasonal Soup,1,12.0,3.0,9.0
JUL26-02161,Lunch,F07,Seasonal Soup,1,12.0,3.0,9.0
JUL26-02168,Lunch,F07,Seasonal Soup,1,12.0,3.0,9.0
JUL26-02175,Lunch,F07,Seasonal Soup,1,12.0,3.0,9.0
JUL26-02182,Dinner,F07,Seasonal Soup,1,12.0,3.0,9.0
JUL26-02189,Dinner,F07,Seasonal Soup,1,12.0,3.0,9.0
JUL26-02196,Dinner,F07,Seasonal Soup,1,12.0,3.0,9.0
JUL26-02203,Dinner,F07,Seasonal Soup,1,12.0,3.0,9.0
JUL26-02210,Dinner,F07,Seasonal Soup,1,12.0,3.0,9.0
JUL26-02217,Dinner,F07,Seasonal Soup,1,12.0,3.0,9.0
JUL26-02224,Dinner,F07,Seasonal Soup,1,12.0,3.0,9.0
JUL26-02231,Dinner,F07,Seasonal Soup,1,12.0,3.0,9.0
JUL26-02238,Dinner,F07,Seasonal Soup,1,12.0,3.0,9.0
JUL26-02245,Dinner,F07,Seasonal Soup,1,12.0,3.0,9.0
JUL26-02252,Dinner,F07,Seasonal Soup,1,12.0,3.0,9.0
JUL26-02259,Dinner,F07,Seasonal Soup,1,12.0,3.0,9.0
JUL26-02266,Dinner,F07,Seasonal Soup,1,12.0,3.0,9.0
JUL26-02273,Dinner,F07,Seasonal Soup,1,12.0,3.0,9.0
JUL26-02280,Dinner,F07,Seasonal Soup,1,12.0,3.0,9.0
JUL26-02287,Dinner,F07,Seasonal Soup,1,12.0,3.0,9.0
JUL26-02294,Dinner,F07,Seasonal Soup,1,12.0,3.0,9.0
JUL26-02301,Dinner,F07,Seasonal Soup,1,12.0,3.0,9.0
JUL26-02308,Dinner,F07,Seasonal Soup,1,12.0,3.0,9.0
JUL26-02315,Dinner,F07,Seasonal Soup,1,12.0,3.0,9.0
JUL26-02322,Dinner,F07,Seasonal Soup,1,12.0,3.0,9.0
JUL26-02329,Dinner,F07,Seasonal Soup,1,12.0,3.0,9.0
JUL26-02336,Dinner,F07,Seasonal Soup,1,12.0,3.0,9.0
JUL26-02343,Dinner,F07,Seasonal Soup,1,12.0,3.0,9.0
JUL26-02350,Dinner,F07,Seasonal Soup,1,12.0,3.0,9.0
JUL26-02357,Dinner,F07,Seasonal Soup,1,12.0,3.0,9.0
JUL26-02364,Dinner,F07,Seasonal Soup,1,12.0,3.0,9.0
JUL26-02371,Dinner,F07,Seasonal Soup,1,12.0,3.0,9.0
JUL26-02378,Dinner,F07,Seasonal Soup,1,12.0,3.0,9.0
JUL26-02385,Dinner,F07,Seasonal Soup,1,12.0,3.0,9.0
JUL26-02392,Dinner,F07,Seasonal Soup,1,12.0,3.0,9.0
JUL26-02399,Dinner,F07,Seasonal Soup,1,12.0,3.0,9.0
JUL26-02406,Dinner,F07,Seasonal Soup,1,12.0,3.0,9.0
JUL26-02413,Dinner,F07,Seasonal Soup,1,12.0,3.0,9.0
JUL26-02420,Dinner,F07,Seasonal Soup,1,12.0,3.0,9.0
JUL26-02427,Dinner,F07,Seasonal Soup,1,12.0,3.0,9.0
JUL26-02434,Dinner,F07,Seasonal Soup,1,12.0,3.0,9.0
JUL26-02441,Dinner,F07,Seasonal Soup,1,12.0,3.0,9.0
JUL26-02448,Dinner,F07,Seasonal Soup,1,12.0,3.0,9.0
JUL26-02455,Dinner,F07,Seasonal Soup,1,12.0,3.0,9.0
JUL26-02462,Dinner,F07,Seasonal Soup,1,12.0,3.0,9.0
JUL26-02469,Dinner,F07,Seasonal Soup,1,12.0,3.0,9.0
JUL26-02476,Dinner,F07,Seasonal Soup,1,12.0,3.0,9.0
JUL26-02483,Dinner,F07,Seasonal Soup,1,12.0,3.0,9.0
JUL26-02490,Dinner,F07,Seasonal Soup,1,12.0,3.0,9.0
JUL26-02497,Dinner,F07,Seasonal Soup,1,12.0,3.0,9.0
JUL26-02504,Dinner,F07,Seasonal Soup,1,12.0,3.0,9.0
JUL26-02511,Dinner,F07,Seasonal Soup,1,12.0,3.0,9.0
JUL26-02518,Dinner,F07,Seasonal Soup,1,12.0,3.0,9.0
JUL26-02525,Dinner,F07,Seasonal Soup,1,12.0,3.0,9.0
JUL26-02532,Dinner,F07,Seasonal Soup,1,12.0,3.0,9.0
JUL26-02539,Dinner,F07,Seasonal Soup,1,12.0,3.0,9.0
JUL26-02546,Dinner,F07,Seasonal Soup,1,12.0,3.0,9.0
JUL26-02553,Dinner,F07,Seasonal Soup,1,12.0,3.0,9.0
JUL26-02560,Dinner,F07,Seasonal Soup,1,12.0,3.0,9.0
JUL26-02567,Dinner,F07,Seasonal Soup,1,12.0,3.0,9.0
JUL26-02574,Dinner,F07,Seasonal Soup,1,12.0,3.0,9.0
JUL26-02581,Dinner,F07,Seasonal Soup,1,12.0,3.0,9.0
JUL26-02588,Dinner,F07,Seasonal Soup,1,12.0,3.0,9.0
JUL26-02595,Dinner,F07,Seasonal Soup,1,12.0,3.0,9.0
JUL26-02602,Dinner,F07,Seasonal Soup,1,12.0,3.0,9.0
JUL26-02609,Dinner,F07,Seasonal Soup,1,12.0,3.0,9.0
JUL26-02616,Dinner,F07,Seasonal Soup,1,12.0,3.0,9.0
JUL26-02623,Dinner,F07,Seasonal Soup,1,12.0,3.0,9.0
JUL26-02630,Dinner,F07,Seasonal Soup,1,12.0,3.0,9.0
JUL26-02637,Dinner,F07,Seasonal Soup,1,12.0,3.0,9.0
JUL26-02644,Dinner,F07,Seasonal Soup,1,12.0,3.0,9.0
JUL26-02651,Dinner,F07,Seasonal Soup,1,12.0,3.0,9.0
JUL26-02658,Dinner,F07,Seasonal Soup,1,12.0,3.0,9.0
JUL26-02665,Dinner,F07,Seasonal Soup,1,12.0,3.0,9.0
JUL26-02672,Dinner,F07,Seasonal Soup,1,12.0,3.0,9.0
JUL26-02679,Dinner,F07,Seasonal Soup,1,12.0,3.0,9.0
JUL26-02686,Dinner,F07,Seasonal Soup,1,12.0,3.0,9.0
JUL26-02693,Dinner,F07,Seasonal Soup,1,12.0,3.0,9.0
JUL26-02700,Dinner,F07,Seasonal Soup,1,12.0,3.0,9.0
JUL26-02707,Dinner,F07,Seasonal Soup,1,12.0,3.0,9.0
JUL26-02714,Dinner,F07,Seasonal Soup,1,12.0,3.0,9.0
JUL26-02721,Dinner,F07,Seasonal Soup,1,12.0,3.0,9.0
JUL26-02728,Dinner,F07,Seasonal Soup,1,12.0,3.0,9.0
JUL26-02735,Dinner,F07,Seasonal Soup,1,12.0,3.0,9.0
JUL26-02742,Dinner,F07,Seasonal Soup,1,12.0,3.0,9.0
JUL26-02749,Dinner,F07,Seasonal Soup,1,12.0,3.0,9.0
JUL26-02756,Dinner,F07,Seasonal Soup,1,12.0,3.0,9.0
JUL26-02763,Dinner,F07,Seasonal Soup,1,12.0,3.0,9.0
JUL26-02770,Dinner,F07,Seasonal Soup,1,12.0,3.0,9.0
JUL26-02777,Dinner,F07,Seasonal Soup,1,12.0,3.0,9.0
JUL26-02784,Dinner,F07,Seasonal Soup,1,12.0,3.0,9.0
JUL26-02791,Dinner,F07,Seasonal Soup,1,12.0,3.0,9.0
JUL26-02798,Dinner,F07,Seasonal Soup,1,12.0,3.0,9.0
JUL26-02805,Dinner,F07,Seasonal Soup,1,12.0,3.0,9.0
JUL26-02812,Dinner,F07,Seasonal Soup,1,12.0,3.0,9.0
JUL26-02819,Dinner,F07,Seasonal Soup,1,12.0,3.0,9.0
JUL26-02826,Dinner,F07,Seasonal Soup,1,12.0,3.0,9.0
JUL26-02833,Dinner,F07,Seasonal Soup,1,12.0,3.0,9.0
JUL26-02840,Dinner,F07,Seasonal Soup,1,12.0,3.0,9.0
JUL26-02847,Dinner,F07,Seasonal Soup,1,12.0,3.0,9.0
JUL26-02854,Dinner,F07,Seasonal Soup,1,12.0,3.0,9.0
JUL26-02861,Dinner,F07,Seasonal Soup,1,12.0,3.0,9.0
JUL26-02868,Dinner,F07,Seasonal Soup,1,12.0,3.0,9.0
JUL26-02875,Dinner,F07,Seasonal Soup,1,12.0,3.0,9.0
JUL26-02882,Dinner,F07,Seasonal Soup,1,12.0,3.0,9.0
JUL26-02889,Dinner,F07,Seasonal Soup,1,12.0,3.0,9.0
JUL26-02896,Dinner,F07,Seasonal Soup,1,12.0,3.0,9.0
JUL26-02903,Dinner,F07,Seasonal Soup,1,12.0,3.0,9.0
JUL26-02910,Dinner,F07,Seasonal Soup,1,12.0,3.0,9.0
JUL26-02917,Dinner,F07,Seasonal Soup,1,12.0,3.0,9.0
JUL26-02924,Dinner,F07,Seasonal Soup,1,12.0,3.0,9.0
JUL26-02931,Dinner,F07,Seasonal Soup,1,12.0,3.0,9.0
JUL26-02938,Dinner,F07,Seasonal Soup,1,12.0,3.0,9.0
JUL26-02945,Dinner,F07,Seasonal Soup,1,12.0,3.0,9.0
JUL26-02952,Dinner,F07,Seasonal Soup,1,12.0,3.0,9.0
JUL26-02959,Dinner,F07,Seasonal Soup,1,12.0,3.0,9.0
JUL26-02966,Dinner,F07,Seasonal Soup,1,12.0,3.0,9.0
JUL26-02973,Dinner,F07,Seasonal Soup,1,12.0,3.0,9.0
JUL26-02980,Dinner,F07,Seasonal Soup,1,12.0,3.0,9.0
JUL26-02987,Dinner,F07,Seasonal Soup,1,12.0,3.0,9.0
JUL26-02994,Dinner,F07,Seasonal Soup,1,12.0,3.0,9.0
JUL26-03001,Dinner,F07,Seasonal Soup,1,12.0,3.0,9.0
JUL26-03008,Dinner,F07,Seasonal Soup,1,12.0,3.0,9.0
JUL26-03015,Dinner,F07,Seasonal Soup,1,12.0,3.0,9.0
JUL26-03022,Dinner,F07,Seasonal Soup,1,12.0,3.0,9.0
JUL26-03029,Dinner,F07,Seasonal Soup,1,12.0,3.0,9.0
JUL26-03036,Dinner,F07,Seasonal Soup,1,12.0,3.0,9.0
JUL26-03043,Dinner,F07,Seasonal Soup,1,12.0,3.0,9.0
JUL26-03050,Dinner,F07,Seasonal Soup,1,12.0,3.0,9.0
JUL26-03057,Dinner,F07,Seasonal Soup,1,12.0,3.0,9.0
JUL26-03064,Dinner,F07,Seasonal Soup,1,12.0,3.0,9.0
JUL26-03071,Dinner,F07,Seasonal Soup,1,12.0,3.0,9.0
JUL26-03078,Dinner,F07,Seasonal Soup,1,12.0,3.0,9.0
JUL26-03085,Dinner,F07,Seasonal Soup,1,12.0,3.0,9.0
JUL26-03092,Dinner,F07,Seasonal Soup,1,12.0,3.0,9.0
JUL26-03099,Dinner,F07,Seasonal Soup,1,12.0,3.0,9.0
JUL26-03106,Dinner,F07,Seasonal Soup,1,12.0,3.0,9.0
JUL26-03113,Dinner,F07,Seasonal Soup,1,12.0,3.0,9.0
JUL26-03120,Dinner,F07,Seasonal Soup,1,12.0,3.0,9.0
JUL26-03127,Dinner,F07,Seasonal Soup,1,12.0,3.0,9.0
JUL26-03134,Dinner,F07,Seasonal Soup,1,12.0,3.0,9.0
JUL26-03141,Dinner,F07,Seasonal Soup,1,12.0,3.0,9.0
JUL26-03148,Dinner,F07,Seasonal Soup,1,12.0,3.0,9.0
JUL26-03155,Dinner,F07,Seasonal Soup,1,12.0,3.0,9.0
JUL26-03162,Dinner,F07,Seasonal Soup,1,12.0,3.0,9.0
JUL26-03169,Dinner,F07,Seasonal Soup,1,12.0,3.0,9.0
JUL26-03176,Dinner,F07,Seasonal Soup,1,12.0,3.0,9.0
JUL26-03183,Dinner,F07,Seasonal Soup,1,12.0,3.0,9.0
JUL26-03190,Dinner,F07,Seasonal Soup,1,12.0,3.0,9.0
JUL26-03197,Dinner,F07,Seasonal Soup,1,12.0,3.0,9.0
JUL26-03204,Dinner,F07,Seasonal Soup,1,12.0,3.0,9.0
JUL26-03211,Dinner,F07,Seasonal Soup,1,12.0,3.0,9.0
JUL26-03218,Dinner,F07,Seasonal Soup,1,12.0,3.0,9.0
JUL26-03225,Dinner,F07,Seasonal Soup,1,12.0,3.0,9.0
JUL26-03232,Dinner,F07,Seasonal Soup,1,12.0,3.0,9.0
JUL26-03239,Dinner,F07,Seasonal Soup,1,12.0,3.0,9.0
JUL26-03246,Dinner,F07,Seasonal Soup,1,12.0,3.0,9.0
JUL26-03253,Dinner,F07,Seasonal Soup,1,12.0,3.0,9.0
JUL26-03260,Dinner,F07,Seasonal Soup,1,12.0,3.0,9.0
JUL26-03267,Dinner,F07,Seasonal Soup,1,12.0,3.0,9.0
JUL26-03274,Dinner,F07,Seasonal Soup,1,12.0,3.0,9.0
JUL26-03281,Dinner,F07,Seasonal Soup,1,12.0,3.0,9.0
JUL26-03288,Dinner,F07,Seasonal Soup,1,12.0,3.0,9.0
JUL26-03295,Dinner,F07,Seasonal Soup,1,12.0,3.0,9.0
JUL26-03302,Dinner,F07,Seasonal Soup,1,12.0,3.0,9.0
JUL26-03309,Dinner,F07,Seasonal Soup,1,12.0,3.0,9.0
JUL26-03316,Dinner,F07,Seasonal Soup,1,12.0,3.0,9.0
JUL26-03323,Dinner,F07,Seasonal Soup,1,12.0,3.0,9.0
JUL26-03330,Dinner,F07,Seasonal Soup,1,12.0,3.0,9.0
JUL26-03337,Dinner,F07,Seasonal Soup,1,12.0,3.0,9.0
JUL26-03344,Dinner,F07,Seasonal Soup,1,12.0,3.0,9.0
JUL26-03351,Dinner,F07,Seasonal Soup,1,12.0,3.0,9.0
JUL26-03358,Dinner,F07,Seasonal Soup,1,12.0,3.0,9.0
JUL26-03365,Dinner,F07,Seasonal Soup,1,12.0,3.0,9.0
JUL26-03372,Dinner,F07,Seasonal Soup,1,12.0,3.0,9.0
JUL26-03379,Dinner,F07,Seasonal Soup,1,12.0,3.0,9.0
JUL26-03386,Dinner,F07,Seasonal Soup,1,12.0,3.0,9.0
JUL26-03393,Dinner,F07,Seasonal Soup,1,12.0,3.0,9.0
JUL26-03400,Dinner,F07,Seasonal Soup,1,12.0,3.0,9.0
JUL26-03407,Dinner,F07,Seasonal Soup,1,12.0,3.0,9.0
JUL26-03414,Dinner,F07,Seasonal Soup,1,12.0,3.0,9.0
JUL26-03421,Dinner,F07,Seasonal Soup,1,12.0,3.0,9.0
JUL26-03428,Dinner,F07,Seasonal Soup,1,12.0,3.0,9.0
JUL26-03435,Dinner,F07,Seasonal Soup,1,12.0,3.0,9.0
JUL26-03442,Dinner,F07,Seasonal Soup,1,12.0,3.0,9.0
JUL26-03449,Dinner,F07,Seasonal Soup,1,12.0,3.0,9.0
JUL26-03456,Dinner,F07,Seasonal Soup,1,12.0,3.0,9.0
JUL26-03463,Dinner,F07,Seasonal Soup,1,12.0,3.0,9.0
JUL26-03470,Dinner,F07,Seasonal Soup,1,12.0,3.0,9.0
JUL26-03477,Dinner,F07,Seasonal Soup,1,12.0,3.0,9.0
JUL26-03484,Dinner,F07,Seasonal Soup,1,12.0,3.0,9.0
JUL26-03491,Dinner,F07,Seasonal Soup,1,12.0,3.0,9.0
JUL26-03498,Dinner,F07,Seasonal Soup,1,12.0,3.0,9.0
JUL26-03505,Dinner,F07,Seasonal Soup,1,12.0,3.0,9.0
JUL26-03512,Dinner,F07,Seasonal Soup,1,12.0,3.0,9.0
JUL26-03519,Dinner,F07,Seasonal Soup,1,12.0,3.0,9.0
JUL26-03526,Dinner,F07,Seasonal Soup,1,12.0,3.0,9.0
JUL26-03533,Dinner,F07,Seasonal Soup,1,12.0,3.0,9.0
JUL26-03540,Dinner,F07,Seasonal Soup,1,12.0,3.0,9.0
JUL26-03547,Dinner,F07,Seasonal Soup,1,12.0,3.0,9.0
JUL26-03554,Dinner,F07,Seasonal Soup,1,12.0,3.0,9.0
JUL26-03561,Dinner,F07,Seasonal Soup,1,12.0,3.0,9.0
JUL26-03568,Dinner,F07,Seasonal Soup,1,12.0,3.0,9.0
JUL26-03575,Dinner,F07,Seasonal Soup,1,12.0,3.0,9.0
JUL26-03582,Dinner,F07,Seasonal Soup,1,12.0,3.0,9.0
JUL26-03589,Dinner,F07,Seasonal Soup,1,12.0,3.0,9.0
JUL26-03596,Dinner,F07,Seasonal Soup,1,12.0,3.0,9.0
JUL26-03603,Dinner,F07,Seasonal Soup,1,12.0,3.0,9.0
JUL26-03610,Dinner,F07,Seasonal Soup,1,12.0,3.0,9.0
JUL26-03617,Dinner,F07,Seasonal Soup,1,12.0,3.0,9.0
JUL26-03624,Dinner,F07,Seasonal Soup,1,12.0,3.0,9.0
JUL26-03631,Dinner,F07,Seasonal Soup,1,12.0,3.0,9.0
JUL26-03638,Dinner,F07,Seasonal Soup,1,12.0,3.0,9.0
JUL26-03645,Dinner,F07,Seasonal Soup,1,12.0,3.0,9.0
JUL26-03652,Dinner,F07,Seasonal Soup,1,12.0,3.0,9.0
JUL26-03659,Dinner,F07,Seasonal Soup,1,12.0,3.0,9.0
JUL26-03666,Dinner,F07,Seasonal Soup,1,12.0,3.0,9.0
JUL26-03673,Dinner,F07,Seasonal Soup,1,12.0,3.0,9.0
JUL26-03680,Dinner,F07,Seasonal Soup,1,12.0,3.0,9.0
JUL26-03687,Dinner,F07,Seasonal Soup,1,12.0,3.0,9.0
JUL26-03694,Dinner,F07,Seasonal Soup,1,12.0,3.0,9.0
JUL26-03701,Dinner,F07,Seasonal Soup,1,12.0,3.0,9.0
JUL26-03708,Dinner,F07,Seasonal Soup,1,12.0,3.0,9.0
JUL26-03715,Dinner,F07,Seasonal Soup,1,12.0,3.0,9.0
JUL26-03722,Dinner,F07,Seasonal Soup,1,12.0,3.0,9.0
JUL26-03729,Dinner,F07,Seasonal Soup,1,12.0,3.0,9.0
JUL26-03736,Dinner,F07,Seasonal Soup,1,12.0,3.0,9.0
JUL26-03743,Dinner,F07,Seasonal Soup,1,12.0,3.0,9.0
JUL26-03750,Dinner,F07,Seasonal Soup,1,12.0,3.0,9.0
JUL26-03757,Dinner,F07,Seasonal Soup,1,12.0,3.0,9.0
JUL26-03764,Dinner,F07,Seasonal Soup,1,12.0,3.0,9.0
JUL26-03771,Dinner,F07,Seasonal Soup,1,12.0,3.0,9.0
JUL26-03778,Dinner,F07,Seasonal Soup,1,12.0,3.0,9.0
JUL26-03785,Dinner,F07,Seasonal Soup,1,12.0,3.0,9.0
JUL26-03792,Dinner,F07,Seasonal Soup,1,12.0,3.0,9.0
JUL26-03799,Dinner,F07,Seasonal Soup,1,12.0,3.0,9.0
JUL26-03806,Dinner,F07,Seasonal Soup,1,12.0,3.0,9.0
JUL26-03813,Dinner,F07,Seasonal Soup,1,12.0,3.0,9.0
JUL26-03820,Dinner,F07,Seasonal Soup,1,12.0,3.0,9.0
JUL26-03827,Dinner,F07,Seasonal Soup,1,12.0,3.0,9.0
JUL26-03834,Dinner,F07,Seasonal Soup,1,12.0,3.0,9.0
JUL26-03841,Dinner,F07,Seasonal Soup,1,12.0,3.0,9.0
JUL26-03848,Dinner,F07,Seasonal Soup,1,12.0,3.0,9.0
JUL26-03855,Dinner,F07,Seasonal Soup,1,12.0,3.0,9.0
JUL26-03862,Dinner,F07,Seasonal Soup,1,12.0,3.0,9.0
JUL26-03869,Dinner,F07,Seasonal Soup,1,12.0,3.0,9.0
JUL26-03876,Dinner,F07,Seasonal Soup,1,12.0,3.0,9.0
JUL26-03883,Dinner,F07,Seasonal Soup,1,12.0,3.0,9.0
JUL26-03890,Dinner,F07,Seasonal Soup,1,12.0,3.0,9.0
JUL26-03897,Dinner,F07,Seasonal Soup,1,12.0,3.0,9.0
JUL26-03904,Dinner,F07,Seasonal Soup,1,12.0,3.0,9.0
JUL26-03911,Dinner,F07,Seasonal Soup,1,12.0,3.0,9.0
JUL26-03918,Dinner,F07,Seasonal Soup,1,12.0,3.0,9.0
JUL26-03925,Dinner,F07,Seasonal Soup,1,12.0,3.0,9.0
JUL26-03932,Dinner,F07,Seasonal Soup,1,12.0,3.0,9.0
JUL26-03939,Dinner,F07,Seasonal Soup,1,12.0,3.0,9.0
JUL26-03946,Dinner,F07,Seasonal Soup,1,12.0,3.0,9.0
JUL26-03953,Dinner,F07,Seasonal Soup,1,12.0,3.0,9.0
JUL26-03960,Dinner,F07,Seasonal Soup,1,12.0,3.0,9.0
JUL26-03967,Dinner,F07,Seasonal Soup,1,12.0,3.0,9.0
JUL26-03974,Dinner,F07,Seasonal Soup,1,12.0,3.0,9.0
JUL26-03981,Dinner,F07,Seasonal Soup,1,12.0,3.0,9.0
JUL26-03988,Dinner,F07,Seasonal Soup,1,12.0,3.0,9.0
JUL26-03995,Dinner,F07,Seasonal Soup,1,12.0,3.0,9.0
JUL26-04002,Dinner,F07,Seasonal Soup,1,12.0,3.0,9.0
JUL26-04009,Dinner,F07,Seasonal Soup,1,12.0,3.0,9.0
JUL26-04016,Dinner,F07,Seasonal Soup,1,12.0,3.0,9.0
JUL26-04023,Dinner,F07,Seasonal Soup,1,12.0,3.0,9.0
JUL26-04030,Dinner,F07,Seasonal Soup,1,12.0,3.0,9.0
JUL26-04037,Dinner,F07,Seasonal Soup,1,12.0,3.0,9.0
JUL26-04044,Dinner,F07,Seasonal Soup,1,12.0,3.0,9.0
JUL26-04051,Dinner,F07,Seasonal Soup,1,12.0,3.0,9.0
JUL26-04058,Dinner,F07,Seasonal Soup,1,12.0,3.0,9.0
JUL26-04065,Dinner,F07,Seasonal Soup,1,12.0,3.0,9.0
JUL26-04072,Dinner,F07,Seasonal Soup,1,12.0,3.0,9.0
JUL26-04079,Dinner,F07,Seasonal Soup,1,12.0,3.0,9.0
JUL26-04086,Dinner,F07,Seasonal Soup,1,12.0,3.0,9.0
JUL26-04093,Dinner,F07,Seasonal Soup,1,12.0,3.0,9.0
JUL26-04100,Dinner,F07,Seasonal Soup,1,12.0,3.0,9.0
JUL26-04107,Dinner,F07,Seasonal Soup,1,12.0,3.0,9.0
JUL26-04114,Dinner,F07,Seasonal Soup,1,12.0,3.0,9.0
JUL26-04121,Dinner,F07,Seasonal Soup,1,12.0,3.0,9.0
JUL26-04128,Dinner,F07,Seasonal Soup,1,12.0,3.0,9.0
JUL26-04135,Dinner,F07,Seasonal Soup,1,12.0,3.0,9.0
JUL26-04142,Dinner,F07,Seasonal Soup,1,12.0,3.0,9.0
JUL26-04149,Dinner,F07,Seasonal Soup,1,12.0,3.0,9.0
JUL26-04156,Dinner,F07,Seasonal Soup,1,12.0,3.0,9.0
JUL26-04163,Dinner,F07,Seasonal Soup,1,12.0,3.0,9.0
JUL26-04170,Dinner,F07,Seasonal Soup,1,12.0,3.0,9.0
JUL26-04177,Dinner,F07,Seasonal Soup,1,12.0,3.0,9.0
JUL26-04184,Dinner,F07,Seasonal Soup,1,12.0,3.0,9.0
JUL26-04191,Dinner,F07,Seasonal Soup,1,12.0,3.0,9.0
JUL26-04198,Dinner,F07,Seasonal Soup,1,12.0,3.0,9.0
JUL26-04205,Dinner,F07,Seasonal Soup,1,12.0,3.0,9.0
JUL26-04212,Dinner,F07,Seasonal Soup,1,12.0,3.0,9.0
JUL26-04219,Dinner,F07,Seasonal Soup,1,12.0,3.0,9.0
JUL26-04226,Dinner,F07,Seasonal Soup,1,12.0,3.0,9.0
JUL26-04233,Dinner,F07,Seasonal Soup,1,12.0,3.0,9.0
JUL26-04240,Dinner,F07,Seasonal Soup,1,12.0,3.0,9.0
JUL26-04247,Dinner,F07,Seasonal Soup,1,12.0,3.0,9.0
JUL26-04254,Dinner,F07,Seasonal Soup,1,12.0,3.0,9.0
JUL26-04261,Dinner,F07,Seasonal Soup,1,12.0,3.0,9.0
JUL26-04268,Dinner,F07,Seasonal Soup,1,12.0,3.0,9.0
JUL26-04275,Dinner,F07,Seasonal Soup,1,12.0,3.0,9.0
JUL26-04282,Dinner,F07,Seasonal Soup,1,12.0,3.0,9.0
JUL26-04289,Dinner,F07,Seasonal Soup,1,12.0,3.0,9.0
JUL26-04296,Dinner,F07,Seasonal Soup,1,12.0,3.0,9.0
JUL26-04303,Dinner,F07,Seasonal Soup,1,12.0,3.0,9.0
JUL26-04310,Dinner,F07,Seasonal Soup,1,12.0,3.0,9.0
JUL26-04317,Dinner,F07,Seasonal Soup,1,12.0,3.0,9.0
JUL26-04324,Dinner,F07,Seasonal Soup,1,12.0,3.0,9.0
JUL26-04331,Dinner,F07,Seasonal Soup,1,12.0,3.0,9.0
JUL26-04338,Dinner,F07,Seasonal Soup,1,12.0,3.0,9.0
JUL26-04345,Dinner,F07,Seasonal Soup,1,12.0,3.0,9.0
JUL26-04352,Dinner,F07,Seasonal Soup,1,12.0,3.0,9.0
JUL26-04359,Dinner,F07,Seasonal Soup,1,12.0,3.0,9.0
JUL26-04366,Dinner,F07,Seasonal Soup,1,12.0,3.0,9.0
JUL26-04373,Dinner,F07,Seasonal Soup,1,12.0,3.0,9.0
JUL26-04380,Dinner,F07,Seasonal Soup,1,12.0,3.0,9.0
JUL26-04387,Dinner,F07,Seasonal Soup,1,12.0,3.0,9.0
JUL26-04394,Dinner,F07,Seasonal Soup,1,12.0,3.0,9.0
JUL26-04401,Dinner,F07,Seasonal Soup,1,12.0,3.0,9.0
JUL26-04408,Dinner,F07,Seasonal Soup,1,12.0,3.0,9.0
JUL26-04415,Dinner,F07,Seasonal Soup,1,12.0,3.0,9.0
JUL26-04422,Dinner,F07,Seasonal Soup,1,12.0,3.0,9.0
JUL26-04429,Dinner,F07,Seasonal Soup,1,12.0,3.0,9.0
JUL26-04436,Dinner,F07,Seasonal Soup,1,12.0,3.0,9.0
JUL26-04443,Dinner,F07,Seasonal Soup,1,12.0,3.0,9.0
JUL26-04450,Dinner,F07,Seasonal Soup,1,12.0,3.0,9.0
JUL26-04457,Dinner,F07,Seasonal Soup,1,12.0,3.0,9.0
JUL26-04464,Dinner,F07,Seasonal Soup,1,12.0,3.0,9.0
JUL26-04471,Dinner,F07,Seasonal Soup,1,12.0,3.0,9.0
JUL26-04478,Dinner,F07,Seasonal Soup,1,12.0,3.0,9.0
JUL26-04485,Dinner,F07,Seasonal Soup,1,12.0,3.0,9.0
JUL26-04492,Dinner,F07,Seasonal Soup,1,12.0,3.0,9.0
JUL26-04499,Dinner,F07,Seasonal Soup,1,12.0,3.0,9.0
JUL26-04506,Dinner,F07,Seasonal Soup,1,12.0,3.0,9.0
JUL26-04513,Dinner,F07,Seasonal Soup,1,12.0,3.0,9.0
JUL26-04520,Dinner,F07,Seasonal Soup,1,12.0,3.0,9.0
JUL26-04527,Dinner,F07,Seasonal Soup,1,12.0,3.0,9.0
JUL26-04534,Dinner,F07,Seasonal Soup,1,12.0,3.0,9.0
JUL26-04541,Dinner,F07,Seasonal Soup,1,12.0,3.0,9.0
JUL26-04548,Dinner,F07,Seasonal Soup,1,12.0,3.0,9.0
JUL26-04555,Dinner,F07,Seasonal Soup,1,12.0,3.0,9.0
JUL26-04562,Dinner,F07,Seasonal Soup,1,12.0,3.0,9.0
JUL26-04569,Dinner,F07,Seasonal Soup,1,12.0,3.0,9.0
JUL26-04576,Delivery / Takeaway,F07,Seasonal Soup,1,12.0,3.0,9.0
JUL26-04583,Delivery / Takeaway,F07,Seasonal Soup,1,12.0,3.0,9.0
JUL26-04590,Delivery / Takeaway,F07,Seasonal Soup,1,12.0,3.0,9.0
JUL26-04597,Delivery / Takeaway,F07,Seasonal Soup,1,12.0,3.0,9.0
JUL26-04604,Delivery / Takeaway,F07,Seasonal Soup,1,12.0,3.0,9.0
JUL26-04611,Delivery / Takeaway,F07,Seasonal Soup,1,12.0,3.0,9.0
JUL26-04618,Delivery / Takeaway,F07,Seasonal Soup,1,12.0,3.0,9.0
JUL26-04625,Delivery / Takeaway,F07,Seasonal Soup,1,12.0,3.0,9.0
JUL26-04632,Delivery / Takeaway,F07,Seasonal Soup,1,12.0,3.0,9.0
JUL26-04639,Delivery / Takeaway,F07,Seasonal Soup,1,12.0,3.0,9.0
JUL26-04646,Delivery / Takeaway,F07,Seasonal Soup,1,12.0,3.0,9.0
JUL26-04653,Delivery / Takeaway,F07,Seasonal Soup,1,12.0,3.0,9.0
JUL26-04660,Delivery / Takeaway,F07,Seasonal Soup,1,12.0,3.0,9.0
JUL26-04667,Delivery / Takeaway,F07,Seasonal Soup,1,12.0,3.0,9.0
JUL26-04674,Delivery / Takeaway,F07,Seasonal Soup,1,12.0,3.0,9.0
JUL26-04681,Delivery / Takeaway,F07,Seasonal Soup,1,12.0,3.0,9.0
JUL26-04688,Delivery / Takeaway,F07,Seasonal Soup,1,12.0,3.0,9.0
JUL26-04695,Delivery / Takeaway,F07,Seasonal Soup,1,12.0,3.0,9.0
JUL26-04702,Delivery / Takeaway,F07,Seasonal Soup,1,12.0,3.0,9.0
JUL26-04709,Delivery / Takeaway,F07,Seasonal Soup,1,12.0,3.0,9.0
JUL26-04716,Delivery / Takeaway,F07,Seasonal Soup,1,12.0,3.0,9.0
JUL26-04723,Delivery / Takeaway,F07,Seasonal Soup,1,12.0,3.0,9.0
JUL26-04730,Delivery / Takeaway,F07,Seasonal Soup,1,12.0,3.0,9.0
JUL26-04737,Delivery / Takeaway,F07,Seasonal Soup,1,12.0,3.0,9.0
JUL26-04744,Delivery / Takeaway,F07,Seasonal Soup,1,12.0,3.0,9.0
JUL26-04751,Delivery / Takeaway,F07,Seasonal Soup,1,12.0,3.0,9.0
JUL26-04758,Delivery / Takeaway,F07,Seasonal Soup,1,12.0,3.0,9.0
JUL26-04765,Delivery / Takeaway,F07,Seasonal Soup,1,12.0,3.0,9.0
JUL26-04772,Delivery / Takeaway,F07,Seasonal Soup,1,12.0,3.0,9.0
JUL26-04779,Delivery / Takeaway,F07,Seasonal Soup,1,12.0,3.0,9.0
JUL26-04786,Delivery / Takeaway,F07,Seasonal Soup,1,12.0,3.0,9.0
JUL26-04793,Delivery / Takeaway,F07,Seasonal Soup,1,12.0,3.0,9.0
JUL26-04800,Delivery / Takeaway,F07,Seasonal Soup,1,12.0,3.0,9.0
JUL26-04807,Delivery / Takeaway,F07,Seasonal Soup,1,12.0,3.0,9.0
JUL26-04814,Delivery / Takeaway,F07,Seasonal Soup,1,12.0,3.0,9.0
JUL26-04821,Delivery / Takeaway,F07,Seasonal Soup,1,12.0,3.0,9.0
JUL26-04828,Delivery / Takeaway,F07,Seasonal Soup,1,12.0,3.0,9.0
JUL26-04835,Delivery / Takeaway,F07,Seasonal Soup,1,12.0,3.0,9.0
JUL26-04842,Delivery / Takeaway,F07,Seasonal Soup,1,12.0,3.0,9.0
JUL26-04849,Delivery / Takeaway,F07,Seasonal Soup,1,12.0,3.0,9.0
JUL26-04856,Delivery / Takeaway,F07,Seasonal Soup,1,12.0,3.0,9.0
JUL26-04863,Delivery / Takeaway,F07,Seasonal Soup,1,12.0,3.0,9.0
JUL26-04870,Delivery / Takeaway,F07,Seasonal Soup,1,12.0,3.0,9.0
JUL26-04877,Delivery / Takeaway,F07,Seasonal Soup,1,12.0,3.0,9.0
JUL26-04884,Delivery / Takeaway,F07,Seasonal Soup,1,12.0,3.0,9.0
JUL26-04891,Delivery / Takeaway,F07,Seasonal Soup,1,12.0,3.0,9.0
JUL26-04898,Delivery / Takeaway,F07,Seasonal Soup,1,12.0,3.0,9.0
JUL26-04905,Delivery / Takeaway,F07,Seasonal Soup,1,12.0,3.0,9.0
JUL26-04912,Delivery / Takeaway,F07,Seasonal Soup,1,12.0,3.0,9.0
JUL26-04919,Delivery / Takeaway,F07,Seasonal Soup,1,12.0,3.0,9.0
JUL26-04926,Delivery / Takeaway,F07,Seasonal Soup,1,12.0,3.0,9.0
JUL26-04933,Delivery / Takeaway,F07,Seasonal Soup,1,12.0,3.0,9.0
JUL26-04940,Delivery / Takeaway,F07,Seasonal Soup,1,12.0,3.0,9.0
JUL26-04947,Delivery / Takeaway,F07,Seasonal Soup,1,12.0,3.0,9.0
JUL26-04954,Delivery / Takeaway,F07,Seasonal Soup,1,12.0,3.0,9.0
JUL26-04961,Delivery / Takeaway,F07,Seasonal Soup,1,12.0,3.0,9.0
JUL26-04968,Delivery / Takeaway,F07,Seasonal Soup,1,12.0,3.0,9.0
JUL26-04975,Delivery / Takeaway,F07,Seasonal Soup,1,12.0,3.0,9.0
JUL26-04982,Delivery / Takeaway,F07,Seasonal Soup,1,12.0,3.0,9.0
JUL26-04989,Delivery / Takeaway,F07,Seasonal Soup,1,12.0,3.0,9.0
JUL26-04996,Delivery / Takeaway,F07,Seasonal Soup,1,12.0,3.0,9.0
JUL26-05003,Delivery / Takeaway,F07,Seasonal Soup,1,12.0,3.0,9.0
JUL26-05010,Delivery / Takeaway,F07,Seasonal Soup,1,12.0,3.0,9.0
JUL26-05017,Delivery / Takeaway,F07,Seasonal Soup,1,12.0,3.0,9.0
JUL26-05024,Delivery / Takeaway,F07,Seasonal Soup,1,12.0,3.0,9.0
JUL26-05031,Delivery / Takeaway,F07,Seasonal Soup,1,12.0,3.0,9.0
JUL26-05038,Delivery / Takeaway,F07,Seasonal Soup,1,12.0,3.0,9.0
JUL26-05045,Delivery / Takeaway,F07,Seasonal Soup,1,12.0,3.0,9.0
JUL26-05052,Delivery / Takeaway,F07,Seasonal Soup,1,12.0,3.0,9.0
JUL26-05059,Delivery / Takeaway,F07,Seasonal Soup,1,12.0,3.0,9.0
JUL26-05066,Delivery / Takeaway,F07,Seasonal Soup,1,12.0,3.0,9.0
JUL26-05073,Delivery / Takeaway,F07,Seasonal Soup,1,12.0,3.0,9.0
JUL26-05080,Delivery / Takeaway,F07,Seasonal Soup,1,12.0,3.0,9.0
JUL26-05087,Delivery / Takeaway,F07,Seasonal Soup,1,12.0,3.0,9.0
JUL26-05094,Delivery / Takeaway,F07,Seasonal Soup,1,12.0,3.0,9.0
JUL26-05101,Delivery / Takeaway,F07,Seasonal Soup,1,12.0,3.0,9.0
JUL26-05108,Delivery / Takeaway,F07,Seasonal Soup,1,12.0,3.0,9.0
JUL26-05115,Delivery / Takeaway,F07,Seasonal Soup,1,12.0,3.0,9.0
JUL26-05122,Delivery / Takeaway,F07,Seasonal Soup,1,12.0,3.0,9.0
JUL26-05129,Delivery / Takeaway,F07,Seasonal Soup,1,12.0,3.0,9.0
JUL26-05136,Delivery / Takeaway,F07,Seasonal Soup,1,12.0,3.0,9.0
JUL26-05143,Delivery / Takeaway,F07,Seasonal Soup,1,12.0,3.0,9.0
JUL26-05150,Delivery / Takeaway,F07,Seasonal Soup,1,12.0,3.0,9.0
JUL26-05157,Delivery / Takeaway,F07,Seasonal Soup,1,12.0,3.0,9.0
JUL26-05164,Delivery / Takeaway,F07,Seasonal Soup,1,12.0,3.0,9.0
JUL26-05171,Delivery / Takeaway,F07,Seasonal Soup,1,12.0,3.0,9.0
JUL26-05178,Delivery / Takeaway,F07,Seasonal Soup,1,12.0,3.0,9.0
JUL26-05185,Delivery / Takeaway,F07,Seasonal Soup,1,12.0,3.0,9.0
JUL26-05192,Delivery / Takeaway,F07,Seasonal Soup,1,12.0,3.0,9.0
JUL26-05199,Delivery / Takeaway,F07,Seasonal Soup,1,12.0,3.0,9.0
JUL26-05206,Delivery / Takeaway,F07,Seasonal Soup,1,12.0,3.0,9.0
JUL26-05213,Delivery / Takeaway,F07,Seasonal Soup,1,12.0,3.0,9.0
JUL26-05220,Delivery / Takeaway,F07,Seasonal Soup,1,12.0,3.0,9.0
JUL26-05227,Delivery / Takeaway,F07,Seasonal Soup,1,12.0,3.0,9.0
JUL26-05234,Delivery / Takeaway,F07,Seasonal Soup,1,12.0,3.0,9.0
JUL26-05241,Delivery / Takeaway,F07,Seasonal Soup,1,12.0,3.0,9.0
JUL26-05248,Delivery / Takeaway,F07,Seasonal Soup,1,12.0,3.0,9.0
JUL26-05255,Delivery / Takeaway,F07,Seasonal Soup,1,12.0,3.0,9.0
JUL26-05262,Delivery / Takeaway,F07,Seasonal Soup,1,12.0,3.0,9.0
JUL26-05269,Delivery / Takeaway,F07,Seasonal Soup,1,12.0,3.0,9.0
JUL26-05276,Delivery / Takeaway,F07,Seasonal Soup,1,12.0,3.0,9.0
JUL26-05283,Delivery / Takeaway,F07,Seasonal Soup,1,12.0,3.0,9.0
JUL26-05290,Delivery / Takeaway,F07,Seasonal Soup,1,12.0,3.0,9.0
JUL26-05297,Delivery / Takeaway,F07,Seasonal Soup,1,12.0,3.0,9.0
JUL26-05304,Delivery / Takeaway,F07,Seasonal Soup,1,12.0,3.0,9.0
JUL26-05311,Delivery / Takeaway,F07,Seasonal Soup,1,12.0,3.0,9.0
JUL26-05318,Delivery / Takeaway,F07,Seasonal Soup,1,12.0,3.0,9.0
JUL26-05325,Private Event,F07,Seasonal Soup,1,12.0,3.0,9.0
JUL26-05332,Private Event,F07,Seasonal Soup,1,12.0,3.0,9.0
JUL26-05339,Private Event,F07,Seasonal Soup,1,12.0,3.0,9.0
JUL26-05346,Private Event,F07,Seasonal Soup,1,12.0,3.0,9.0
JUL26-05353,Private Event,F07,Seasonal Soup,1,12.0,3.0,9.0
JUL26-05360,Private Event,F07,Seasonal Soup,1,12.0,3.0,9.0
JUL26-05367,Private Event,F07,Seasonal Soup,1,12.0,3.0,9.0
JUL26-05374,Private Event,F07,Seasonal Soup,1,12.0,3.0,9.0
JUL26-05381,Private Event,F07,Seasonal Soup,1,12.0,3.0,9.0
JUL26-05388,Private Event,F07,Seasonal Soup,1,12.0,3.0,9.0
JUL26-05395,Private Event,F07,Seasonal Soup,1,12.0,3.0,9.0
JUL26-05402,Private Event,F07,Seasonal Soup,1,12.0,3.0,9.0
JUL26-05409,Private Event,F07,Seasonal Soup,1,12.0,3.0,9.0
JUL26-05416,Private Event,F07,Seasonal Soup,1,12.0,3.0,9.0
JUL26-05423,Private Event,F07,Seasonal Soup,1,12.0,3.0,9.0
JUL26-05430,Private Event,F07,Seasonal Soup,1,12.0,3.0,9.0
JUL26-05437,Private Event,F07,Seasonal Soup,1,12.0,3.0,9.0
JUL26-05444,Private Event,F07,Seasonal Soup,1,12.0,3.0,9.0
JUL26-05451,Private Event,F07,Seasonal Soup,1,12.0,3.0,9.0
JUL26-05458,Private Event,F07,Seasonal Soup,1,12.0,3.0,9.0
JUL26-05465,Private Event,F07,Seasonal Soup,1,12.0,3.0,9.0
JUL26-05472,Private Event,F07,Seasonal Soup,1,12.0,3.0,9.0
JUL26-05479,Private Event,F07,Seasonal Soup,1,12.0,3.0,9.0
JUL26-05486,Private Event,F07,Seasonal Soup,1,12.0,3.0,9.0
JUL26-05493,Private Event,F07,Seasonal Soup,1,12.0,3.0,9.0
JUL26-02223,Dinner,F08,Chocolate Tart,1,14.0,4.6,9.4
JUL26-02230,Dinner,F08,Chocolate Tart,1,14.0,4.6,9.4
JUL26-02237,Dinner,F08,Chocolate Tart,1,14.0,4.6,9.4
JUL26-02244,Dinner,F08,Chocolate Tart,1,14.0,4.6,9.4
JUL26-02251,Dinner,F08,Chocolate Tart,1,14.0,4.6,9.4
JUL26-02258,Dinner,F08,Chocolate Tart,1,14.0,4.6,9.4
JUL26-02265,Dinner,F08,Chocolate Tart,1,14.0,4.6,9.4
JUL26-02272,Dinner,F08,Chocolate Tart,1,14.0,4.6,9.4
JUL26-02279,Dinner,F08,Chocolate Tart,1,14.0,4.6,9.4
JUL26-02286,Dinner,F08,Chocolate Tart,1,14.0,4.6,9.4
JUL26-02293,Dinner,F08,Chocolate Tart,1,14.0,4.6,9.4
JUL26-02300,Dinner,F08,Chocolate Tart,1,14.0,4.6,9.4
JUL26-02307,Dinner,F08,Chocolate Tart,1,14.0,4.6,9.4
JUL26-02314,Dinner,F08,Chocolate Tart,1,14.0,4.6,9.4
JUL26-02321,Dinner,F08,Chocolate Tart,1,14.0,4.6,9.4
JUL26-02328,Dinner,F08,Chocolate Tart,1,14.0,4.6,9.4
JUL26-02335,Dinner,F08,Chocolate Tart,1,14.0,4.6,9.4
JUL26-02342,Dinner,F08,Chocolate Tart,1,14.0,4.6,9.4
JUL26-02349,Dinner,F08,Chocolate Tart,1,14.0,4.6,9.4
JUL26-02356,Dinner,F08,Chocolate Tart,1,14.0,4.6,9.4
JUL26-02363,Dinner,F08,Chocolate Tart,1,14.0,4.6,9.4
JUL26-02370,Dinner,F08,Chocolate Tart,1,14.0,4.6,9.4
JUL26-02377,Dinner,F08,Chocolate Tart,1,14.0,4.6,9.4
JUL26-02384,Dinner,F08,Chocolate Tart,1,14.0,4.6,9.4
JUL26-02391,Dinner,F08,Chocolate Tart,1,14.0,4.6,9.4
JUL26-02398,Dinner,F08,Chocolate Tart,1,14.0,4.6,9.4
JUL26-02405,Dinner,F08,Chocolate Tart,1,14.0,4.6,9.4
JUL26-02412,Dinner,F08,Chocolate Tart,1,14.0,4.6,9.4
JUL26-02419,Dinner,F08,Chocolate Tart,1,14.0,4.6,9.4
JUL26-02426,Dinner,F08,Chocolate Tart,1,14.0,4.6,9.4
JUL26-02433,Dinner,F08,Chocolate Tart,1,14.0,4.6,9.4
JUL26-02440,Dinner,F08,Chocolate Tart,1,14.0,4.6,9.4
JUL26-02447,Dinner,F08,Chocolate Tart,1,14.0,4.6,9.4
JUL26-02454,Dinner,F08,Chocolate Tart,1,14.0,4.6,9.4
JUL26-02461,Dinner,F08,Chocolate Tart,1,14.0,4.6,9.4
JUL26-02468,Dinner,F08,Chocolate Tart,1,14.0,4.6,9.4
JUL26-02475,Dinner,F08,Chocolate Tart,1,14.0,4.6,9.4
JUL26-02482,Dinner,F08,Chocolate Tart,1,14.0,4.6,9.4
JUL26-02489,Dinner,F08,Chocolate Tart,1,14.0,4.6,9.4
JUL26-02496,Dinner,F08,Chocolate Tart,1,14.0,4.6,9.4
JUL26-02503,Dinner,F08,Chocolate Tart,1,14.0,4.6,9.4
JUL26-02510,Dinner,F08,Chocolate Tart,1,14.0,4.6,9.4
JUL26-02517,Dinner,F08,Chocolate Tart,1,14.0,4.6,9.4
JUL26-02524,Dinner,F08,Chocolate Tart,1,14.0,4.6,9.4
JUL26-02531,Dinner,F08,Chocolate Tart,1,14.0,4.6,9.4
JUL26-02538,Dinner,F08,Chocolate Tart,1,14.0,4.6,9.4
JUL26-02545,Dinner,F08,Chocolate Tart,1,14.0,4.6,9.4
JUL26-02552,Dinner,F08,Chocolate Tart,1,14.0,4.6,9.4
JUL26-02559,Dinner,F08,Chocolate Tart,1,14.0,4.6,9.4
JUL26-02566,Dinner,F08,Chocolate Tart,1,14.0,4.6,9.4
JUL26-02573,Dinner,F08,Chocolate Tart,1,14.0,4.6,9.4
JUL26-02580,Dinner,F08,Chocolate Tart,1,14.0,4.6,9.4
JUL26-02587,Dinner,F08,Chocolate Tart,1,14.0,4.6,9.4
JUL26-02594,Dinner,F08,Chocolate Tart,1,14.0,4.6,9.4
JUL26-02601,Dinner,F08,Chocolate Tart,1,14.0,4.6,9.4
JUL26-02608,Dinner,F08,Chocolate Tart,1,14.0,4.6,9.4
JUL26-02615,Dinner,F08,Chocolate Tart,1,14.0,4.6,9.4
JUL26-02622,Dinner,F08,Chocolate Tart,1,14.0,4.6,9.4
JUL26-02629,Dinner,F08,Chocolate Tart,1,14.0,4.6,9.4
JUL26-02636,Dinner,F08,Chocolate Tart,1,14.0,4.6,9.4
JUL26-02643,Dinner,F08,Chocolate Tart,1,14.0,4.6,9.4
JUL26-02650,Dinner,F08,Chocolate Tart,1,14.0,4.6,9.4
JUL26-02657,Dinner,F08,Chocolate Tart,1,14.0,4.6,9.4
JUL26-02664,Dinner,F08,Chocolate Tart,1,14.0,4.6,9.4
JUL26-02671,Dinner,F08,Chocolate Tart,1,14.0,4.6,9.4
JUL26-02678,Dinner,F08,Chocolate Tart,1,14.0,4.6,9.4
JUL26-02685,Dinner,F08,Chocolate Tart,1,14.0,4.6,9.4
JUL26-02692,Dinner,F08,Chocolate Tart,1,14.0,4.6,9.4
JUL26-02699,Dinner,F08,Chocolate Tart,1,14.0,4.6,9.4
JUL26-02706,Dinner,F08,Chocolate Tart,1,14.0,4.6,9.4
JUL26-02713,Dinner,F08,Chocolate Tart,1,14.0,4.6,9.4
JUL26-02720,Dinner,F08,Chocolate Tart,1,14.0,4.6,9.4
JUL26-02727,Dinner,F08,Chocolate Tart,1,14.0,4.6,9.4
JUL26-02734,Dinner,F08,Chocolate Tart,1,14.0,4.6,9.4
JUL26-02741,Dinner,F08,Chocolate Tart,1,14.0,4.6,9.4
JUL26-02748,Dinner,F08,Chocolate Tart,1,14.0,4.6,9.4
JUL26-02755,Dinner,F08,Chocolate Tart,1,14.0,4.6,9.4
JUL26-02762,Dinner,F08,Chocolate Tart,1,14.0,4.6,9.4
JUL26-02769,Dinner,F08,Chocolate Tart,1,14.0,4.6,9.4
JUL26-02776,Dinner,F08,Chocolate Tart,1,14.0,4.6,9.4
JUL26-02783,Dinner,F08,Chocolate Tart,1,14.0,4.6,9.4
JUL26-02790,Dinner,F08,Chocolate Tart,1,14.0,4.6,9.4
JUL26-02797,Dinner,F08,Chocolate Tart,1,14.0,4.6,9.4
JUL26-02804,Dinner,F08,Chocolate Tart,1,14.0,4.6,9.4
JUL26-02811,Dinner,F08,Chocolate Tart,1,14.0,4.6,9.4
JUL26-02818,Dinner,F08,Chocolate Tart,1,14.0,4.6,9.4
JUL26-02825,Dinner,F08,Chocolate Tart,1,14.0,4.6,9.4
JUL26-02832,Dinner,F08,Chocolate Tart,1,14.0,4.6,9.4
JUL26-02839,Dinner,F08,Chocolate Tart,1,14.0,4.6,9.4
JUL26-02846,Dinner,F08,Chocolate Tart,1,14.0,4.6,9.4
JUL26-02853,Dinner,F08,Chocolate Tart,1,14.0,4.6,9.4
JUL26-02860,Dinner,F08,Chocolate Tart,1,14.0,4.6,9.4
JUL26-02867,Dinner,F08,Chocolate Tart,1,14.0,4.6,9.4
JUL26-02874,Dinner,F08,Chocolate Tart,1,14.0,4.6,9.4
JUL26-02881,Dinner,F08,Chocolate Tart,1,14.0,4.6,9.4
JUL26-02888,Dinner,F08,Chocolate Tart,1,14.0,4.6,9.4
JUL26-02895,Dinner,F08,Chocolate Tart,1,14.0,4.6,9.4
JUL26-02902,Dinner,F08,Chocolate Tart,1,14.0,4.6,9.4
JUL26-02909,Dinner,F08,Chocolate Tart,1,14.0,4.6,9.4
JUL26-02916,Dinner,F08,Chocolate Tart,1,14.0,4.6,9.4
JUL26-02923,Dinner,F08,Chocolate Tart,1,14.0,4.6,9.4
JUL26-02930,Dinner,F08,Chocolate Tart,1,14.0,4.6,9.4
JUL26-02937,Dinner,F08,Chocolate Tart,1,14.0,4.6,9.4
JUL26-02944,Dinner,F08,Chocolate Tart,1,14.0,4.6,9.4
JUL26-02951,Dinner,F08,Chocolate Tart,1,14.0,4.6,9.4
JUL26-02958,Dinner,F08,Chocolate Tart,1,14.0,4.6,9.4
JUL26-02965,Dinner,F08,Chocolate Tart,1,14.0,4.6,9.4
JUL26-02972,Dinner,F08,Chocolate Tart,1,14.0,4.6,9.4
JUL26-02979,Dinner,F08,Chocolate Tart,1,14.0,4.6,9.4
JUL26-02986,Dinner,F08,Chocolate Tart,1,14.0,4.6,9.4
JUL26-02993,Dinner,F08,Chocolate Tart,1,14.0,4.6,9.4
JUL26-03000,Dinner,F08,Chocolate Tart,1,14.0,4.6,9.4
JUL26-03007,Dinner,F08,Chocolate Tart,1,14.0,4.6,9.4
JUL26-03014,Dinner,F08,Chocolate Tart,1,14.0,4.6,9.4
JUL26-03021,Dinner,F08,Chocolate Tart,1,14.0,4.6,9.4
JUL26-03028,Dinner,F08,Chocolate Tart,1,14.0,4.6,9.4
JUL26-03035,Dinner,F08,Chocolate Tart,1,14.0,4.6,9.4
JUL26-03042,Dinner,F08,Chocolate Tart,1,14.0,4.6,9.4
JUL26-03049,Dinner,F08,Chocolate Tart,1,14.0,4.6,9.4
JUL26-03056,Dinner,F08,Chocolate Tart,1,14.0,4.6,9.4
JUL26-03063,Dinner,F08,Chocolate Tart,1,14.0,4.6,9.4
JUL26-03070,Dinner,F08,Chocolate Tart,1,14.0,4.6,9.4
JUL26-03077,Dinner,F08,Chocolate Tart,1,14.0,4.6,9.4
JUL26-03084,Dinner,F08,Chocolate Tart,1,14.0,4.6,9.4
JUL26-03091,Dinner,F08,Chocolate Tart,1,14.0,4.6,9.4
JUL26-03098,Dinner,F08,Chocolate Tart,1,14.0,4.6,9.4
JUL26-03105,Dinner,F08,Chocolate Tart,1,14.0,4.6,9.4
JUL26-03112,Dinner,F08,Chocolate Tart,1,14.0,4.6,9.4
JUL26-03119,Dinner,F08,Chocolate Tart,1,14.0,4.6,9.4
JUL26-03126,Dinner,F08,Chocolate Tart,1,14.0,4.6,9.4
JUL26-03133,Dinner,F08,Chocolate Tart,1,14.0,4.6,9.4
JUL26-03140,Dinner,F08,Chocolate Tart,1,14.0,4.6,9.4
JUL26-03147,Dinner,F08,Chocolate Tart,1,14.0,4.6,9.4
JUL26-03154,Dinner,F08,Chocolate Tart,1,14.0,4.6,9.4
JUL26-03161,Dinner,F08,Chocolate Tart,1,14.0,4.6,9.4
JUL26-03168,Dinner,F08,Chocolate Tart,1,14.0,4.6,9.4
JUL26-03175,Dinner,F08,Chocolate Tart,1,14.0,4.6,9.4
JUL26-03182,Dinner,F08,Chocolate Tart,1,14.0,4.6,9.4
JUL26-03189,Dinner,F08,Chocolate Tart,1,14.0,4.6,9.4
JUL26-03196,Dinner,F08,Chocolate Tart,1,14.0,4.6,9.4
JUL26-03203,Dinner,F08,Chocolate Tart,1,14.0,4.6,9.4
JUL26-03210,Dinner,F08,Chocolate Tart,1,14.0,4.6,9.4
JUL26-03217,Dinner,F08,Chocolate Tart,1,14.0,4.6,9.4
JUL26-03224,Dinner,F08,Chocolate Tart,1,14.0,4.6,9.4
JUL26-03231,Dinner,F08,Chocolate Tart,1,14.0,4.6,9.4
JUL26-03238,Dinner,F08,Chocolate Tart,1,14.0,4.6,9.4
JUL26-03245,Dinner,F08,Chocolate Tart,1,14.0,4.6,9.4
JUL26-03252,Dinner,F08,Chocolate Tart,1,14.0,4.6,9.4
JUL26-03259,Dinner,F08,Chocolate Tart,1,14.0,4.6,9.4
JUL26-03266,Dinner,F08,Chocolate Tart,1,14.0,4.6,9.4
JUL26-03273,Dinner,F08,Chocolate Tart,1,14.0,4.6,9.4
JUL26-03280,Dinner,F08,Chocolate Tart,1,14.0,4.6,9.4
JUL26-03287,Dinner,F08,Chocolate Tart,1,14.0,4.6,9.4
JUL26-03294,Dinner,F08,Chocolate Tart,1,14.0,4.6,9.4
JUL26-03301,Dinner,F08,Chocolate Tart,1,14.0,4.6,9.4
JUL26-03308,Dinner,F08,Chocolate Tart,1,14.0,4.6,9.4
JUL26-03315,Dinner,F08,Chocolate Tart,1,14.0,4.6,9.4
JUL26-03322,Dinner,F08,Chocolate Tart,1,14.0,4.6,9.4
JUL26-03329,Dinner,F08,Chocolate Tart,1,14.0,4.6,9.4
JUL26-03336,Dinner,F08,Chocolate Tart,1,14.0,4.6,9.4
JUL26-03343,Dinner,F08,Chocolate Tart,1,14.0,4.6,9.4
JUL26-03350,Dinner,F08,Chocolate Tart,1,14.0,4.6,9.4
JUL26-03357,Dinner,F08,Chocolate Tart,1,14.0,4.6,9.4
JUL26-03364,Dinner,F08,Chocolate Tart,1,14.0,4.6,9.4
JUL26-03371,Dinner,F08,Chocolate Tart,1,14.0,4.6,9.4
JUL26-03378,Dinner,F08,Chocolate Tart,1,14.0,4.6,9.4
JUL26-03385,Dinner,F08,Chocolate Tart,1,14.0,4.6,9.4
JUL26-03392,Dinner,F08,Chocolate Tart,1,14.0,4.6,9.4
JUL26-03399,Dinner,F08,Chocolate Tart,1,14.0,4.6,9.4
JUL26-03406,Dinner,F08,Chocolate Tart,1,14.0,4.6,9.4
JUL26-03413,Dinner,F08,Chocolate Tart,1,14.0,4.6,9.4
JUL26-03420,Dinner,F08,Chocolate Tart,1,14.0,4.6,9.4
JUL26-03427,Dinner,F08,Chocolate Tart,1,14.0,4.6,9.4
JUL26-03434,Dinner,F08,Chocolate Tart,1,14.0,4.6,9.4
JUL26-03441,Dinner,F08,Chocolate Tart,1,14.0,4.6,9.4
JUL26-03448,Dinner,F08,Chocolate Tart,1,14.0,4.6,9.4
JUL26-03455,Dinner,F08,Chocolate Tart,1,14.0,4.6,9.4
JUL26-03462,Dinner,F08,Chocolate Tart,1,14.0,4.6,9.4
JUL26-03469,Dinner,F08,Chocolate Tart,1,14.0,4.6,9.4
JUL26-03476,Dinner,F08,Chocolate Tart,1,14.0,4.6,9.4
JUL26-03483,Dinner,F08,Chocolate Tart,1,14.0,4.6,9.4
JUL26-03490,Dinner,F08,Chocolate Tart,1,14.0,4.6,9.4
JUL26-03497,Dinner,F08,Chocolate Tart,1,14.0,4.6,9.4
JUL26-03504,Dinner,F08,Chocolate Tart,1,14.0,4.6,9.4
JUL26-03511,Dinner,F08,Chocolate Tart,1,14.0,4.6,9.4
JUL26-03518,Dinner,F08,Chocolate Tart,1,14.0,4.6,9.4
JUL26-03525,Dinner,F08,Chocolate Tart,1,14.0,4.6,9.4
JUL26-03532,Dinner,F08,Chocolate Tart,1,14.0,4.6,9.4
JUL26-03539,Dinner,F08,Chocolate Tart,1,14.0,4.6,9.4
JUL26-03546,Dinner,F08,Chocolate Tart,1,14.0,4.6,9.4
JUL26-03553,Dinner,F08,Chocolate Tart,1,14.0,4.6,9.4
JUL26-03560,Dinner,F08,Chocolate Tart,1,14.0,4.6,9.4
JUL26-03567,Dinner,F08,Chocolate Tart,1,14.0,4.6,9.4
JUL26-03574,Dinner,F08,Chocolate Tart,1,14.0,4.6,9.4
JUL26-03581,Dinner,F08,Chocolate Tart,1,14.0,4.6,9.4
JUL26-03588,Dinner,F08,Chocolate Tart,1,14.0,4.6,9.4
JUL26-03595,Dinner,F08,Chocolate Tart,1,14.0,4.6,9.4
JUL26-03602,Dinner,F08,Chocolate Tart,1,14.0,4.6,9.4
JUL26-03609,Dinner,F08,Chocolate Tart,1,14.0,4.6,9.4
JUL26-03616,Dinner,F08,Chocolate Tart,1,14.0,4.6,9.4
JUL26-03623,Dinner,F08,Chocolate Tart,1,14.0,4.6,9.4
JUL26-03630,Dinner,F08,Chocolate Tart,1,14.0,4.6,9.4
JUL26-03637,Dinner,F08,Chocolate Tart,1,14.0,4.6,9.4
JUL26-03644,Dinner,F08,Chocolate Tart,1,14.0,4.6,9.4
JUL26-03651,Dinner,F08,Chocolate Tart,1,14.0,4.6,9.4
JUL26-03658,Dinner,F08,Chocolate Tart,1,14.0,4.6,9.4
JUL26-03665,Dinner,F08,Chocolate Tart,1,14.0,4.6,9.4
JUL26-03672,Dinner,F08,Chocolate Tart,1,14.0,4.6,9.4
JUL26-03679,Dinner,F08,Chocolate Tart,1,14.0,4.6,9.4
JUL26-03686,Dinner,F08,Chocolate Tart,1,14.0,4.6,9.4
JUL26-03693,Dinner,F08,Chocolate Tart,1,14.0,4.6,9.4
JUL26-03700,Dinner,F08,Chocolate Tart,1,14.0,4.6,9.4
JUL26-03707,Dinner,F08,Chocolate Tart,1,14.0,4.6,9.4
JUL26-03714,Dinner,F08,Chocolate Tart,1,14.0,4.6,9.4
JUL26-03721,Dinner,F08,Chocolate Tart,1,14.0,4.6,9.4
JUL26-03728,Dinner,F08,Chocolate Tart,1,14.0,4.6,9.4
JUL26-03735,Dinner,F08,Chocolate Tart,1,14.0,4.6,9.4
JUL26-03742,Dinner,F08,Chocolate Tart,1,14.0,4.6,9.4
JUL26-03749,Dinner,F08,Chocolate Tart,1,14.0,4.6,9.4
JUL26-03756,Dinner,F08,Chocolate Tart,1,14.0,4.6,9.4
JUL26-03763,Dinner,F08,Chocolate Tart,1,14.0,4.6,9.4
JUL26-03770,Dinner,F08,Chocolate Tart,1,14.0,4.6,9.4
JUL26-03777,Dinner,F08,Chocolate Tart,1,14.0,4.6,9.4
JUL26-03784,Dinner,F08,Chocolate Tart,1,14.0,4.6,9.4
JUL26-03791,Dinner,F08,Chocolate Tart,1,14.0,4.6,9.4
JUL26-03798,Dinner,F08,Chocolate Tart,1,14.0,4.6,9.4
JUL26-03805,Dinner,F08,Chocolate Tart,1,14.0,4.6,9.4
JUL26-03812,Dinner,F08,Chocolate Tart,1,14.0,4.6,9.4
JUL26-03819,Dinner,F08,Chocolate Tart,1,14.0,4.6,9.4
JUL26-03826,Dinner,F08,Chocolate Tart,1,14.0,4.6,9.4
JUL26-03833,Dinner,F08,Chocolate Tart,1,14.0,4.6,9.4
JUL26-03840,Dinner,F08,Chocolate Tart,1,14.0,4.6,9.4
JUL26-03847,Dinner,F08,Chocolate Tart,1,14.0,4.6,9.4
JUL26-03854,Dinner,F08,Chocolate Tart,1,14.0,4.6,9.4
JUL26-03861,Dinner,F08,Chocolate Tart,1,14.0,4.6,9.4
JUL26-03868,Dinner,F08,Chocolate Tart,1,14.0,4.6,9.4
JUL26-03875,Dinner,F08,Chocolate Tart,1,14.0,4.6,9.4
JUL26-03882,Dinner,F08,Chocolate Tart,1,14.0,4.6,9.4
JUL26-03889,Dinner,F08,Chocolate Tart,1,14.0,4.6,9.4
JUL26-03896,Dinner,F08,Chocolate Tart,1,14.0,4.6,9.4
JUL26-03903,Dinner,F08,Chocolate Tart,1,14.0,4.6,9.4
JUL26-03910,Dinner,F08,Chocolate Tart,1,14.0,4.6,9.4
JUL26-03917,Dinner,F08,Chocolate Tart,1,14.0,4.6,9.4
JUL26-03924,Dinner,F08,Chocolate Tart,1,14.0,4.6,9.4
JUL26-03931,Dinner,F08,Chocolate Tart,1,14.0,4.6,9.4
JUL26-03938,Dinner,F08,Chocolate Tart,1,14.0,4.6,9.4
JUL26-03945,Dinner,F08,Chocolate Tart,1,14.0,4.6,9.4
JUL26-03952,Dinner,F08,Chocolate Tart,1,14.0,4.6,9.4
JUL26-03959,Dinner,F08,Chocolate Tart,1,14.0,4.6,9.4
JUL26-03966,Dinner,F08,Chocolate Tart,1,14.0,4.6,9.4
JUL26-03973,Dinner,F08,Chocolate Tart,1,14.0,4.6,9.4
JUL26-03980,Dinner,F08,Chocolate Tart,1,14.0,4.6,9.4
JUL26-03987,Dinner,F08,Chocolate Tart,1,14.0,4.6,9.4
JUL26-03994,Dinner,F08,Chocolate Tart,1,14.0,4.6,9.4
JUL26-04001,Dinner,F08,Chocolate Tart,1,14.0,4.6,9.4
JUL26-04008,Dinner,F08,Chocolate Tart,1,14.0,4.6,9.4
JUL26-04015,Dinner,F08,Chocolate Tart,1,14.0,4.6,9.4
JUL26-04022,Dinner,F08,Chocolate Tart,1,14.0,4.6,9.4
JUL26-04029,Dinner,F08,Chocolate Tart,1,14.0,4.6,9.4
JUL26-04036,Dinner,F08,Chocolate Tart,1,14.0,4.6,9.4
JUL26-04043,Dinner,F08,Chocolate Tart,1,14.0,4.6,9.4
JUL26-04050,Dinner,F08,Chocolate Tart,1,14.0,4.6,9.4
JUL26-04057,Dinner,F08,Chocolate Tart,1,14.0,4.6,9.4
JUL26-04064,Dinner,F08,Chocolate Tart,1,14.0,4.6,9.4
JUL26-04071,Dinner,F08,Chocolate Tart,1,14.0,4.6,9.4
JUL26-04078,Dinner,F08,Chocolate Tart,1,14.0,4.6,9.4
JUL26-04085,Dinner,F08,Chocolate Tart,1,14.0,4.6,9.4
JUL26-04092,Dinner,F08,Chocolate Tart,1,14.0,4.6,9.4
JUL26-04099,Dinner,F08,Chocolate Tart,1,14.0,4.6,9.4
JUL26-04106,Dinner,F08,Chocolate Tart,1,14.0,4.6,9.4
JUL26-04113,Dinner,F08,Chocolate Tart,1,14.0,4.6,9.4
JUL26-04120,Dinner,F08,Chocolate Tart,1,14.0,4.6,9.4
JUL26-04127,Dinner,F08,Chocolate Tart,1,14.0,4.6,9.4
JUL26-04134,Dinner,F08,Chocolate Tart,1,14.0,4.6,9.4
JUL26-04141,Dinner,F08,Chocolate Tart,1,14.0,4.6,9.4
JUL26-04148,Dinner,F08,Chocolate Tart,1,14.0,4.6,9.4
JUL26-04155,Dinner,F08,Chocolate Tart,1,14.0,4.6,9.4
JUL26-04162,Dinner,F08,Chocolate Tart,1,14.0,4.6,9.4
JUL26-04169,Dinner,F08,Chocolate Tart,1,14.0,4.6,9.4
JUL26-04176,Dinner,F08,Chocolate Tart,1,14.0,4.6,9.4
JUL26-04183,Dinner,F08,Chocolate Tart,1,14.0,4.6,9.4
JUL26-04190,Dinner,F08,Chocolate Tart,1,14.0,4.6,9.4
JUL26-04197,Dinner,F08,Chocolate Tart,1,14.0,4.6,9.4
JUL26-04204,Dinner,F08,Chocolate Tart,1,14.0,4.6,9.4
JUL26-04211,Dinner,F08,Chocolate Tart,1,14.0,4.6,9.4
JUL26-04218,Dinner,F08,Chocolate Tart,1,14.0,4.6,9.4
JUL26-04225,Dinner,F08,Chocolate Tart,1,14.0,4.6,9.4
JUL26-04232,Dinner,F08,Chocolate Tart,1,14.0,4.6,9.4
JUL26-04239,Dinner,F08,Chocolate Tart,1,14.0,4.6,9.4
JUL26-04246,Dinner,F08,Chocolate Tart,1,14.0,4.6,9.4
JUL26-04253,Dinner,F08,Chocolate Tart,1,14.0,4.6,9.4
JUL26-04260,Dinner,F08,Chocolate Tart,1,14.0,4.6,9.4
JUL26-04267,Dinner,F08,Chocolate Tart,1,14.0,4.6,9.4
JUL26-04274,Dinner,F08,Chocolate Tart,1,14.0,4.6,9.4
JUL26-04281,Dinner,F08,Chocolate Tart,1,14.0,4.6,9.4
JUL26-04288,Dinner,F08,Chocolate Tart,1,14.0,4.6,9.4
JUL26-04295,Dinner,F08,Chocolate Tart,1,14.0,4.6,9.4
JUL26-04302,Dinner,F08,Chocolate Tart,1,14.0,4.6,9.4
JUL26-04309,Dinner,F08,Chocolate Tart,1,14.0,4.6,9.4
JUL26-04316,Dinner,F08,Chocolate Tart,1,14.0,4.6,9.4
JUL26-04323,Dinner,F08,Chocolate Tart,1,14.0,4.6,9.4
JUL26-04330,Dinner,F08,Chocolate Tart,1,14.0,4.6,9.4
JUL26-04337,Dinner,F08,Chocolate Tart,1,14.0,4.6,9.4
JUL26-04344,Dinner,F08,Chocolate Tart,1,14.0,4.6,9.4
JUL26-04351,Dinner,F08,Chocolate Tart,1,14.0,4.6,9.4
JUL26-04358,Dinner,F08,Chocolate Tart,1,14.0,4.6,9.4
JUL26-04365,Dinner,F08,Chocolate Tart,1,14.0,4.6,9.4
JUL26-04372,Dinner,F08,Chocolate Tart,1,14.0,4.6,9.4
JUL26-04379,Dinner,F08,Chocolate Tart,1,14.0,4.6,9.4
JUL26-04386,Dinner,F08,Chocolate Tart,1,14.0,4.6,9.4
JUL26-04393,Dinner,F08,Chocolate Tart,1,14.0,4.6,9.4
JUL26-04400,Dinner,F08,Chocolate Tart,1,14.0,4.6,9.4
JUL26-04407,Dinner,F08,Chocolate Tart,1,14.0,4.6,9.4
JUL26-04414,Dinner,F08,Chocolate Tart,1,14.0,4.6,9.4
JUL26-04421,Dinner,F08,Chocolate Tart,1,14.0,4.6,9.4
JUL26-04428,Dinner,F08,Chocolate Tart,1,14.0,4.6,9.4
JUL26-04435,Dinner,F08,Chocolate Tart,1,14.0,4.6,9.4
JUL26-04442,Dinner,F08,Chocolate Tart,1,14.0,4.6,9.4
JUL26-04449,Dinner,F08,Chocolate Tart,1,14.0,4.6,9.4
JUL26-04456,Dinner,F08,Chocolate Tart,1,14.0,4.6,9.4
JUL26-04463,Dinner,F08,Chocolate Tart,1,14.0,4.6,9.4
JUL26-04470,Dinner,F08,Chocolate Tart,1,14.0,4.6,9.4
JUL26-04477,Dinner,F08,Chocolate Tart,1,14.0,4.6,9.4
JUL26-04484,Dinner,F08,Chocolate Tart,1,14.0,4.6,9.4
JUL26-04491,Dinner,F08,Chocolate Tart,1,14.0,4.6,9.4
JUL26-04498,Dinner,F08,Chocolate Tart,1,14.0,4.6,9.4
JUL26-04505,Dinner,F08,Chocolate Tart,1,14.0,4.6,9.4
JUL26-04512,Dinner,F08,Chocolate Tart,1,14.0,4.6,9.4
JUL26-04519,Dinner,F08,Chocolate Tart,1,14.0,4.6,9.4
JUL26-04526,Dinner,F08,Chocolate Tart,1,14.0,4.6,9.4
JUL26-04533,Dinner,F08,Chocolate Tart,1,14.0,4.6,9.4
JUL26-04540,Dinner,F08,Chocolate Tart,1,14.0,4.6,9.4
JUL26-04547,Dinner,F08,Chocolate Tart,1,14.0,4.6,9.4
JUL26-04554,Dinner,F08,Chocolate Tart,1,14.0,4.6,9.4
JUL26-04561,Dinner,F08,Chocolate Tart,1,14.0,4.6,9.4
JUL26-04568,Dinner,F08,Chocolate Tart,1,14.0,4.6,9.4
JUL26-04575,Delivery / Takeaway,F08,Chocolate Tart,1,14.0,4.6,9.4
JUL26-04582,Delivery / Takeaway,F08,Chocolate Tart,1,14.0,4.6,9.4
JUL26-04589,Delivery / Takeaway,F08,Chocolate Tart,1,14.0,4.6,9.4
JUL26-04596,Delivery / Takeaway,F08,Chocolate Tart,1,14.0,4.6,9.4
JUL26-04603,Delivery / Takeaway,F08,Chocolate Tart,1,14.0,4.6,9.4
JUL26-04610,Delivery / Takeaway,F08,Chocolate Tart,1,14.0,4.6,9.4
JUL26-04617,Delivery / Takeaway,F08,Chocolate Tart,1,14.0,4.6,9.4
JUL26-04624,Delivery / Takeaway,F08,Chocolate Tart,1,14.0,4.6,9.4
JUL26-04631,Delivery / Takeaway,F08,Chocolate Tart,1,14.0,4.6,9.4
JUL26-04638,Delivery / Takeaway,F08,Chocolate Tart,1,14.0,4.6,9.4
JUL26-04645,Delivery / Takeaway,F08,Chocolate Tart,1,14.0,4.6,9.4
JUL26-04652,Delivery / Takeaway,F08,Chocolate Tart,1,14.0,4.6,9.4
JUL26-04659,Delivery / Takeaway,F08,Chocolate Tart,1,14.0,4.6,9.4
JUL26-04666,Delivery / Takeaway,F08,Chocolate Tart,1,14.0,4.6,9.4
JUL26-04673,Delivery / Takeaway,F08,Chocolate Tart,1,14.0,4.6,9.4
JUL26-04680,Delivery / Takeaway,F08,Chocolate Tart,1,14.0,4.6,9.4
JUL26-04687,Delivery / Takeaway,F08,Chocolate Tart,1,14.0,4.6,9.4
JUL26-04694,Delivery / Takeaway,F08,Chocolate Tart,1,14.0,4.6,9.4
JUL26-04701,Delivery / Takeaway,F08,Chocolate Tart,1,14.0,4.6,9.4
JUL26-04708,Delivery / Takeaway,F08,Chocolate Tart,1,14.0,4.6,9.4
JUL26-04715,Delivery / Takeaway,F08,Chocolate Tart,1,14.0,4.6,9.4
JUL26-04722,Delivery / Takeaway,F08,Chocolate Tart,1,14.0,4.6,9.4
JUL26-04729,Delivery / Takeaway,F08,Chocolate Tart,1,14.0,4.6,9.4
JUL26-04736,Delivery / Takeaway,F08,Chocolate Tart,1,14.0,4.6,9.4
JUL26-04743,Delivery / Takeaway,F08,Chocolate Tart,1,14.0,4.6,9.4
JUL26-04750,Delivery / Takeaway,F08,Chocolate Tart,1,14.0,4.6,9.4
JUL26-04757,Delivery / Takeaway,F08,Chocolate Tart,1,14.0,4.6,9.4
JUL26-04764,Delivery / Takeaway,F08,Chocolate Tart,1,14.0,4.6,9.4
JUL26-04771,Delivery / Takeaway,F08,Chocolate Tart,1,14.0,4.6,9.4
JUL26-04778,Delivery / Takeaway,F08,Chocolate Tart,1,14.0,4.6,9.4
JUL26-04785,Delivery / Takeaway,F08,Chocolate Tart,1,14.0,4.6,9.4
JUL26-04792,Delivery / Takeaway,F08,Chocolate Tart,1,14.0,4.6,9.4
JUL26-04799,Delivery / Takeaway,F08,Chocolate Tart,1,14.0,4.6,9.4
JUL26-04806,Delivery / Takeaway,F08,Chocolate Tart,1,14.0,4.6,9.4
JUL26-04813,Delivery / Takeaway,F08,Chocolate Tart,1,14.0,4.6,9.4
JUL26-04820,Delivery / Takeaway,F08,Chocolate Tart,1,14.0,4.6,9.4
JUL26-04827,Delivery / Takeaway,F08,Chocolate Tart,1,14.0,4.6,9.4
JUL26-04834,Delivery / Takeaway,F08,Chocolate Tart,1,14.0,4.6,9.4
JUL26-04841,Delivery / Takeaway,F08,Chocolate Tart,1,14.0,4.6,9.4
JUL26-04848,Delivery / Takeaway,F08,Chocolate Tart,1,14.0,4.6,9.4
JUL26-04855,Delivery / Takeaway,F08,Chocolate Tart,1,14.0,4.6,9.4
JUL26-04862,Delivery / Takeaway,F08,Chocolate Tart,1,14.0,4.6,9.4
JUL26-04869,Delivery / Takeaway,F08,Chocolate Tart,1,14.0,4.6,9.4
JUL26-04876,Delivery / Takeaway,F08,Chocolate Tart,1,14.0,4.6,9.4
JUL26-04883,Delivery / Takeaway,F08,Chocolate Tart,1,14.0,4.6,9.4
JUL26-04890,Delivery / Takeaway,F08,Chocolate Tart,1,14.0,4.6,9.4
JUL26-04897,Delivery / Takeaway,F08,Chocolate Tart,1,14.0,4.6,9.4
JUL26-04904,Delivery / Takeaway,F08,Chocolate Tart,1,14.0,4.6,9.4
JUL26-04911,Delivery / Takeaway,F08,Chocolate Tart,1,14.0,4.6,9.4
JUL26-04918,Delivery / Takeaway,F08,Chocolate Tart,1,14.0,4.6,9.4
JUL26-04925,Delivery / Takeaway,F08,Chocolate Tart,1,14.0,4.6,9.4
JUL26-04932,Delivery / Takeaway,F08,Chocolate Tart,1,14.0,4.6,9.4
JUL26-04939,Delivery / Takeaway,F08,Chocolate Tart,1,14.0,4.6,9.4
JUL26-04946,Delivery / Takeaway,F08,Chocolate Tart,1,14.0,4.6,9.4
JUL26-04953,Delivery / Takeaway,F08,Chocolate Tart,1,14.0,4.6,9.4
JUL26-04960,Delivery / Takeaway,F08,Chocolate Tart,1,14.0,4.6,9.4
JUL26-04967,Delivery / Takeaway,F08,Chocolate Tart,1,14.0,4.6,9.4
JUL26-04974,Delivery / Takeaway,F08,Chocolate Tart,1,14.0,4.6,9.4
JUL26-04981,Delivery / Takeaway,F08,Chocolate Tart,1,14.0,4.6,9.4
JUL26-04988,Delivery / Takeaway,F08,Chocolate Tart,1,14.0,4.6,9.4
JUL26-04995,Delivery / Takeaway,F08,Chocolate Tart,1,14.0,4.6,9.4
JUL26-05002,Delivery / Takeaway,F08,Chocolate Tart,1,14.0,4.6,9.4
JUL26-05009,Delivery / Takeaway,F08,Chocolate Tart,1,14.0,4.6,9.4
JUL26-05016,Delivery / Takeaway,F08,Chocolate Tart,1,14.0,4.6,9.4
JUL26-05023,Delivery / Takeaway,F08,Chocolate Tart,1,14.0,4.6,9.4
JUL26-05030,Delivery / Takeaway,F08,Chocolate Tart,1,14.0,4.6,9.4
JUL26-05037,Delivery / Takeaway,F08,Chocolate Tart,1,14.0,4.6,9.4
JUL26-05044,Delivery / Takeaway,F08,Chocolate Tart,1,14.0,4.6,9.4
JUL26-05051,Delivery / Takeaway,F08,Chocolate Tart,1,14.0,4.6,9.4
JUL26-05058,Delivery / Takeaway,F08,Chocolate Tart,1,14.0,4.6,9.4
JUL26-05065,Delivery / Takeaway,F08,Chocolate Tart,1,14.0,4.6,9.4
JUL26-05072,Delivery / Takeaway,F08,Chocolate Tart,1,14.0,4.6,9.4
JUL26-05079,Delivery / Takeaway,F08,Chocolate Tart,1,14.0,4.6,9.4
JUL26-05086,Delivery / Takeaway,F08,Chocolate Tart,1,14.0,4.6,9.4
JUL26-05093,Delivery / Takeaway,F08,Chocolate Tart,1,14.0,4.6,9.4
JUL26-05100,Delivery / Takeaway,F08,Chocolate Tart,1,14.0,4.6,9.4
JUL26-05107,Delivery / Takeaway,F08,Chocolate Tart,1,14.0,4.6,9.4
JUL26-05114,Delivery / Takeaway,F08,Chocolate Tart,1,14.0,4.6,9.4
JUL26-05121,Delivery / Takeaway,F08,Chocolate Tart,1,14.0,4.6,9.4
JUL26-05128,Delivery / Takeaway,F08,Chocolate Tart,1,14.0,4.6,9.4
JUL26-05135,Delivery / Takeaway,F08,Chocolate Tart,1,14.0,4.6,9.4
JUL26-05142,Delivery / Takeaway,F08,Chocolate Tart,1,14.0,4.6,9.4
JUL26-05149,Delivery / Takeaway,F08,Chocolate Tart,1,14.0,4.6,9.4
JUL26-05156,Delivery / Takeaway,F08,Chocolate Tart,1,14.0,4.6,9.4
JUL26-05163,Delivery / Takeaway,F08,Chocolate Tart,1,14.0,4.6,9.4
JUL26-05170,Delivery / Takeaway,F08,Chocolate Tart,1,14.0,4.6,9.4
JUL26-05177,Delivery / Takeaway,F08,Chocolate Tart,1,14.0,4.6,9.4
JUL26-05184,Delivery / Takeaway,F08,Chocolate Tart,1,14.0,4.6,9.4
JUL26-05191,Delivery / Takeaway,F08,Chocolate Tart,1,14.0,4.6,9.4
JUL26-05198,Delivery / Takeaway,F08,Chocolate Tart,1,14.0,4.6,9.4
JUL26-05205,Delivery / Takeaway,F08,Chocolate Tart,1,14.0,4.6,9.4
JUL26-05212,Delivery / Takeaway,F08,Chocolate Tart,1,14.0,4.6,9.4
JUL26-05219,Delivery / Takeaway,F08,Chocolate Tart,1,14.0,4.6,9.4
JUL26-05226,Delivery / Takeaway,F08,Chocolate Tart,1,14.0,4.6,9.4
JUL26-05233,Delivery / Takeaway,F08,Chocolate Tart,1,14.0,4.6,9.4
JUL26-05240,Delivery / Takeaway,F08,Chocolate Tart,1,14.0,4.6,9.4
JUL26-05247,Delivery / Takeaway,F08,Chocolate Tart,1,14.0,4.6,9.4
JUL26-05254,Delivery / Takeaway,F08,Chocolate Tart,1,14.0,4.6,9.4
JUL26-05261,Delivery / Takeaway,F08,Chocolate Tart,1,14.0,4.6,9.4
JUL26-05268,Delivery / Takeaway,F08,Chocolate Tart,1,14.0,4.6,9.4
JUL26-05275,Delivery / Takeaway,F08,Chocolate Tart,1,14.0,4.6,9.4
JUL26-05282,Delivery / Takeaway,F08,Chocolate Tart,1,14.0,4.6,9.4
JUL26-05289,Delivery / Takeaway,F08,Chocolate Tart,1,14.0,4.6,9.4
JUL26-05296,Delivery / Takeaway,F08,Chocolate Tart,1,14.0,4.6,9.4
JUL26-05303,Delivery / Takeaway,F08,Chocolate Tart,1,14.0,4.6,9.4
JUL26-05310,Delivery / Takeaway,F08,Chocolate Tart,1,14.0,4.6,9.4
JUL26-05317,Delivery / Takeaway,F08,Chocolate Tart,1,14.0,4.6,9.4
JUL26-05324,Private Event,F08,Chocolate Tart,1,14.0,4.6,9.4
JUL26-05331,Private Event,F08,Chocolate Tart,1,14.0,4.6,9.4
JUL26-05338,Private Event,F08,Chocolate Tart,1,14.0,4.6,9.4
JUL26-05345,Private Event,F08,Chocolate Tart,1,14.0,4.6,9.4
JUL26-05352,Private Event,F08,Chocolate Tart,1,14.0,4.6,9.4
JUL26-05359,Private Event,F08,Chocolate Tart,1,14.0,4.6,9.4
JUL26-05366,Private Event,F08,Chocolate Tart,1,14.0,4.6,9.4
JUL26-05373,Private Event,F08,Chocolate Tart,1,14.0,4.6,9.4
JUL26-05380,Private Event,F08,Chocolate Tart,1,14.0,4.6,9.4
JUL26-05387,Private Event,F08,Chocolate Tart,1,14.0,4.6,9.4
JUL26-05394,Private Event,F08,Chocolate Tart,1,14.0,4.6,9.4
JUL26-05401,Private Event,F08,Chocolate Tart,1,14.0,4.6,9.4
JUL26-05408,Private Event,F08,Chocolate Tart,1,14.0,4.6,9.4
JUL26-05415,Private Event,F08,Chocolate Tart,1,14.0,4.6,9.4
JUL26-05422,Private Event,F08,Chocolate Tart,1,14.0,4.6,9.4
JUL26-05429,Private Event,F08,Chocolate Tart,1,14.0,4.6,9.4
JUL26-05436,Private Event,F08,Chocolate Tart,1,14.0,4.6,9.4
JUL26-05443,Private Event,F08,Chocolate Tart,1,14.0,4.6,9.4
JUL26-05450,Private Event,F08,Chocolate Tart,1,14.0,4.6,9.4
JUL26-05457,Private Event,F08,Chocolate Tart,1,14.0,4.6,9.4
JUL26-05464,Private Event,F08,Chocolate Tart,1,14.0,4.6,9.4
JUL26-05471,Private Event,F08,Chocolate Tart,1,14.0,4.6,9.4
JUL26-05478,Private Event,F08,Chocolate Tart,1,14.0,4.6,9.4
JUL26-05485,Private Event,F08,Chocolate Tart,1,14.0,4.6,9.4
JUL26-05492,Private Event,F08,Chocolate Tart,1,14.0,4.6,9.4
JUL26-05499,Private Event,F08,Chocolate Tart,1,14.0,4.6,9.4
JUL26-05506,Private Event,F08,Chocolate Tart,1,14.0,4.6,9.4
JUL26-05513,Private Event,F08,Chocolate Tart,1,14.0,4.6,9.4
JUL26-05520,Private Event,F08,Chocolate Tart,1,14.0,4.6,9.4
JUL26-05527,Private Event,F08,Chocolate Tart,1,14.0,4.6,9.4
JUL26-05534,Private Event,F08,Chocolate Tart,1,14.0,4.6,9.4
JUL26-05541,Private Event,F08,Chocolate Tart,1,14.0,4.6,9.4
JUL26-05548,Private Event,F08,Chocolate Tart,1,14.0,4.6,9.4
JUL26-05555,Private Event,F08,Chocolate Tart,1,14.0,4.6,9.4
JUL26-05562,Corporate / Group,F08,Chocolate Tart,1,14.0,4.6,9.4
JUL26-05569,Corporate / Group,F08,Chocolate Tart,1,14.0,4.6,9.4
JUL26-05576,Corporate / Group,F08,Chocolate Tart,1,14.0,4.6,9.4
JUL26-05583,Corporate / Group,F08,Chocolate Tart,1,14.0,4.6,9.4
JUL26-05590,Corporate / Group,F08,Chocolate Tart,1,14.0,4.6,9.4
JUL26-05597,Corporate / Group,F08,Chocolate Tart,1,14.0,4.6,9.4
JUL26-05604,Corporate / Group,F08,Chocolate Tart,1,14.0,4.6,9.4
JUL26-05611,Corporate / Group,F08,Chocolate Tart,1,14.0,4.6,9.4
JUL26-05618,Corporate / Group,F08,Chocolate Tart,1,14.0,4.6,9.4
JUL26-05625,Corporate / Group,F08,Chocolate Tart,1,14.0,4.6,9.4
JUL26-05632,Corporate / Group,F08,Chocolate Tart,1,14.0,4.6,9.4
JUL26-05639,Corporate / Group,F08,Chocolate Tart,1,14.0,4.6,9.4
JUL26-05646,Corporate / Group,F08,Chocolate Tart,1,14.0,4.6,9.4
JUL26-00003,Brunch,F08,Chocolate Tart,1,14.0,4.6,9.4
JUL26-00010,Brunch,F08,Chocolate Tart,1,14.0,4.6,9.4
JUL26-00017,Brunch,F08,Chocolate Tart,1,14.0,4.6,9.4
JUL26-00024,Brunch,F08,Chocolate Tart,1,14.0,4.6,9.4
JUL26-00031,Brunch,F08,Chocolate Tart,1,14.0,4.6,9.4
JUL26-00038,Brunch,F08,Chocolate Tart,1,14.0,4.6,9.4
JUL26-00045,Brunch,F08,Chocolate Tart,1,14.0,4.6,9.4
JUL26-00052,Brunch,F08,Chocolate Tart,1,14.0,4.6,9.4
JUL26-00059,Brunch,F08,Chocolate Tart,1,14.0,4.6,9.4
JUL26-00066,Brunch,F08,Chocolate Tart,1,14.0,4.6,9.4
JUL26-00258,Brunch,B01,House Beer,1,8.0,1.8,6.2
JUL26-00265,Brunch,B01,House Beer,1,8.0,1.8,6.2
JUL26-00272,Brunch,B01,House Beer,1,8.0,1.8,6.2
JUL26-00279,Brunch,B01,House Beer,1,8.0,1.8,6.2
JUL26-00286,Brunch,B01,House Beer,1,8.0,1.8,6.2
JUL26-00293,Brunch,B01,House Beer,1,8.0,1.8,6.2
JUL26-00300,Brunch,B01,House Beer,1,8.0,1.8,6.2
JUL26-00307,Brunch,B01,House Beer,1,8.0,1.8,6.2
JUL26-00314,Brunch,B01,House Beer,1,8.0,1.8,6.2
JUL26-00321,Brunch,B01,House Beer,1,8.0,1.8,6.2
JUL26-00328,Brunch,B01,House Beer,1,8.0,1.8,6.2
JUL26-00335,Brunch,B01,House Beer,1,8.0,1.8,6.2
JUL26-00342,Brunch,B01,House Beer,1,8.0,1.8,6.2
JUL26-00349,Brunch,B01,House Beer,1,8.0,1.8,6.2
JUL26-00356,Brunch,B01,House Beer,1,8.0,1.8,6.2
JUL26-00363,Brunch,B01,House Beer,1,8.0,1.8,6.2
JUL26-00370,Brunch,B01,House Beer,1,8.0,1.8,6.2
JUL26-00377,Brunch,B01,House Beer,1,8.0,1.8,6.2
JUL26-00384,Brunch,B01,House Beer,1,8.0,1.8,6.2
JUL26-00391,Brunch,B01,House Beer,1,8.0,1.8,6.2
JUL26-00398,Brunch,B01,House Beer,1,8.0,1.8,6.2
JUL26-00405,Brunch,B01,House Beer,1,8.0,1.8,6.2
JUL26-00412,Brunch,B01,House Beer,1,8.0,1.8,6.2
JUL26-00419,Brunch,B01,House Beer,1,8.0,1.8,6.2
JUL26-00426,Brunch,B01,House Beer,1,8.0,1.8,6.2
JUL26-00433,Brunch,B01,House Beer,1,8.0,1.8,6.2
JUL26-00440,Brunch,B01,House Beer,1,8.0,1.8,6.2
JUL26-00447,Brunch,B01,House Beer,1,8.0,1.8,6.2
JUL26-00454,Brunch,B01,House Beer,1,8.0,1.8,6.2
JUL26-00461,Brunch,B01,House Beer,1,8.0,1.8,6.2
JUL26-00468,Brunch,B01,House Beer,1,8.0,1.8,6.2
JUL26-00475,Brunch,B01,House Beer,1,8.0,1.8,6.2
JUL26-00482,Brunch,B01,House Beer,1,8.0,1.8,6.2
JUL26-00489,Brunch,B01,House Beer,1,8.0,1.8,6.2
JUL26-00496,Brunch,B01,House Beer,1,8.0,1.8,6.2
JUL26-00503,Brunch,B01,House Beer,1,8.0,1.8,6.2
JUL26-00510,Brunch,B01,House Beer,1,8.0,1.8,6.2
JUL26-00517,Brunch,B01,House Beer,1,8.0,1.8,6.2
JUL26-00524,Brunch,B01,House Beer,1,8.0,1.8,6.2
JUL26-00531,Brunch,B01,House Beer,1,8.0,1.8,6.2
JUL26-00538,Brunch,B01,House Beer,1,8.0,1.8,6.2
JUL26-00545,Brunch,B01,House Beer,1,8.0,1.8,6.2
JUL26-00552,Brunch,B01,House Beer,1,8.0,1.8,6.2
JUL26-00559,Brunch,B01,House Beer,1,8.0,1.8,6.2
JUL26-00566,Brunch,B01,House Beer,1,8.0,1.8,6.2
JUL26-00573,Brunch,B01,House Beer,1,8.0,1.8,6.2
JUL26-00580,Brunch,B01,House Beer,1,8.0,1.8,6.2
JUL26-00587,Brunch,B01,House Beer,1,8.0,1.8,6.2
JUL26-00594,Brunch,B01,House Beer,1,8.0,1.8,6.2
JUL26-00601,Brunch,B01,House Beer,1,8.0,1.8,6.2
JUL26-00608,Brunch,B01,House Beer,1,8.0,1.8,6.2
JUL26-00615,Brunch,B01,House Beer,1,8.0,1.8,6.2
JUL26-00622,Brunch,B01,House Beer,1,8.0,1.8,6.2
JUL26-00629,Brunch,B01,House Beer,1,8.0,1.8,6.2
JUL26-00636,Brunch,B01,House Beer,1,8.0,1.8,6.2
JUL26-00643,Brunch,B01,House Beer,1,8.0,1.8,6.2
JUL26-00650,Brunch,B01,House Beer,1,8.0,1.8,6.2
JUL26-00657,Brunch,B01,House Beer,1,8.0,1.8,6.2
JUL26-00664,Brunch,B01,House Beer,1,8.0,1.8,6.2
JUL26-00671,Brunch,B01,House Beer,1,8.0,1.8,6.2
JUL26-00678,Brunch,B01,House Beer,1,8.0,1.8,6.2
JUL26-00685,Brunch,B01,House Beer,1,8.0,1.8,6.2
JUL26-00692,Brunch,B01,House Beer,1,8.0,1.8,6.2
JUL26-00699,Brunch,B01,House Beer,1,8.0,1.8,6.2
JUL26-00706,Lunch,B01,House Beer,1,8.0,1.8,6.2
JUL26-00713,Lunch,B01,House Beer,1,8.0,1.8,6.2
JUL26-00720,Lunch,B01,House Beer,1,8.0,1.8,6.2
JUL26-00727,Lunch,B01,House Beer,1,8.0,1.8,6.2
JUL26-00734,Lunch,B01,House Beer,1,8.0,1.8,6.2
JUL26-00741,Lunch,B01,House Beer,1,8.0,1.8,6.2
JUL26-00748,Lunch,B01,House Beer,1,8.0,1.8,6.2
JUL26-00755,Lunch,B01,House Beer,1,8.0,1.8,6.2
JUL26-00762,Lunch,B01,House Beer,1,8.0,1.8,6.2
JUL26-00769,Lunch,B01,House Beer,1,8.0,1.8,6.2
JUL26-00776,Lunch,B01,House Beer,1,8.0,1.8,6.2
JUL26-00783,Lunch,B01,House Beer,1,8.0,1.8,6.2
JUL26-00790,Lunch,B01,House Beer,1,8.0,1.8,6.2
JUL26-00797,Lunch,B01,House Beer,1,8.0,1.8,6.2
JUL26-00804,Lunch,B01,House Beer,1,8.0,1.8,6.2
JUL26-00811,Lunch,B01,House Beer,1,8.0,1.8,6.2
JUL26-00818,Lunch,B01,House Beer,1,8.0,1.8,6.2
JUL26-00825,Lunch,B01,House Beer,1,8.0,1.8,6.2
JUL26-00832,Lunch,B01,House Beer,1,8.0,1.8,6.2
JUL26-00839,Lunch,B01,House Beer,1,8.0,1.8,6.2
JUL26-00846,Lunch,B01,House Beer,1,8.0,1.8,6.2
JUL26-00853,Lunch,B01,House Beer,1,8.0,1.8,6.2
JUL26-00860,Lunch,B01,House Beer,1,8.0,1.8,6.2
JUL26-00867,Lunch,B01,House Beer,1,8.0,1.8,6.2
JUL26-00874,Lunch,B01,House Beer,1,8.0,1.8,6.2
JUL26-00881,Lunch,B01,House Beer,1,8.0,1.8,6.2
JUL26-00888,Lunch,B01,House Beer,1,8.0,1.8,6.2
JUL26-00895,Lunch,B01,House Beer,1,8.0,1.8,6.2
JUL26-00902,Lunch,B01,House Beer,1,8.0,1.8,6.2
JUL26-00909,Lunch,B01,House Beer,1,8.0,1.8,6.2
JUL26-00916,Lunch,B01,House Beer,1,8.0,1.8,6.2
JUL26-00923,Lunch,B01,House Beer,1,8.0,1.8,6.2
JUL26-00930,Lunch,B01,House Beer,1,8.0,1.8,6.2
JUL26-00937,Lunch,B01,House Beer,1,8.0,1.8,6.2
JUL26-00944,Lunch,B01,House Beer,1,8.0,1.8,6.2
JUL26-00951,Lunch,B01,House Beer,1,8.0,1.8,6.2
JUL26-00958,Lunch,B01,House Beer,1,8.0,1.8,6.2
JUL26-00965,Lunch,B01,House Beer,1,8.0,1.8,6.2
JUL26-00972,Lunch,B01,House Beer,1,8.0,1.8,6.2
JUL26-00979,Lunch,B01,House Beer,1,8.0,1.8,6.2
JUL26-00986,Lunch,B01,House Beer,1,8.0,1.8,6.2
JUL26-00993,Lunch,B01,House Beer,1,8.0,1.8,6.2
JUL26-01000,Lunch,B01,House Beer,1,8.0,1.8,6.2
JUL26-01007,Lunch,B01,House Beer,1,8.0,1.8,6.2
JUL26-01014,Lunch,B01,House Beer,1,8.0,1.8,6.2
JUL26-01021,Lunch,B01,House Beer,1,8.0,1.8,6.2
JUL26-01028,Lunch,B01,House Beer,1,8.0,1.8,6.2
JUL26-01035,Lunch,B01,House Beer,1,8.0,1.8,6.2
JUL26-01042,Lunch,B01,House Beer,1,8.0,1.8,6.2
JUL26-01049,Lunch,B01,House Beer,1,8.0,1.8,6.2
JUL26-01056,Lunch,B01,House Beer,1,8.0,1.8,6.2
JUL26-01063,Lunch,B01,House Beer,1,8.0,1.8,6.2
JUL26-01070,Lunch,B01,House Beer,1,8.0,1.8,6.2
JUL26-01077,Lunch,B01,House Beer,1,8.0,1.8,6.2
JUL26-01084,Lunch,B01,House Beer,1,8.0,1.8,6.2
JUL26-01091,Lunch,B01,House Beer,1,8.0,1.8,6.2
JUL26-01098,Lunch,B01,House Beer,1,8.0,1.8,6.2
JUL26-01105,Lunch,B01,House Beer,1,8.0,1.8,6.2
JUL26-01112,Lunch,B01,House Beer,1,8.0,1.8,6.2
JUL26-01119,Lunch,B01,House Beer,1,8.0,1.8,6.2
JUL26-01126,Lunch,B01,House Beer,1,8.0,1.8,6.2
JUL26-01133,Lunch,B01,House Beer,1,8.0,1.8,6.2
JUL26-01140,Lunch,B01,House Beer,1,8.0,1.8,6.2
JUL26-01147,Lunch,B01,House Beer,1,8.0,1.8,6.2
JUL26-01154,Lunch,B01,House Beer,1,8.0,1.8,6.2
JUL26-01161,Lunch,B01,House Beer,1,8.0,1.8,6.2
JUL26-01168,Lunch,B01,House Beer,1,8.0,1.8,6.2
JUL26-01175,Lunch,B01,House Beer,1,8.0,1.8,6.2
JUL26-01182,Lunch,B01,House Beer,1,8.0,1.8,6.2
JUL26-01189,Lunch,B01,House Beer,1,8.0,1.8,6.2
JUL26-01196,Lunch,B01,House Beer,1,8.0,1.8,6.2
JUL26-01203,Lunch,B01,House Beer,1,8.0,1.8,6.2
JUL26-01210,Lunch,B01,House Beer,1,8.0,1.8,6.2
JUL26-01217,Lunch,B01,House Beer,1,8.0,1.8,6.2
JUL26-01224,Lunch,B01,House Beer,1,8.0,1.8,6.2
JUL26-01231,Lunch,B01,House Beer,1,8.0,1.8,6.2
JUL26-01238,Lunch,B01,House Beer,1,8.0,1.8,6.2
JUL26-01245,Lunch,B01,House Beer,1,8.0,1.8,6.2
JUL26-01252,Lunch,B01,House Beer,1,8.0,1.8,6.2
JUL26-01259,Lunch,B01,House Beer,1,8.0,1.8,6.2
JUL26-01266,Lunch,B01,House Beer,1,8.0,1.8,6.2
JUL26-01273,Lunch,B01,House Beer,1,8.0,1.8,6.2
JUL26-01280,Lunch,B01,House Beer,1,8.0,1.8,6.2
JUL26-01287,Lunch,B01,House Beer,1,8.0,1.8,6.2
JUL26-01294,Lunch,B01,House Beer,1,8.0,1.8,6.2
JUL26-01301,Lunch,B01,House Beer,1,8.0,1.8,6.2
JUL26-01308,Lunch,B01,House Beer,1,8.0,1.8,6.2
JUL26-01315,Lunch,B01,House Beer,1,8.0,1.8,6.2
JUL26-01322,Lunch,B01,House Beer,1,8.0,1.8,6.2
JUL26-01329,Lunch,B01,House Beer,1,8.0,1.8,6.2
JUL26-01336,Lunch,B01,House Beer,1,8.0,1.8,6.2
JUL26-01343,Lunch,B01,House Beer,1,8.0,1.8,6.2
JUL26-01350,Lunch,B01,House Beer,1,8.0,1.8,6.2
JUL26-01357,Lunch,B01,House Beer,1,8.0,1.8,6.2
JUL26-01364,Lunch,B01,House Beer,1,8.0,1.8,6.2
JUL26-01371,Lunch,B01,House Beer,1,8.0,1.8,6.2
JUL26-01378,Lunch,B01,House Beer,1,8.0,1.8,6.2
JUL26-01385,Lunch,B01,House Beer,1,8.0,1.8,6.2
JUL26-01392,Lunch,B01,House Beer,1,8.0,1.8,6.2
JUL26-01399,Lunch,B01,House Beer,1,8.0,1.8,6.2
JUL26-01406,Lunch,B01,House Beer,1,8.0,1.8,6.2
JUL26-01413,Lunch,B01,House Beer,1,8.0,1.8,6.2
JUL26-01420,Lunch,B01,House Beer,1,8.0,1.8,6.2
JUL26-01427,Lunch,B01,House Beer,1,8.0,1.8,6.2
JUL26-01434,Lunch,B01,House Beer,1,8.0,1.8,6.2
JUL26-01441,Lunch,B01,House Beer,1,8.0,1.8,6.2
JUL26-01448,Lunch,B01,House Beer,1,8.0,1.8,6.2
JUL26-01455,Lunch,B01,House Beer,1,8.0,1.8,6.2
JUL26-01462,Lunch,B01,House Beer,1,8.0,1.8,6.2
JUL26-01469,Lunch,B01,House Beer,1,8.0,1.8,6.2
JUL26-01476,Lunch,B01,House Beer,1,8.0,1.8,6.2
JUL26-01483,Lunch,B01,House Beer,1,8.0,1.8,6.2
JUL26-01490,Lunch,B01,House Beer,1,8.0,1.8,6.2
JUL26-01497,Lunch,B01,House Beer,1,8.0,1.8,6.2
JUL26-01504,Lunch,B01,House Beer,1,8.0,1.8,6.2
JUL26-01511,Lunch,B01,House Beer,1,8.0,1.8,6.2
JUL26-01518,Lunch,B01,House Beer,1,8.0,1.8,6.2
JUL26-01525,Lunch,B01,House Beer,1,8.0,1.8,6.2
JUL26-01532,Lunch,B01,House Beer,1,8.0,1.8,6.2
JUL26-01539,Lunch,B01,House Beer,1,8.0,1.8,6.2
JUL26-01546,Lunch,B01,House Beer,1,8.0,1.8,6.2
JUL26-01553,Lunch,B01,House Beer,1,8.0,1.8,6.2
JUL26-01560,Lunch,B01,House Beer,1,8.0,1.8,6.2
JUL26-01567,Lunch,B01,House Beer,1,8.0,1.8,6.2
JUL26-01574,Lunch,B01,House Beer,1,8.0,1.8,6.2
JUL26-01581,Lunch,B01,House Beer,1,8.0,1.8,6.2
JUL26-01588,Lunch,B01,House Beer,1,8.0,1.8,6.2
JUL26-01595,Lunch,B01,House Beer,1,8.0,1.8,6.2
JUL26-01602,Lunch,B01,House Beer,1,8.0,1.8,6.2
JUL26-01609,Lunch,B01,House Beer,1,8.0,1.8,6.2
JUL26-01616,Lunch,B01,House Beer,1,8.0,1.8,6.2
JUL26-01623,Lunch,B01,House Beer,1,8.0,1.8,6.2
JUL26-01630,Lunch,B01,House Beer,1,8.0,1.8,6.2
JUL26-01637,Lunch,B01,House Beer,1,8.0,1.8,6.2
JUL26-01644,Lunch,B01,House Beer,1,8.0,1.8,6.2
JUL26-01651,Lunch,B01,House Beer,1,8.0,1.8,6.2
JUL26-01658,Lunch,B01,House Beer,1,8.0,1.8,6.2
JUL26-01665,Lunch,B01,House Beer,1,8.0,1.8,6.2
JUL26-01672,Lunch,B01,House Beer,1,8.0,1.8,6.2
JUL26-01679,Lunch,B01,House Beer,1,8.0,1.8,6.2
JUL26-01686,Lunch,B01,House Beer,1,8.0,1.8,6.2
JUL26-01693,Lunch,B01,House Beer,1,8.0,1.8,6.2
JUL26-01700,Lunch,B01,House Beer,1,8.0,1.8,6.2
JUL26-01707,Lunch,B01,House Beer,1,8.0,1.8,6.2
JUL26-01714,Lunch,B01,House Beer,1,8.0,1.8,6.2
JUL26-01721,Lunch,B01,House Beer,1,8.0,1.8,6.2
JUL26-01728,Lunch,B01,House Beer,1,8.0,1.8,6.2
JUL26-01735,Lunch,B01,House Beer,1,8.0,1.8,6.2
JUL26-01742,Lunch,B01,House Beer,1,8.0,1.8,6.2
JUL26-01749,Lunch,B01,House Beer,1,8.0,1.8,6.2
JUL26-01756,Lunch,B01,House Beer,1,8.0,1.8,6.2
JUL26-01763,Lunch,B01,House Beer,1,8.0,1.8,6.2
JUL26-01770,Lunch,B01,House Beer,1,8.0,1.8,6.2
JUL26-01777,Lunch,B01,House Beer,1,8.0,1.8,6.2
JUL26-01784,Lunch,B01,House Beer,1,8.0,1.8,6.2
JUL26-01791,Lunch,B01,House Beer,1,8.0,1.8,6.2
JUL26-01798,Lunch,B01,House Beer,1,8.0,1.8,6.2
JUL26-01805,Lunch,B01,House Beer,1,8.0,1.8,6.2
JUL26-01812,Lunch,B01,House Beer,1,8.0,1.8,6.2
JUL26-01819,Lunch,B01,House Beer,1,8.0,1.8,6.2
JUL26-01826,Lunch,B01,House Beer,1,8.0,1.8,6.2
JUL26-01833,Lunch,B01,House Beer,1,8.0,1.8,6.2
JUL26-01840,Lunch,B01,House Beer,1,8.0,1.8,6.2
JUL26-01847,Lunch,B01,House Beer,1,8.0,1.8,6.2
JUL26-01854,Lunch,B01,House Beer,1,8.0,1.8,6.2
JUL26-01861,Lunch,B01,House Beer,1,8.0,1.8,6.2
JUL26-01868,Lunch,B01,House Beer,1,8.0,1.8,6.2
JUL26-01875,Lunch,B01,House Beer,1,8.0,1.8,6.2
JUL26-01882,Lunch,B01,House Beer,1,8.0,1.8,6.2
JUL26-01889,Lunch,B01,House Beer,1,8.0,1.8,6.2
JUL26-01896,Lunch,B01,House Beer,1,8.0,1.8,6.2
JUL26-01903,Lunch,B01,House Beer,1,8.0,1.8,6.2
JUL26-01910,Lunch,B01,House Beer,1,8.0,1.8,6.2
JUL26-01917,Lunch,B01,House Beer,1,8.0,1.8,6.2
JUL26-01924,Lunch,B01,House Beer,1,8.0,1.8,6.2
JUL26-01931,Lunch,B01,House Beer,1,8.0,1.8,6.2
JUL26-01938,Lunch,B01,House Beer,1,8.0,1.8,6.2
JUL26-01945,Lunch,B01,House Beer,1,8.0,1.8,6.2
JUL26-01952,Lunch,B01,House Beer,1,8.0,1.8,6.2
JUL26-01959,Lunch,B01,House Beer,1,8.0,1.8,6.2
JUL26-01966,Lunch,B01,House Beer,1,8.0,1.8,6.2
JUL26-01973,Lunch,B01,House Beer,1,8.0,1.8,6.2
JUL26-01980,Lunch,B01,House Beer,1,8.0,1.8,6.2
JUL26-01987,Lunch,B01,House Beer,1,8.0,1.8,6.2
JUL26-01994,Lunch,B01,House Beer,1,8.0,1.8,6.2
JUL26-02001,Lunch,B01,House Beer,1,8.0,1.8,6.2
JUL26-02008,Lunch,B01,House Beer,1,8.0,1.8,6.2
JUL26-02015,Lunch,B01,House Beer,1,8.0,1.8,6.2
JUL26-02022,Lunch,B01,House Beer,1,8.0,1.8,6.2
JUL26-02029,Lunch,B01,House Beer,1,8.0,1.8,6.2
JUL26-02036,Lunch,B01,House Beer,1,8.0,1.8,6.2
JUL26-02043,Lunch,B01,House Beer,1,8.0,1.8,6.2
JUL26-02050,Lunch,B01,House Beer,1,8.0,1.8,6.2
JUL26-02057,Lunch,B01,House Beer,1,8.0,1.8,6.2
JUL26-02064,Lunch,B01,House Beer,1,8.0,1.8,6.2
JUL26-02071,Lunch,B01,House Beer,1,8.0,1.8,6.2
JUL26-02078,Lunch,B01,House Beer,1,8.0,1.8,6.2
JUL26-02085,Lunch,B01,House Beer,1,8.0,1.8,6.2
JUL26-02092,Lunch,B01,House Beer,1,8.0,1.8,6.2
JUL26-02099,Lunch,B01,House Beer,1,8.0,1.8,6.2
JUL26-02106,Lunch,B01,House Beer,1,8.0,1.8,6.2
JUL26-02113,Lunch,B01,House Beer,1,8.0,1.8,6.2
JUL26-02120,Lunch,B01,House Beer,1,8.0,1.8,6.2
JUL26-02127,Lunch,B01,House Beer,1,8.0,1.8,6.2
JUL26-02134,Lunch,B01,House Beer,1,8.0,1.8,6.2
JUL26-02141,Lunch,B01,House Beer,1,8.0,1.8,6.2
JUL26-02148,Lunch,B01,House Beer,1,8.0,1.8,6.2
JUL26-02155,Lunch,B01,House Beer,1,8.0,1.8,6.2
JUL26-02162,Lunch,B01,House Beer,1,8.0,1.8,6.2
JUL26-02169,Lunch,B01,House Beer,1,8.0,1.8,6.2
JUL26-02176,Lunch,B01,House Beer,1,8.0,1.8,6.2
JUL26-02183,Dinner,B01,House Beer,1,8.0,1.8,6.2
JUL26-02190,Dinner,B01,House Beer,1,8.0,1.8,6.2
JUL26-02197,Dinner,B01,House Beer,1,8.0,1.8,6.2
JUL26-02204,Dinner,B01,House Beer,1,8.0,1.8,6.2
JUL26-02211,Dinner,B01,House Beer,1,8.0,1.8,6.2
JUL26-02218,Dinner,B01,House Beer,1,8.0,1.8,6.2
JUL26-02225,Dinner,B01,House Beer,1,8.0,1.8,6.2
JUL26-02232,Dinner,B01,House Beer,1,8.0,1.8,6.2
JUL26-02239,Dinner,B01,House Beer,1,8.0,1.8,6.2
JUL26-02246,Dinner,B01,House Beer,1,8.0,1.8,6.2
JUL26-02253,Dinner,B01,House Beer,1,8.0,1.8,6.2
JUL26-02260,Dinner,B01,House Beer,1,8.0,1.8,6.2
JUL26-02267,Dinner,B01,House Beer,1,8.0,1.8,6.2
JUL26-02274,Dinner,B01,House Beer,1,8.0,1.8,6.2
JUL26-02281,Dinner,B01,House Beer,1,8.0,1.8,6.2
JUL26-02288,Dinner,B01,House Beer,1,8.0,1.8,6.2
JUL26-02295,Dinner,B01,House Beer,1,8.0,1.8,6.2
JUL26-02302,Dinner,B01,House Beer,1,8.0,1.8,6.2
JUL26-02309,Dinner,B01,House Beer,1,8.0,1.8,6.2
JUL26-02316,Dinner,B01,House Beer,1,8.0,1.8,6.2
JUL26-02323,Dinner,B01,House Beer,1,8.0,1.8,6.2
JUL26-02330,Dinner,B01,House Beer,1,8.0,1.8,6.2
JUL26-02337,Dinner,B01,House Beer,1,8.0,1.8,6.2
JUL26-02344,Dinner,B01,House Beer,1,8.0,1.8,6.2
JUL26-02351,Dinner,B01,House Beer,1,8.0,1.8,6.2
JUL26-02358,Dinner,B01,House Beer,1,8.0,1.8,6.2
JUL26-02365,Dinner,B01,House Beer,1,8.0,1.8,6.2
JUL26-02372,Dinner,B01,House Beer,1,8.0,1.8,6.2
JUL26-02379,Dinner,B01,House Beer,1,8.0,1.8,6.2
JUL26-02386,Dinner,B01,House Beer,1,8.0,1.8,6.2
JUL26-02393,Dinner,B01,House Beer,1,8.0,1.8,6.2
JUL26-02400,Dinner,B01,House Beer,1,8.0,1.8,6.2
JUL26-02407,Dinner,B01,House Beer,1,8.0,1.8,6.2
JUL26-02414,Dinner,B01,House Beer,1,8.0,1.8,6.2
JUL26-02421,Dinner,B01,House Beer,1,8.0,1.8,6.2
JUL26-02428,Dinner,B01,House Beer,1,8.0,1.8,6.2
JUL26-02435,Dinner,B01,House Beer,1,8.0,1.8,6.2
JUL26-02442,Dinner,B01,House Beer,1,8.0,1.8,6.2
JUL26-02449,Dinner,B01,House Beer,1,8.0,1.8,6.2
JUL26-02456,Dinner,B01,House Beer,1,8.0,1.8,6.2
JUL26-02463,Dinner,B01,House Beer,1,8.0,1.8,6.2
JUL26-02470,Dinner,B01,House Beer,1,8.0,1.8,6.2
JUL26-02477,Dinner,B01,House Beer,1,8.0,1.8,6.2
JUL26-02484,Dinner,B01,House Beer,1,8.0,1.8,6.2
JUL26-02491,Dinner,B01,House Beer,1,8.0,1.8,6.2
JUL26-02498,Dinner,B01,House Beer,1,8.0,1.8,6.2
JUL26-02505,Dinner,B01,House Beer,1,8.0,1.8,6.2
JUL26-02512,Dinner,B01,House Beer,1,8.0,1.8,6.2
JUL26-02519,Dinner,B01,House Beer,1,8.0,1.8,6.2
JUL26-02526,Dinner,B01,House Beer,1,8.0,1.8,6.2
JUL26-02533,Dinner,B01,House Beer,1,8.0,1.8,6.2
JUL26-02540,Dinner,B01,House Beer,1,8.0,1.8,6.2
JUL26-02547,Dinner,B01,House Beer,1,8.0,1.8,6.2
JUL26-02554,Dinner,B01,House Beer,1,8.0,1.8,6.2
JUL26-02561,Dinner,B01,House Beer,1,8.0,1.8,6.2
JUL26-02568,Dinner,B01,House Beer,1,8.0,1.8,6.2
JUL26-02575,Dinner,B01,House Beer,1,8.0,1.8,6.2
JUL26-02582,Dinner,B01,House Beer,1,8.0,1.8,6.2
JUL26-02589,Dinner,B01,House Beer,1,8.0,1.8,6.2
JUL26-02596,Dinner,B01,House Beer,1,8.0,1.8,6.2
JUL26-02603,Dinner,B01,House Beer,1,8.0,1.8,6.2
JUL26-02610,Dinner,B01,House Beer,1,8.0,1.8,6.2
JUL26-02617,Dinner,B01,House Beer,1,8.0,1.8,6.2
JUL26-02624,Dinner,B01,House Beer,1,8.0,1.8,6.2
JUL26-02631,Dinner,B01,House Beer,1,8.0,1.8,6.2
JUL26-02638,Dinner,B01,House Beer,1,8.0,1.8,6.2
JUL26-02645,Dinner,B01,House Beer,1,8.0,1.8,6.2
JUL26-02652,Dinner,B01,House Beer,1,8.0,1.8,6.2
JUL26-02659,Dinner,B01,House Beer,1,8.0,1.8,6.2
JUL26-02666,Dinner,B01,House Beer,1,8.0,1.8,6.2
JUL26-02673,Dinner,B01,House Beer,1,8.0,1.8,6.2
JUL26-02680,Dinner,B01,House Beer,1,8.0,1.8,6.2
JUL26-02687,Dinner,B01,House Beer,1,8.0,1.8,6.2
JUL26-02694,Dinner,B01,House Beer,1,8.0,1.8,6.2
JUL26-02701,Dinner,B01,House Beer,1,8.0,1.8,6.2
JUL26-02708,Dinner,B01,House Beer,1,8.0,1.8,6.2
JUL26-02715,Dinner,B01,House Beer,1,8.0,1.8,6.2
JUL26-02722,Dinner,B01,House Beer,1,8.0,1.8,6.2
JUL26-02729,Dinner,B01,House Beer,1,8.0,1.8,6.2
JUL26-02736,Dinner,B01,House Beer,1,8.0,1.8,6.2
JUL26-02743,Dinner,B01,House Beer,1,8.0,1.8,6.2
JUL26-02750,Dinner,B01,House Beer,1,8.0,1.8,6.2
JUL26-02757,Dinner,B01,House Beer,1,8.0,1.8,6.2
JUL26-02764,Dinner,B01,House Beer,1,8.0,1.8,6.2
JUL26-02771,Dinner,B01,House Beer,1,8.0,1.8,6.2
JUL26-02778,Dinner,B01,House Beer,1,8.0,1.8,6.2
JUL26-02785,Dinner,B01,House Beer,1,8.0,1.8,6.2
JUL26-02792,Dinner,B01,House Beer,1,8.0,1.8,6.2
JUL26-02799,Dinner,B01,House Beer,1,8.0,1.8,6.2
JUL26-02806,Dinner,B01,House Beer,1,8.0,1.8,6.2
JUL26-02813,Dinner,B01,House Beer,1,8.0,1.8,6.2
JUL26-02820,Dinner,B01,House Beer,1,8.0,1.8,6.2
JUL26-02827,Dinner,B01,House Beer,1,8.0,1.8,6.2
JUL26-02834,Dinner,B01,House Beer,1,8.0,1.8,6.2
JUL26-02841,Dinner,B01,House Beer,1,8.0,1.8,6.2
JUL26-02848,Dinner,B01,House Beer,1,8.0,1.8,6.2
JUL26-02855,Dinner,B01,House Beer,1,8.0,1.8,6.2
JUL26-02862,Dinner,B01,House Beer,1,8.0,1.8,6.2
JUL26-02869,Dinner,B01,House Beer,1,8.0,1.8,6.2
JUL26-02876,Dinner,B01,House Beer,1,8.0,1.8,6.2
JUL26-02883,Dinner,B01,House Beer,1,8.0,1.8,6.2
JUL26-02890,Dinner,B01,House Beer,1,8.0,1.8,6.2
JUL26-02897,Dinner,B01,House Beer,1,8.0,1.8,6.2
JUL26-02904,Dinner,B01,House Beer,1,8.0,1.8,6.2
JUL26-02911,Dinner,B01,House Beer,1,8.0,1.8,6.2
JUL26-02918,Dinner,B01,House Beer,1,8.0,1.8,6.2
JUL26-02925,Dinner,B01,House Beer,1,8.0,1.8,6.2
JUL26-02932,Dinner,B01,House Beer,1,8.0,1.8,6.2
JUL26-02939,Dinner,B01,House Beer,1,8.0,1.8,6.2
JUL26-02946,Dinner,B01,House Beer,1,8.0,1.8,6.2
JUL26-02953,Dinner,B01,House Beer,1,8.0,1.8,6.2
JUL26-02960,Dinner,B01,House Beer,1,8.0,1.8,6.2
JUL26-02967,Dinner,B01,House Beer,1,8.0,1.8,6.2
JUL26-02974,Dinner,B01,House Beer,1,8.0,1.8,6.2
JUL26-02981,Dinner,B01,House Beer,1,8.0,1.8,6.2
JUL26-02988,Dinner,B01,House Beer,1,8.0,1.8,6.2
JUL26-02995,Dinner,B01,House Beer,1,8.0,1.8,6.2
JUL26-03002,Dinner,B01,House Beer,1,8.0,1.8,6.2
JUL26-03009,Dinner,B01,House Beer,1,8.0,1.8,6.2
JUL26-03016,Dinner,B01,House Beer,1,8.0,1.8,6.2
JUL26-03023,Dinner,B01,House Beer,1,8.0,1.8,6.2
JUL26-03030,Dinner,B01,House Beer,1,8.0,1.8,6.2
JUL26-03037,Dinner,B01,House Beer,1,8.0,1.8,6.2
JUL26-03044,Dinner,B01,House Beer,1,8.0,1.8,6.2
JUL26-03051,Dinner,B01,House Beer,1,8.0,1.8,6.2
JUL26-03058,Dinner,B01,House Beer,1,8.0,1.8,6.2
JUL26-03065,Dinner,B01,House Beer,1,8.0,1.8,6.2
JUL26-03072,Dinner,B01,House Beer,1,8.0,1.8,6.2
JUL26-03079,Dinner,B01,House Beer,1,8.0,1.8,6.2
JUL26-03086,Dinner,B01,House Beer,1,8.0,1.8,6.2
JUL26-03093,Dinner,B01,House Beer,1,8.0,1.8,6.2
JUL26-03100,Dinner,B01,House Beer,1,8.0,1.8,6.2
JUL26-03107,Dinner,B01,House Beer,1,8.0,1.8,6.2
JUL26-03114,Dinner,B01,House Beer,1,8.0,1.8,6.2
JUL26-03121,Dinner,B01,House Beer,1,8.0,1.8,6.2
JUL26-03128,Dinner,B01,House Beer,1,8.0,1.8,6.2
JUL26-03135,Dinner,B01,House Beer,1,8.0,1.8,6.2
JUL26-03142,Dinner,B01,House Beer,1,8.0,1.8,6.2
JUL26-03149,Dinner,B01,House Beer,1,8.0,1.8,6.2
JUL26-03156,Dinner,B01,House Beer,1,8.0,1.8,6.2
JUL26-03163,Dinner,B01,House Beer,1,8.0,1.8,6.2
JUL26-03170,Dinner,B01,House Beer,1,8.0,1.8,6.2
JUL26-03177,Dinner,B01,House Beer,1,8.0,1.8,6.2
JUL26-03184,Dinner,B01,House Beer,1,8.0,1.8,6.2
JUL26-03191,Dinner,B01,House Beer,1,8.0,1.8,6.2
JUL26-03198,Dinner,B01,House Beer,1,8.0,1.8,6.2
JUL26-03205,Dinner,B01,House Beer,1,8.0,1.8,6.2
JUL26-03212,Dinner,B01,House Beer,1,8.0,1.8,6.2
JUL26-03219,Dinner,B01,House Beer,1,8.0,1.8,6.2
JUL26-03226,Dinner,B01,House Beer,1,8.0,1.8,6.2
JUL26-03233,Dinner,B01,House Beer,1,8.0,1.8,6.2
JUL26-03240,Dinner,B01,House Beer,1,8.0,1.8,6.2
JUL26-03247,Dinner,B01,House Beer,1,8.0,1.8,6.2
JUL26-03254,Dinner,B01,House Beer,1,8.0,1.8,6.2
JUL26-03261,Dinner,B01,House Beer,1,8.0,1.8,6.2
JUL26-03268,Dinner,B01,House Beer,1,8.0,1.8,6.2
JUL26-03275,Dinner,B01,House Beer,1,8.0,1.8,6.2
JUL26-03282,Dinner,B01,House Beer,1,8.0,1.8,6.2
JUL26-03289,Dinner,B01,House Beer,1,8.0,1.8,6.2
JUL26-03296,Dinner,B01,House Beer,1,8.0,1.8,6.2
JUL26-03303,Dinner,B01,House Beer,1,8.0,1.8,6.2
JUL26-03310,Dinner,B01,House Beer,1,8.0,1.8,6.2
JUL26-03317,Dinner,B01,House Beer,1,8.0,1.8,6.2
JUL26-03324,Dinner,B01,House Beer,1,8.0,1.8,6.2
JUL26-03331,Dinner,B01,House Beer,1,8.0,1.8,6.2
JUL26-03338,Dinner,B01,House Beer,1,8.0,1.8,6.2
JUL26-03345,Dinner,B01,House Beer,1,8.0,1.8,6.2
JUL26-03352,Dinner,B01,House Beer,1,8.0,1.8,6.2
JUL26-03359,Dinner,B01,House Beer,1,8.0,1.8,6.2
JUL26-03366,Dinner,B01,House Beer,1,8.0,1.8,6.2
JUL26-03373,Dinner,B01,House Beer,1,8.0,1.8,6.2
JUL26-03380,Dinner,B01,House Beer,1,8.0,1.8,6.2
JUL26-03387,Dinner,B01,House Beer,1,8.0,1.8,6.2
JUL26-03394,Dinner,B01,House Beer,1,8.0,1.8,6.2
JUL26-03401,Dinner,B01,House Beer,1,8.0,1.8,6.2
JUL26-03408,Dinner,B01,House Beer,1,8.0,1.8,6.2
JUL26-03415,Dinner,B01,House Beer,1,8.0,1.8,6.2
JUL26-03422,Dinner,B01,House Beer,1,8.0,1.8,6.2
JUL26-03429,Dinner,B01,House Beer,1,8.0,1.8,6.2
JUL26-03436,Dinner,B01,House Beer,1,8.0,1.8,6.2
JUL26-03443,Dinner,B01,House Beer,1,8.0,1.8,6.2
JUL26-03450,Dinner,B01,House Beer,1,8.0,1.8,6.2
JUL26-03457,Dinner,B01,House Beer,1,8.0,1.8,6.2
JUL26-03464,Dinner,B01,House Beer,1,8.0,1.8,6.2
JUL26-03471,Dinner,B01,House Beer,1,8.0,1.8,6.2
JUL26-03478,Dinner,B01,House Beer,1,8.0,1.8,6.2
JUL26-03485,Dinner,B01,House Beer,1,8.0,1.8,6.2
JUL26-03492,Dinner,B01,House Beer,1,8.0,1.8,6.2
JUL26-03499,Dinner,B01,House Beer,1,8.0,1.8,6.2
JUL26-03506,Dinner,B01,House Beer,1,8.0,1.8,6.2
JUL26-03513,Dinner,B01,House Beer,1,8.0,1.8,6.2
JUL26-03520,Dinner,B01,House Beer,1,8.0,1.8,6.2
JUL26-03527,Dinner,B01,House Beer,1,8.0,1.8,6.2
JUL26-03534,Dinner,B01,House Beer,1,8.0,1.8,6.2
JUL26-03541,Dinner,B01,House Beer,1,8.0,1.8,6.2
JUL26-03548,Dinner,B01,House Beer,1,8.0,1.8,6.2
JUL26-03555,Dinner,B01,House Beer,1,8.0,1.8,6.2
JUL26-03562,Dinner,B01,House Beer,1,8.0,1.8,6.2
JUL26-03569,Dinner,B01,House Beer,1,8.0,1.8,6.2
JUL26-03576,Dinner,B01,House Beer,1,8.0,1.8,6.2
JUL26-03583,Dinner,B01,House Beer,1,8.0,1.8,6.2
JUL26-03590,Dinner,B01,House Beer,1,8.0,1.8,6.2
JUL26-03597,Dinner,B01,House Beer,1,8.0,1.8,6.2
JUL26-03604,Dinner,B01,House Beer,1,8.0,1.8,6.2
JUL26-03611,Dinner,B01,House Beer,1,8.0,1.8,6.2
JUL26-03618,Dinner,B01,House Beer,1,8.0,1.8,6.2
JUL26-03625,Dinner,B01,House Beer,1,8.0,1.8,6.2
JUL26-03632,Dinner,B01,House Beer,1,8.0,1.8,6.2
JUL26-03639,Dinner,B01,House Beer,1,8.0,1.8,6.2
JUL26-03646,Dinner,B01,House Beer,1,8.0,1.8,6.2
JUL26-03653,Dinner,B01,House Beer,1,8.0,1.8,6.2
JUL26-03660,Dinner,B01,House Beer,1,8.0,1.8,6.2
JUL26-03667,Dinner,B01,House Beer,1,8.0,1.8,6.2
JUL26-03674,Dinner,B01,House Beer,1,8.0,1.8,6.2
JUL26-03681,Dinner,B01,House Beer,1,8.0,1.8,6.2
JUL26-03688,Dinner,B01,House Beer,1,8.0,1.8,6.2
JUL26-03695,Dinner,B01,House Beer,1,8.0,1.8,6.2
JUL26-03702,Dinner,B01,House Beer,1,8.0,1.8,6.2
JUL26-03709,Dinner,B01,House Beer,1,8.0,1.8,6.2
JUL26-03716,Dinner,B01,House Beer,1,8.0,1.8,6.2
JUL26-03723,Dinner,B01,House Beer,1,8.0,1.8,6.2
JUL26-03730,Dinner,B01,House Beer,1,8.0,1.8,6.2
JUL26-03737,Dinner,B01,House Beer,1,8.0,1.8,6.2
JUL26-03744,Dinner,B01,House Beer,1,8.0,1.8,6.2
JUL26-03751,Dinner,B01,House Beer,1,8.0,1.8,6.2
JUL26-03758,Dinner,B01,House Beer,1,8.0,1.8,6.2
JUL26-03765,Dinner,B01,House Beer,1,8.0,1.8,6.2
JUL26-03772,Dinner,B01,House Beer,1,8.0,1.8,6.2
JUL26-03779,Dinner,B01,House Beer,1,8.0,1.8,6.2
JUL26-03786,Dinner,B01,House Beer,1,8.0,1.8,6.2
JUL26-03793,Dinner,B01,House Beer,1,8.0,1.8,6.2
JUL26-03800,Dinner,B01,House Beer,1,8.0,1.8,6.2
JUL26-03807,Dinner,B01,House Beer,1,8.0,1.8,6.2
JUL26-03814,Dinner,B01,House Beer,1,8.0,1.8,6.2
JUL26-03821,Dinner,B01,House Beer,1,8.0,1.8,6.2
JUL26-03828,Dinner,B01,House Beer,1,8.0,1.8,6.2
JUL26-03835,Dinner,B01,House Beer,1,8.0,1.8,6.2
JUL26-03842,Dinner,B01,House Beer,1,8.0,1.8,6.2
JUL26-03849,Dinner,B01,House Beer,1,8.0,1.8,6.2
JUL26-03856,Dinner,B01,House Beer,1,8.0,1.8,6.2
JUL26-03863,Dinner,B01,House Beer,1,8.0,1.8,6.2
JUL26-03870,Dinner,B01,House Beer,1,8.0,1.8,6.2
JUL26-03877,Dinner,B01,House Beer,1,8.0,1.8,6.2
JUL26-03884,Dinner,B01,House Beer,1,8.0,1.8,6.2
JUL26-03891,Dinner,B01,House Beer,1,8.0,1.8,6.2
JUL26-03898,Dinner,B01,House Beer,1,8.0,1.8,6.2
JUL26-03905,Dinner,B01,House Beer,1,8.0,1.8,6.2
JUL26-03912,Dinner,B01,House Beer,1,8.0,1.8,6.2
JUL26-03919,Dinner,B01,House Beer,1,8.0,1.8,6.2
JUL26-03926,Dinner,B01,House Beer,1,8.0,1.8,6.2
JUL26-03933,Dinner,B01,House Beer,1,8.0,1.8,6.2
JUL26-03940,Dinner,B01,House Beer,1,8.0,1.8,6.2
JUL26-03947,Dinner,B01,House Beer,1,8.0,1.8,6.2
JUL26-03954,Dinner,B01,House Beer,1,8.0,1.8,6.2
JUL26-03961,Dinner,B01,House Beer,1,8.0,1.8,6.2
JUL26-03968,Dinner,B01,House Beer,1,8.0,1.8,6.2
JUL26-03975,Dinner,B01,House Beer,1,8.0,1.8,6.2
JUL26-03982,Dinner,B01,House Beer,1,8.0,1.8,6.2
JUL26-03989,Dinner,B01,House Beer,1,8.0,1.8,6.2
JUL26-03996,Dinner,B01,House Beer,1,8.0,1.8,6.2
JUL26-04003,Dinner,B01,House Beer,1,8.0,1.8,6.2
JUL26-04010,Dinner,B01,House Beer,1,8.0,1.8,6.2
JUL26-04017,Dinner,B01,House Beer,1,8.0,1.8,6.2
JUL26-04024,Dinner,B01,House Beer,1,8.0,1.8,6.2
JUL26-04031,Dinner,B01,House Beer,1,8.0,1.8,6.2
JUL26-04038,Dinner,B01,House Beer,1,8.0,1.8,6.2
JUL26-04045,Dinner,B01,House Beer,1,8.0,1.8,6.2
JUL26-04052,Dinner,B01,House Beer,1,8.0,1.8,6.2
JUL26-04059,Dinner,B01,House Beer,1,8.0,1.8,6.2
JUL26-04066,Dinner,B01,House Beer,1,8.0,1.8,6.2
JUL26-04073,Dinner,B01,House Beer,1,8.0,1.8,6.2
JUL26-04080,Dinner,B01,House Beer,1,8.0,1.8,6.2
JUL26-04087,Dinner,B01,House Beer,1,8.0,1.8,6.2
JUL26-04094,Dinner,B01,House Beer,1,8.0,1.8,6.2
JUL26-04101,Dinner,B01,House Beer,1,8.0,1.8,6.2
JUL26-04108,Dinner,B01,House Beer,1,8.0,1.8,6.2
JUL26-04115,Dinner,B01,House Beer,1,8.0,1.8,6.2
JUL26-04122,Dinner,B01,House Beer,1,8.0,1.8,6.2
JUL26-04129,Dinner,B01,House Beer,1,8.0,1.8,6.2
JUL26-04136,Dinner,B01,House Beer,1,8.0,1.8,6.2
JUL26-04143,Dinner,B01,House Beer,1,8.0,1.8,6.2
JUL26-04150,Dinner,B01,House Beer,1,8.0,1.8,6.2
JUL26-04157,Dinner,B01,House Beer,1,8.0,1.8,6.2
JUL26-04164,Dinner,B01,House Beer,1,8.0,1.8,6.2
JUL26-04171,Dinner,B01,House Beer,1,8.0,1.8,6.2
JUL26-04178,Dinner,B01,House Beer,1,8.0,1.8,6.2
JUL26-04185,Dinner,B01,House Beer,1,8.0,1.8,6.2
JUL26-04192,Dinner,B01,House Beer,1,8.0,1.8,6.2
JUL26-04199,Dinner,B01,House Beer,1,8.0,1.8,6.2
JUL26-04206,Dinner,B01,House Beer,1,8.0,1.8,6.2
JUL26-04213,Dinner,B01,House Beer,1,8.0,1.8,6.2
JUL26-04220,Dinner,B01,House Beer,1,8.0,1.8,6.2
JUL26-04227,Dinner,B01,House Beer,1,8.0,1.8,6.2
JUL26-04234,Dinner,B01,House Beer,1,8.0,1.8,6.2
JUL26-04241,Dinner,B01,House Beer,1,8.0,1.8,6.2
JUL26-04248,Dinner,B01,House Beer,1,8.0,1.8,6.2
JUL26-04255,Dinner,B01,House Beer,1,8.0,1.8,6.2
JUL26-04262,Dinner,B01,House Beer,1,8.0,1.8,6.2
JUL26-04269,Dinner,B01,House Beer,1,8.0,1.8,6.2
JUL26-04276,Dinner,B01,House Beer,1,8.0,1.8,6.2
JUL26-04283,Dinner,B01,House Beer,1,8.0,1.8,6.2
JUL26-04290,Dinner,B01,House Beer,1,8.0,1.8,6.2
JUL26-04297,Dinner,B01,House Beer,1,8.0,1.8,6.2
JUL26-04304,Dinner,B01,House Beer,1,8.0,1.8,6.2
JUL26-04311,Dinner,B01,House Beer,1,8.0,1.8,6.2
JUL26-04318,Dinner,B01,House Beer,1,8.0,1.8,6.2
JUL26-04325,Dinner,B01,House Beer,1,8.0,1.8,6.2
JUL26-04332,Dinner,B01,House Beer,1,8.0,1.8,6.2
JUL26-04339,Dinner,B01,House Beer,1,8.0,1.8,6.2
JUL26-04346,Dinner,B01,House Beer,1,8.0,1.8,6.2
JUL26-04353,Dinner,B01,House Beer,1,8.0,1.8,6.2
JUL26-04360,Dinner,B01,House Beer,1,8.0,1.8,6.2
JUL26-04367,Dinner,B01,House Beer,1,8.0,1.8,6.2
JUL26-04374,Dinner,B01,House Beer,1,8.0,1.8,6.2
JUL26-04381,Dinner,B01,House Beer,1,8.0,1.8,6.2
JUL26-04388,Dinner,B01,House Beer,1,8.0,1.8,6.2
JUL26-04395,Dinner,B01,House Beer,1,8.0,1.8,6.2
JUL26-04402,Dinner,B01,House Beer,1,8.0,1.8,6.2
JUL26-04409,Dinner,B01,House Beer,1,8.0,1.8,6.2
JUL26-04416,Dinner,B01,House Beer,1,8.0,1.8,6.2
JUL26-04423,Dinner,B01,House Beer,1,8.0,1.8,6.2
JUL26-04430,Dinner,B01,House Beer,1,8.0,1.8,6.2
JUL26-04437,Dinner,B01,House Beer,1,8.0,1.8,6.2
JUL26-04444,Dinner,B01,House Beer,1,8.0,1.8,6.2
JUL26-04451,Dinner,B01,House Beer,1,8.0,1.8,6.2
JUL26-04458,Dinner,B01,House Beer,1,8.0,1.8,6.2
JUL26-04465,Dinner,B01,House Beer,1,8.0,1.8,6.2
JUL26-04472,Dinner,B01,House Beer,1,8.0,1.8,6.2
JUL26-04479,Dinner,B01,House Beer,1,8.0,1.8,6.2
JUL26-04486,Dinner,B01,House Beer,1,8.0,1.8,6.2
JUL26-04493,Dinner,B01,House Beer,1,8.0,1.8,6.2
JUL26-04500,Dinner,B01,House Beer,1,8.0,1.8,6.2
JUL26-04507,Dinner,B01,House Beer,1,8.0,1.8,6.2
JUL26-04514,Dinner,B01,House Beer,1,8.0,1.8,6.2
JUL26-04521,Dinner,B01,House Beer,1,8.0,1.8,6.2
JUL26-04528,Dinner,B01,House Beer,1,8.0,1.8,6.2
JUL26-04535,Dinner,B01,House Beer,1,8.0,1.8,6.2
JUL26-04542,Dinner,B01,House Beer,1,8.0,1.8,6.2
JUL26-04549,Dinner,B01,House Beer,1,8.0,1.8,6.2
JUL26-04556,Dinner,B01,House Beer,1,8.0,1.8,6.2
JUL26-04563,Dinner,B01,House Beer,1,8.0,1.8,6.2
JUL26-04570,Dinner,B01,House Beer,1,8.0,1.8,6.2
JUL26-04577,Delivery / Takeaway,B01,House Beer,1,8.0,1.8,6.2
JUL26-04584,Delivery / Takeaway,B01,House Beer,1,8.0,1.8,6.2
JUL26-04591,Delivery / Takeaway,B01,House Beer,1,8.0,1.8,6.2
JUL26-04598,Delivery / Takeaway,B01,House Beer,1,8.0,1.8,6.2
JUL26-04605,Delivery / Takeaway,B01,House Beer,1,8.0,1.8,6.2
JUL26-04612,Delivery / Takeaway,B01,House Beer,1,8.0,1.8,6.2
JUL26-04619,Delivery / Takeaway,B01,House Beer,1,8.0,1.8,6.2
JUL26-04626,Delivery / Takeaway,B01,House Beer,1,8.0,1.8,6.2
JUL26-04633,Delivery / Takeaway,B01,House Beer,1,8.0,1.8,6.2
JUL26-04640,Delivery / Takeaway,B01,House Beer,1,8.0,1.8,6.2
JUL26-04647,Delivery / Takeaway,B01,House Beer,1,8.0,1.8,6.2
JUL26-04654,Delivery / Takeaway,B01,House Beer,1,8.0,1.8,6.2
JUL26-04661,Delivery / Takeaway,B01,House Beer,1,8.0,1.8,6.2
JUL26-04668,Delivery / Takeaway,B01,House Beer,1,8.0,1.8,6.2
JUL26-04675,Delivery / Takeaway,B01,House Beer,1,8.0,1.8,6.2
JUL26-04682,Delivery / Takeaway,B01,House Beer,1,8.0,1.8,6.2
JUL26-04689,Delivery / Takeaway,B01,House Beer,1,8.0,1.8,6.2
JUL26-04696,Delivery / Takeaway,B01,House Beer,1,8.0,1.8,6.2
JUL26-04703,Delivery / Takeaway,B01,House Beer,1,8.0,1.8,6.2
JUL26-04710,Delivery / Takeaway,B01,House Beer,1,8.0,1.8,6.2
JUL26-04717,Delivery / Takeaway,B01,House Beer,1,8.0,1.8,6.2
JUL26-04724,Delivery / Takeaway,B01,House Beer,1,8.0,1.8,6.2
JUL26-04731,Delivery / Takeaway,B01,House Beer,1,8.0,1.8,6.2
JUL26-04738,Delivery / Takeaway,B01,House Beer,1,8.0,1.8,6.2
JUL26-04745,Delivery / Takeaway,B01,House Beer,1,8.0,1.8,6.2
JUL26-04752,Delivery / Takeaway,B01,House Beer,1,8.0,1.8,6.2
JUL26-04759,Delivery / Takeaway,B01,House Beer,1,8.0,1.8,6.2
JUL26-04766,Delivery / Takeaway,B01,House Beer,1,8.0,1.8,6.2
JUL26-04773,Delivery / Takeaway,B01,House Beer,1,8.0,1.8,6.2
JUL26-04780,Delivery / Takeaway,B01,House Beer,1,8.0,1.8,6.2
JUL26-04787,Delivery / Takeaway,B01,House Beer,1,8.0,1.8,6.2
JUL26-04794,Delivery / Takeaway,B01,House Beer,1,8.0,1.8,6.2
JUL26-04801,Delivery / Takeaway,B01,House Beer,1,8.0,1.8,6.2
JUL26-04808,Delivery / Takeaway,B01,House Beer,1,8.0,1.8,6.2
JUL26-04815,Delivery / Takeaway,B01,House Beer,1,8.0,1.8,6.2
JUL26-04822,Delivery / Takeaway,B01,House Beer,1,8.0,1.8,6.2
JUL26-04829,Delivery / Takeaway,B01,House Beer,1,8.0,1.8,6.2
JUL26-04836,Delivery / Takeaway,B01,House Beer,1,8.0,1.8,6.2
JUL26-04843,Delivery / Takeaway,B01,House Beer,1,8.0,1.8,6.2
JUL26-04850,Delivery / Takeaway,B01,House Beer,1,8.0,1.8,6.2
JUL26-04857,Delivery / Takeaway,B01,House Beer,1,8.0,1.8,6.2
JUL26-04864,Delivery / Takeaway,B01,House Beer,1,8.0,1.8,6.2
JUL26-04871,Delivery / Takeaway,B01,House Beer,1,8.0,1.8,6.2
JUL26-04878,Delivery / Takeaway,B01,House Beer,1,8.0,1.8,6.2
JUL26-04885,Delivery / Takeaway,B01,House Beer,1,8.0,1.8,6.2
JUL26-04892,Delivery / Takeaway,B01,House Beer,1,8.0,1.8,6.2
JUL26-04899,Delivery / Takeaway,B01,House Beer,1,8.0,1.8,6.2
JUL26-04906,Delivery / Takeaway,B01,House Beer,1,8.0,1.8,6.2
JUL26-04913,Delivery / Takeaway,B01,House Beer,1,8.0,1.8,6.2
JUL26-04920,Delivery / Takeaway,B01,House Beer,1,8.0,1.8,6.2
JUL26-04927,Delivery / Takeaway,B01,House Beer,1,8.0,1.8,6.2
JUL26-04934,Delivery / Takeaway,B01,House Beer,1,8.0,1.8,6.2
JUL26-04941,Delivery / Takeaway,B01,House Beer,1,8.0,1.8,6.2
JUL26-04948,Delivery / Takeaway,B01,House Beer,1,8.0,1.8,6.2
JUL26-04955,Delivery / Takeaway,B01,House Beer,1,8.0,1.8,6.2
JUL26-04962,Delivery / Takeaway,B01,House Beer,1,8.0,1.8,6.2
JUL26-04969,Delivery / Takeaway,B01,House Beer,1,8.0,1.8,6.2
JUL26-04976,Delivery / Takeaway,B01,House Beer,1,8.0,1.8,6.2
JUL26-04983,Delivery / Takeaway,B01,House Beer,1,8.0,1.8,6.2
JUL26-04990,Delivery / Takeaway,B01,House Beer,1,8.0,1.8,6.2
JUL26-04997,Delivery / Takeaway,B01,House Beer,1,8.0,1.8,6.2
JUL26-05004,Delivery / Takeaway,B01,House Beer,1,8.0,1.8,6.2
JUL26-05011,Delivery / Takeaway,B01,House Beer,1,8.0,1.8,6.2
JUL26-05018,Delivery / Takeaway,B01,House Beer,1,8.0,1.8,6.2
JUL26-05025,Delivery / Takeaway,B01,House Beer,1,8.0,1.8,6.2
JUL26-05032,Delivery / Takeaway,B01,House Beer,1,8.0,1.8,6.2
JUL26-05039,Delivery / Takeaway,B01,House Beer,1,8.0,1.8,6.2
JUL26-05046,Delivery / Takeaway,B01,House Beer,1,8.0,1.8,6.2
JUL26-05053,Delivery / Takeaway,B01,House Beer,1,8.0,1.8,6.2
JUL26-05060,Delivery / Takeaway,B01,House Beer,1,8.0,1.8,6.2
JUL26-05067,Delivery / Takeaway,B01,House Beer,1,8.0,1.8,6.2
JUL26-05074,Delivery / Takeaway,B01,House Beer,1,8.0,1.8,6.2
JUL26-05081,Delivery / Takeaway,B01,House Beer,1,8.0,1.8,6.2
JUL26-05088,Delivery / Takeaway,B01,House Beer,1,8.0,1.8,6.2
JUL26-05095,Delivery / Takeaway,B01,House Beer,1,8.0,1.8,6.2
JUL26-05102,Delivery / Takeaway,B01,House Beer,1,8.0,1.8,6.2
JUL26-05109,Delivery / Takeaway,B01,House Beer,1,8.0,1.8,6.2
JUL26-05116,Delivery / Takeaway,B01,House Beer,1,8.0,1.8,6.2
JUL26-05123,Delivery / Takeaway,B01,House Beer,1,8.0,1.8,6.2
JUL26-05130,Delivery / Takeaway,B01,House Beer,1,8.0,1.8,6.2
JUL26-05137,Delivery / Takeaway,B01,House Beer,1,8.0,1.8,6.2
JUL26-05144,Delivery / Takeaway,B01,House Beer,1,8.0,1.8,6.2
JUL26-05151,Delivery / Takeaway,B01,House Beer,1,8.0,1.8,6.2
JUL26-05158,Delivery / Takeaway,B01,House Beer,1,8.0,1.8,6.2
JUL26-05165,Delivery / Takeaway,B01,House Beer,1,8.0,1.8,6.2
JUL26-05172,Delivery / Takeaway,B01,House Beer,1,8.0,1.8,6.2
JUL26-05179,Delivery / Takeaway,B01,House Beer,1,8.0,1.8,6.2
JUL26-05186,Delivery / Takeaway,B01,House Beer,1,8.0,1.8,6.2
JUL26-05193,Delivery / Takeaway,B01,House Beer,1,8.0,1.8,6.2
JUL26-05200,Delivery / Takeaway,B01,House Beer,1,8.0,1.8,6.2
JUL26-05207,Delivery / Takeaway,B01,House Beer,1,8.0,1.8,6.2
JUL26-05214,Delivery / Takeaway,B01,House Beer,1,8.0,1.8,6.2
JUL26-05221,Delivery / Takeaway,B01,House Beer,1,8.0,1.8,6.2
JUL26-05228,Delivery / Takeaway,B01,House Beer,1,8.0,1.8,6.2
JUL26-05235,Delivery / Takeaway,B01,House Beer,1,8.0,1.8,6.2
JUL26-05242,Delivery / Takeaway,B01,House Beer,1,8.0,1.8,6.2
JUL26-05249,Delivery / Takeaway,B01,House Beer,1,8.0,1.8,6.2
JUL26-05256,Delivery / Takeaway,B01,House Beer,1,8.0,1.8,6.2
JUL26-05263,Delivery / Takeaway,B01,House Beer,1,8.0,1.8,6.2
JUL26-05270,Delivery / Takeaway,B01,House Beer,1,8.0,1.8,6.2
JUL26-05277,Delivery / Takeaway,B01,House Beer,1,8.0,1.8,6.2
JUL26-05284,Delivery / Takeaway,B01,House Beer,1,8.0,1.8,6.2
JUL26-05291,Delivery / Takeaway,B01,House Beer,1,8.0,1.8,6.2
JUL26-05298,Delivery / Takeaway,B01,House Beer,1,8.0,1.8,6.2
JUL26-05305,Delivery / Takeaway,B01,House Beer,1,8.0,1.8,6.2
JUL26-05312,Delivery / Takeaway,B01,House Beer,1,8.0,1.8,6.2
JUL26-05319,Delivery / Takeaway,B01,House Beer,1,8.0,1.8,6.2
JUL26-05326,Private Event,B01,House Beer,1,8.0,1.8,6.2
JUL26-05333,Private Event,B01,House Beer,1,8.0,1.8,6.2
JUL26-05340,Private Event,B01,House Beer,1,8.0,1.8,6.2
JUL26-05347,Private Event,B01,House Beer,1,8.0,1.8,6.2
JUL26-05354,Private Event,B01,House Beer,1,8.0,1.8,6.2
JUL26-05361,Private Event,B01,House Beer,1,8.0,1.8,6.2
JUL26-05368,Private Event,B01,House Beer,1,8.0,1.8,6.2
JUL26-05375,Private Event,B01,House Beer,1,8.0,1.8,6.2
JUL26-05382,Private Event,B01,House Beer,1,8.0,1.8,6.2
JUL26-05389,Private Event,B01,House Beer,1,8.0,1.8,6.2
JUL26-05396,Private Event,B01,House Beer,1,8.0,1.8,6.2
JUL26-05403,Private Event,B01,House Beer,1,8.0,1.8,6.2
JUL26-05410,Private Event,B01,House Beer,1,8.0,1.8,6.2
JUL26-05417,Private Event,B01,House Beer,1,8.0,1.8,6.2
JUL26-05424,Private Event,B01,House Beer,1,8.0,1.8,6.2
JUL26-05431,Private Event,B01,House Beer,1,8.0,1.8,6.2
JUL26-05438,Private Event,B01,House Beer,1,8.0,1.8,6.2
JUL26-05445,Private Event,B01,House Beer,1,8.0,1.8,6.2
JUL26-05452,Private Event,B01,House Beer,1,8.0,1.8,6.2
JUL26-05459,Private Event,B01,House Beer,1,8.0,1.8,6.2
JUL26-05466,Private Event,B01,House Beer,1,8.0,1.8,6.2
JUL26-05473,Private Event,B01,House Beer,1,8.0,1.8,6.2
JUL26-05480,Private Event,B01,House Beer,1,8.0,1.8,6.2
JUL26-05487,Private Event,B01,House Beer,1,8.0,1.8,6.2
JUL26-05494,Private Event,B01,House Beer,1,8.0,1.8,6.2
JUL26-05501,Private Event,B01,House Beer,1,8.0,1.8,6.2
JUL26-05508,Private Event,B01,House Beer,1,8.0,1.8,6.2
JUL26-05515,Private Event,B01,House Beer,1,8.0,1.8,6.2
JUL26-05522,Private Event,B01,House Beer,1,8.0,1.8,6.2
JUL26-05529,Private Event,B01,House Beer,1,8.0,1.8,6.2
JUL26-05536,Private Event,B01,House Beer,1,8.0,1.8,6.2
JUL26-05543,Private Event,B01,House Beer,1,8.0,1.8,6.2
JUL26-05550,Private Event,B01,House Beer,1,8.0,1.8,6.2
JUL26-05557,Private Event,B01,House Beer,1,8.0,1.8,6.2
JUL26-05564,Corporate / Group,B01,House Beer,1,8.0,1.8,6.2
JUL26-05571,Corporate / Group,B01,House Beer,1,8.0,1.8,6.2
JUL26-05578,Corporate / Group,B01,House Beer,1,8.0,1.8,6.2
JUL26-05585,Corporate / Group,B01,House Beer,1,8.0,1.8,6.2
JUL26-05592,Corporate / Group,B01,House Beer,1,8.0,1.8,6.2
JUL26-05599,Corporate / Group,B01,House Beer,1,8.0,1.8,6.2
JUL26-05606,Corporate / Group,B01,House Beer,1,8.0,1.8,6.2
JUL26-05613,Corporate / Group,B01,House Beer,1,8.0,1.8,6.2
JUL26-05620,Corporate / Group,B01,House Beer,1,8.0,1.8,6.2
JUL26-05627,Corporate / Group,B01,House Beer,1,8.0,1.8,6.2
JUL26-05634,Corporate / Group,B01,House Beer,1,8.0,1.8,6.2
JUL26-05641,Corporate / Group,B01,House Beer,1,8.0,1.8,6.2
JUL26-05648,Corporate / Group,B01,House Beer,1,8.0,1.8,6.2
JUL26-00005,Brunch,B01,House Beer,1,8.0,1.8,6.2
JUL26-00012,Brunch,B01,House Beer,1,8.0,1.8,6.2
JUL26-00019,Brunch,B01,House Beer,1,8.0,1.8,6.2
JUL26-00026,Brunch,B01,House Beer,1,8.0,1.8,6.2
JUL26-00033,Brunch,B01,House Beer,1,8.0,1.8,6.2
JUL26-00040,Brunch,B01,House Beer,1,8.0,1.8,6.2
JUL26-00047,Brunch,B01,House Beer,1,8.0,1.8,6.2
JUL26-00054,Brunch,B01,House Beer,1,8.0,1.8,6.2
JUL26-00061,Brunch,B01,House Beer,1,8.0,1.8,6.2
JUL26-00068,Brunch,B01,House Beer,1,8.0,1.8,6.2
JUL26-00075,Brunch,B01,House Beer,1,8.0,1.8,6.2
JUL26-00082,Brunch,B01,House Beer,1,8.0,1.8,6.2
JUL26-00089,Brunch,B01,House Beer,1,8.0,1.8,6.2
JUL26-00096,Brunch,B01,House Beer,1,8.0,1.8,6.2
JUL26-00103,Brunch,B01,House Beer,1,8.0,1.8,6.2
JUL26-00110,Brunch,B01,House Beer,1,8.0,1.8,6.2
JUL26-00117,Brunch,B01,House Beer,1,8.0,1.8,6.2
JUL26-00124,Brunch,B01,House Beer,1,8.0,1.8,6.2
JUL26-00131,Brunch,B01,House Beer,1,8.0,1.8,6.2
JUL26-00138,Brunch,B01,House Beer,1,8.0,1.8,6.2
JUL26-00145,Brunch,B01,House Beer,1,8.0,1.8,6.2
JUL26-00152,Brunch,B01,House Beer,1,8.0,1.8,6.2
JUL26-00159,Brunch,B01,House Beer,1,8.0,1.8,6.2
JUL26-00166,Brunch,B01,House Beer,1,8.0,1.8,6.2
JUL26-00173,Brunch,B01,House Beer,1,8.0,1.8,6.2
JUL26-00180,Brunch,B01,House Beer,1,8.0,1.8,6.2
JUL26-00187,Brunch,B01,House Beer,1,8.0,1.8,6.2
JUL26-00194,Brunch,B01,House Beer,1,8.0,1.8,6.2
JUL26-00201,Brunch,B01,House Beer,1,8.0,1.8,6.2
JUL26-00208,Brunch,B01,House Beer,1,8.0,1.8,6.2
JUL26-00215,Brunch,B01,House Beer,1,8.0,1.8,6.2
JUL26-00222,Brunch,B01,House Beer,1,8.0,1.8,6.2
JUL26-00229,Brunch,B01,House Beer,1,8.0,1.8,6.2
JUL26-00236,Brunch,B01,House Beer,1,8.0,1.8,6.2
JUL26-00243,Brunch,B01,House Beer,1,8.0,1.8,6.2
JUL26-00250,Brunch,B01,House Beer,1,8.0,1.8,6.2
JUL26-00257,Brunch,B01,House Beer,1,8.0,1.8,6.2
JUL26-00264,Brunch,B01,House Beer,1,8.0,1.8,6.2
JUL26-00271,Brunch,B01,House Beer,1,8.0,1.8,6.2
JUL26-00278,Brunch,B01,House Beer,1,8.0,1.8,6.2
JUL26-00285,Brunch,B01,House Beer,1,8.0,1.8,6.2
JUL26-00292,Brunch,B01,House Beer,1,8.0,1.8,6.2
JUL26-00299,Brunch,B01,House Beer,1,8.0,1.8,6.2
JUL26-00306,Brunch,B01,House Beer,1,8.0,1.8,6.2
JUL26-00313,Brunch,B01,House Beer,1,8.0,1.8,6.2
JUL26-00320,Brunch,B01,House Beer,1,8.0,1.8,6.2
JUL26-00327,Brunch,B01,House Beer,1,8.0,1.8,6.2
JUL26-00334,Brunch,B01,House Beer,1,8.0,1.8,6.2
JUL26-00341,Brunch,B01,House Beer,1,8.0,1.8,6.2
JUL26-00348,Brunch,B01,House Beer,1,8.0,1.8,6.2
JUL26-00355,Brunch,B01,House Beer,1,8.0,1.8,6.2
JUL26-00362,Brunch,B01,House Beer,1,8.0,1.8,6.2
JUL26-00369,Brunch,B01,House Beer,1,8.0,1.8,6.2
JUL26-00376,Brunch,B01,House Beer,1,8.0,1.8,6.2
JUL26-00383,Brunch,B01,House Beer,1,8.0,1.8,6.2
JUL26-00390,Brunch,B01,House Beer,1,8.0,1.8,6.2
JUL26-00397,Brunch,B01,House Beer,1,8.0,1.8,6.2
JUL26-00404,Brunch,B01,House Beer,1,8.0,1.8,6.2
JUL26-00411,Brunch,B01,House Beer,1,8.0,1.8,6.2
JUL26-00418,Brunch,B01,House Beer,1,8.0,1.8,6.2
JUL26-00425,Brunch,B01,House Beer,1,8.0,1.8,6.2
JUL26-00432,Brunch,B01,House Beer,1,8.0,1.8,6.2
JUL26-00439,Brunch,B01,House Beer,1,8.0,1.8,6.2
JUL26-00446,Brunch,B01,House Beer,1,8.0,1.8,6.2
JUL26-00453,Brunch,B01,House Beer,1,8.0,1.8,6.2
JUL26-00460,Brunch,B01,House Beer,1,8.0,1.8,6.2
JUL26-00467,Brunch,B01,House Beer,1,8.0,1.8,6.2
JUL26-00474,Brunch,B01,House Beer,1,8.0,1.8,6.2
JUL26-00481,Brunch,B01,House Beer,1,8.0,1.8,6.2
JUL26-00488,Brunch,B01,House Beer,1,8.0,1.8,6.2
JUL26-00495,Brunch,B01,House Beer,1,8.0,1.8,6.2
JUL26-00502,Brunch,B01,House Beer,1,8.0,1.8,6.2
JUL26-00509,Brunch,B01,House Beer,1,8.0,1.8,6.2
JUL26-00516,Brunch,B01,House Beer,1,8.0,1.8,6.2
JUL26-00523,Brunch,B01,House Beer,1,8.0,1.8,6.2
JUL26-00530,Brunch,B01,House Beer,1,8.0,1.8,6.2
JUL26-00537,Brunch,B01,House Beer,1,8.0,1.8,6.2
JUL26-00544,Brunch,B01,House Beer,1,8.0,1.8,6.2
JUL26-00551,Brunch,B01,House Beer,1,8.0,1.8,6.2
JUL26-00558,Brunch,B01,House Beer,1,8.0,1.8,6.2
JUL26-00565,Brunch,B01,House Beer,1,8.0,1.8,6.2
JUL26-00572,Brunch,B01,House Beer,1,8.0,1.8,6.2
JUL26-00579,Brunch,B01,House Beer,1,8.0,1.8,6.2
JUL26-00586,Brunch,B01,House Beer,1,8.0,1.8,6.2
JUL26-00593,Brunch,B01,House Beer,1,8.0,1.8,6.2
JUL26-00600,Brunch,B01,House Beer,1,8.0,1.8,6.2
JUL26-00607,Brunch,B01,House Beer,1,8.0,1.8,6.2
JUL26-00614,Brunch,B01,House Beer,1,8.0,1.8,6.2
JUL26-00621,Brunch,B01,House Beer,1,8.0,1.8,6.2
JUL26-00628,Brunch,B01,House Beer,1,8.0,1.8,6.2
JUL26-00635,Brunch,B01,House Beer,1,8.0,1.8,6.2
JUL26-00642,Brunch,B01,House Beer,1,8.0,1.8,6.2
JUL26-00649,Brunch,B01,House Beer,1,8.0,1.8,6.2
JUL26-00656,Brunch,B01,House Beer,1,8.0,1.8,6.2
JUL26-00663,Brunch,B01,House Beer,1,8.0,1.8,6.2
JUL26-00670,Brunch,B01,House Beer,1,8.0,1.8,6.2
JUL26-00677,Brunch,B01,House Beer,1,8.0,1.8,6.2
JUL26-00684,Brunch,B01,House Beer,1,8.0,1.8,6.2
JUL26-00691,Brunch,B01,House Beer,1,8.0,1.8,6.2
JUL26-00698,Brunch,B01,House Beer,1,8.0,1.8,6.2
JUL26-00705,Lunch,B01,House Beer,1,8.0,1.8,6.2
JUL26-00712,Lunch,B01,House Beer,1,8.0,1.8,6.2
JUL26-00719,Lunch,B01,House Beer,1,8.0,1.8,6.2
JUL26-00726,Lunch,B01,House Beer,1,8.0,1.8,6.2
JUL26-00733,Lunch,B01,House Beer,1,8.0,1.8,6.2
JUL26-00740,Lunch,B01,House Beer,1,8.0,1.8,6.2
JUL26-00747,Lunch,B01,House Beer,1,8.0,1.8,6.2
JUL26-00754,Lunch,B01,House Beer,1,8.0,1.8,6.2
JUL26-00761,Lunch,B01,House Beer,1,8.0,1.8,6.2
JUL26-00768,Lunch,B01,House Beer,1,8.0,1.8,6.2
JUL26-00775,Lunch,B01,House Beer,1,8.0,1.8,6.2
JUL26-00782,Lunch,B01,House Beer,1,8.0,1.8,6.2
JUL26-00789,Lunch,B01,House Beer,1,8.0,1.8,6.2
JUL26-00796,Lunch,B01,House Beer,1,8.0,1.8,6.2
JUL26-00803,Lunch,B01,House Beer,1,8.0,1.8,6.2
JUL26-00810,Lunch,B01,House Beer,1,8.0,1.8,6.2
JUL26-00817,Lunch,B01,House Beer,1,8.0,1.8,6.2
JUL26-00824,Lunch,B01,House Beer,1,8.0,1.8,6.2
JUL26-00831,Lunch,B01,House Beer,1,8.0,1.8,6.2
JUL26-00838,Lunch,B01,House Beer,1,8.0,1.8,6.2
JUL26-00845,Lunch,B01,House Beer,1,8.0,1.8,6.2
JUL26-00852,Lunch,B01,House Beer,1,8.0,1.8,6.2
JUL26-00859,Lunch,B01,House Beer,1,8.0,1.8,6.2
JUL26-00866,Lunch,B01,House Beer,1,8.0,1.8,6.2
JUL26-00873,Lunch,B01,House Beer,1,8.0,1.8,6.2
JUL26-00880,Lunch,B01,House Beer,1,8.0,1.8,6.2
JUL26-00887,Lunch,B01,House Beer,1,8.0,1.8,6.2
JUL26-00894,Lunch,B01,House Beer,1,8.0,1.8,6.2
JUL26-00901,Lunch,B01,House Beer,1,8.0,1.8,6.2
JUL26-00998,Lunch,B02,Local Wine,1,18.0,4.8,13.2
JUL26-01005,Lunch,B02,Local Wine,1,18.0,4.8,13.2
JUL26-01012,Lunch,B02,Local Wine,1,18.0,4.8,13.2
JUL26-01019,Lunch,B02,Local Wine,1,18.0,4.8,13.2
JUL26-01026,Lunch,B02,Local Wine,1,18.0,4.8,13.2
JUL26-01033,Lunch,B02,Local Wine,1,18.0,4.8,13.2
JUL26-01040,Lunch,B02,Local Wine,1,18.0,4.8,13.2
JUL26-01047,Lunch,B02,Local Wine,1,18.0,4.8,13.2
JUL26-01054,Lunch,B02,Local Wine,1,18.0,4.8,13.2
JUL26-01061,Lunch,B02,Local Wine,1,18.0,4.8,13.2
JUL26-01068,Lunch,B02,Local Wine,1,18.0,4.8,13.2
JUL26-01075,Lunch,B02,Local Wine,1,18.0,4.8,13.2
JUL26-01082,Lunch,B02,Local Wine,1,18.0,4.8,13.2
JUL26-01089,Lunch,B02,Local Wine,1,18.0,4.8,13.2
JUL26-01096,Lunch,B02,Local Wine,1,18.0,4.8,13.2
JUL26-01103,Lunch,B02,Local Wine,1,18.0,4.8,13.2
JUL26-01110,Lunch,B02,Local Wine,1,18.0,4.8,13.2
JUL26-01117,Lunch,B02,Local Wine,1,18.0,4.8,13.2
JUL26-01124,Lunch,B02,Local Wine,1,18.0,4.8,13.2
JUL26-01131,Lunch,B02,Local Wine,1,18.0,4.8,13.2
JUL26-01138,Lunch,B02,Local Wine,1,18.0,4.8,13.2
JUL26-01145,Lunch,B02,Local Wine,1,18.0,4.8,13.2
JUL26-01152,Lunch,B02,Local Wine,1,18.0,4.8,13.2
JUL26-01159,Lunch,B02,Local Wine,1,18.0,4.8,13.2
JUL26-01166,Lunch,B02,Local Wine,1,18.0,4.8,13.2
JUL26-01173,Lunch,B02,Local Wine,1,18.0,4.8,13.2
JUL26-01180,Lunch,B02,Local Wine,1,18.0,4.8,13.2
JUL26-01187,Lunch,B02,Local Wine,1,18.0,4.8,13.2
JUL26-01194,Lunch,B02,Local Wine,1,18.0,4.8,13.2
JUL26-01201,Lunch,B02,Local Wine,1,18.0,4.8,13.2
JUL26-01208,Lunch,B02,Local Wine,1,18.0,4.8,13.2
JUL26-01215,Lunch,B02,Local Wine,1,18.0,4.8,13.2
JUL26-01222,Lunch,B02,Local Wine,1,18.0,4.8,13.2
JUL26-01229,Lunch,B02,Local Wine,1,18.0,4.8,13.2
JUL26-01236,Lunch,B02,Local Wine,1,18.0,4.8,13.2
JUL26-01243,Lunch,B02,Local Wine,1,18.0,4.8,13.2
JUL26-01250,Lunch,B02,Local Wine,1,18.0,4.8,13.2
JUL26-01257,Lunch,B02,Local Wine,1,18.0,4.8,13.2
JUL26-01264,Lunch,B02,Local Wine,1,18.0,4.8,13.2
JUL26-01271,Lunch,B02,Local Wine,1,18.0,4.8,13.2
JUL26-01278,Lunch,B02,Local Wine,1,18.0,4.8,13.2
JUL26-01285,Lunch,B02,Local Wine,1,18.0,4.8,13.2
JUL26-01292,Lunch,B02,Local Wine,1,18.0,4.8,13.2
JUL26-01299,Lunch,B02,Local Wine,1,18.0,4.8,13.2
JUL26-01306,Lunch,B02,Local Wine,1,18.0,4.8,13.2
JUL26-01313,Lunch,B02,Local Wine,1,18.0,4.8,13.2
JUL26-01320,Lunch,B02,Local Wine,1,18.0,4.8,13.2
JUL26-01327,Lunch,B02,Local Wine,1,18.0,4.8,13.2
JUL26-01334,Lunch,B02,Local Wine,1,18.0,4.8,13.2
JUL26-01341,Lunch,B02,Local Wine,1,18.0,4.8,13.2
JUL26-01348,Lunch,B02,Local Wine,1,18.0,4.8,13.2
JUL26-01355,Lunch,B02,Local Wine,1,18.0,4.8,13.2
JUL26-01362,Lunch,B02,Local Wine,1,18.0,4.8,13.2
JUL26-01369,Lunch,B02,Local Wine,1,18.0,4.8,13.2
JUL26-01376,Lunch,B02,Local Wine,1,18.0,4.8,13.2
JUL26-01383,Lunch,B02,Local Wine,1,18.0,4.8,13.2
JUL26-01390,Lunch,B02,Local Wine,1,18.0,4.8,13.2
JUL26-01397,Lunch,B02,Local Wine,1,18.0,4.8,13.2
JUL26-01404,Lunch,B02,Local Wine,1,18.0,4.8,13.2
JUL26-01411,Lunch,B02,Local Wine,1,18.0,4.8,13.2
JUL26-01418,Lunch,B02,Local Wine,1,18.0,4.8,13.2
JUL26-01425,Lunch,B02,Local Wine,1,18.0,4.8,13.2
JUL26-01432,Lunch,B02,Local Wine,1,18.0,4.8,13.2
JUL26-01439,Lunch,B02,Local Wine,1,18.0,4.8,13.2
JUL26-01446,Lunch,B02,Local Wine,1,18.0,4.8,13.2
JUL26-01453,Lunch,B02,Local Wine,1,18.0,4.8,13.2
JUL26-01460,Lunch,B02,Local Wine,1,18.0,4.8,13.2
JUL26-01467,Lunch,B02,Local Wine,1,18.0,4.8,13.2
JUL26-01474,Lunch,B02,Local Wine,1,18.0,4.8,13.2
JUL26-01481,Lunch,B02,Local Wine,1,18.0,4.8,13.2
JUL26-01488,Lunch,B02,Local Wine,1,18.0,4.8,13.2
JUL26-01495,Lunch,B02,Local Wine,1,18.0,4.8,13.2
JUL26-01502,Lunch,B02,Local Wine,1,18.0,4.8,13.2
JUL26-01509,Lunch,B02,Local Wine,1,18.0,4.8,13.2
JUL26-01516,Lunch,B02,Local Wine,1,18.0,4.8,13.2
JUL26-01523,Lunch,B02,Local Wine,1,18.0,4.8,13.2
JUL26-01530,Lunch,B02,Local Wine,1,18.0,4.8,13.2
JUL26-01537,Lunch,B02,Local Wine,1,18.0,4.8,13.2
JUL26-01544,Lunch,B02,Local Wine,1,18.0,4.8,13.2
JUL26-01551,Lunch,B02,Local Wine,1,18.0,4.8,13.2
JUL26-01558,Lunch,B02,Local Wine,1,18.0,4.8,13.2
JUL26-01565,Lunch,B02,Local Wine,1,18.0,4.8,13.2
JUL26-01572,Lunch,B02,Local Wine,1,18.0,4.8,13.2
JUL26-01579,Lunch,B02,Local Wine,1,18.0,4.8,13.2
JUL26-01586,Lunch,B02,Local Wine,1,18.0,4.8,13.2
JUL26-01593,Lunch,B02,Local Wine,1,18.0,4.8,13.2
JUL26-01600,Lunch,B02,Local Wine,1,18.0,4.8,13.2
JUL26-01607,Lunch,B02,Local Wine,1,18.0,4.8,13.2
JUL26-01614,Lunch,B02,Local Wine,1,18.0,4.8,13.2
JUL26-01621,Lunch,B02,Local Wine,1,18.0,4.8,13.2
JUL26-01628,Lunch,B02,Local Wine,1,18.0,4.8,13.2
JUL26-01635,Lunch,B02,Local Wine,1,18.0,4.8,13.2
JUL26-01642,Lunch,B02,Local Wine,1,18.0,4.8,13.2
JUL26-01649,Lunch,B02,Local Wine,1,18.0,4.8,13.2
JUL26-01656,Lunch,B02,Local Wine,1,18.0,4.8,13.2
JUL26-01663,Lunch,B02,Local Wine,1,18.0,4.8,13.2
JUL26-01670,Lunch,B02,Local Wine,1,18.0,4.8,13.2
JUL26-01677,Lunch,B02,Local Wine,1,18.0,4.8,13.2
JUL26-01684,Lunch,B02,Local Wine,1,18.0,4.8,13.2
JUL26-01691,Lunch,B02,Local Wine,1,18.0,4.8,13.2
JUL26-01698,Lunch,B02,Local Wine,1,18.0,4.8,13.2
JUL26-01705,Lunch,B02,Local Wine,1,18.0,4.8,13.2
JUL26-01712,Lunch,B02,Local Wine,1,18.0,4.8,13.2
JUL26-01719,Lunch,B02,Local Wine,1,18.0,4.8,13.2
JUL26-01726,Lunch,B02,Local Wine,1,18.0,4.8,13.2
JUL26-01733,Lunch,B02,Local Wine,1,18.0,4.8,13.2
JUL26-01740,Lunch,B02,Local Wine,1,18.0,4.8,13.2
JUL26-01747,Lunch,B02,Local Wine,1,18.0,4.8,13.2
JUL26-01754,Lunch,B02,Local Wine,1,18.0,4.8,13.2
JUL26-01761,Lunch,B02,Local Wine,1,18.0,4.8,13.2
JUL26-01768,Lunch,B02,Local Wine,1,18.0,4.8,13.2
JUL26-01775,Lunch,B02,Local Wine,1,18.0,4.8,13.2
JUL26-01782,Lunch,B02,Local Wine,1,18.0,4.8,13.2
JUL26-01789,Lunch,B02,Local Wine,1,18.0,4.8,13.2
JUL26-01796,Lunch,B02,Local Wine,1,18.0,4.8,13.2
JUL26-01803,Lunch,B02,Local Wine,1,18.0,4.8,13.2
JUL26-01810,Lunch,B02,Local Wine,1,18.0,4.8,13.2
JUL26-01817,Lunch,B02,Local Wine,1,18.0,4.8,13.2
JUL26-01824,Lunch,B02,Local Wine,1,18.0,4.8,13.2
JUL26-01831,Lunch,B02,Local Wine,1,18.0,4.8,13.2
JUL26-01838,Lunch,B02,Local Wine,1,18.0,4.8,13.2
JUL26-01845,Lunch,B02,Local Wine,1,18.0,4.8,13.2
JUL26-01852,Lunch,B02,Local Wine,1,18.0,4.8,13.2
JUL26-01859,Lunch,B02,Local Wine,1,18.0,4.8,13.2
JUL26-01866,Lunch,B02,Local Wine,1,18.0,4.8,13.2
JUL26-01873,Lunch,B02,Local Wine,1,18.0,4.8,13.2
JUL26-01880,Lunch,B02,Local Wine,1,18.0,4.8,13.2
JUL26-01887,Lunch,B02,Local Wine,1,18.0,4.8,13.2
JUL26-01894,Lunch,B02,Local Wine,1,18.0,4.8,13.2
JUL26-01901,Lunch,B02,Local Wine,1,18.0,4.8,13.2
JUL26-01908,Lunch,B02,Local Wine,1,18.0,4.8,13.2
JUL26-01915,Lunch,B02,Local Wine,1,18.0,4.8,13.2
JUL26-01922,Lunch,B02,Local Wine,1,18.0,4.8,13.2
JUL26-01929,Lunch,B02,Local Wine,1,18.0,4.8,13.2
JUL26-01936,Lunch,B02,Local Wine,1,18.0,4.8,13.2
JUL26-01943,Lunch,B02,Local Wine,1,18.0,4.8,13.2
JUL26-01950,Lunch,B02,Local Wine,1,18.0,4.8,13.2
JUL26-01957,Lunch,B02,Local Wine,1,18.0,4.8,13.2
JUL26-01964,Lunch,B02,Local Wine,1,18.0,4.8,13.2
JUL26-01971,Lunch,B02,Local Wine,1,18.0,4.8,13.2
JUL26-01978,Lunch,B02,Local Wine,1,18.0,4.8,13.2
JUL26-01985,Lunch,B02,Local Wine,1,18.0,4.8,13.2
JUL26-01992,Lunch,B02,Local Wine,1,18.0,4.8,13.2
JUL26-01999,Lunch,B02,Local Wine,1,18.0,4.8,13.2
JUL26-02006,Lunch,B02,Local Wine,1,18.0,4.8,13.2
JUL26-02013,Lunch,B02,Local Wine,1,18.0,4.8,13.2
JUL26-02020,Lunch,B02,Local Wine,1,18.0,4.8,13.2
JUL26-02027,Lunch,B02,Local Wine,1,18.0,4.8,13.2
JUL26-02034,Lunch,B02,Local Wine,1,18.0,4.8,13.2
JUL26-02041,Lunch,B02,Local Wine,1,18.0,4.8,13.2
JUL26-02048,Lunch,B02,Local Wine,1,18.0,4.8,13.2
JUL26-02055,Lunch,B02,Local Wine,1,18.0,4.8,13.2
JUL26-02062,Lunch,B02,Local Wine,1,18.0,4.8,13.2
JUL26-02069,Lunch,B02,Local Wine,1,18.0,4.8,13.2
JUL26-02076,Lunch,B02,Local Wine,1,18.0,4.8,13.2
JUL26-02083,Lunch,B02,Local Wine,1,18.0,4.8,13.2
JUL26-02090,Lunch,B02,Local Wine,1,18.0,4.8,13.2
JUL26-02097,Lunch,B02,Local Wine,1,18.0,4.8,13.2
JUL26-02104,Lunch,B02,Local Wine,1,18.0,4.8,13.2
JUL26-02111,Lunch,B02,Local Wine,1,18.0,4.8,13.2
JUL26-02118,Lunch,B02,Local Wine,1,18.0,4.8,13.2
JUL26-02125,Lunch,B02,Local Wine,1,18.0,4.8,13.2
JUL26-02132,Lunch,B02,Local Wine,1,18.0,4.8,13.2
JUL26-02139,Lunch,B02,Local Wine,1,18.0,4.8,13.2
JUL26-02146,Lunch,B02,Local Wine,1,18.0,4.8,13.2
JUL26-02153,Lunch,B02,Local Wine,1,18.0,4.8,13.2
JUL26-02160,Lunch,B02,Local Wine,1,18.0,4.8,13.2
JUL26-02167,Lunch,B02,Local Wine,1,18.0,4.8,13.2
JUL26-02174,Lunch,B02,Local Wine,1,18.0,4.8,13.2
JUL26-02181,Dinner,B02,Local Wine,1,18.0,4.8,13.2
JUL26-02188,Dinner,B02,Local Wine,1,18.0,4.8,13.2
JUL26-02195,Dinner,B02,Local Wine,1,18.0,4.8,13.2
JUL26-02202,Dinner,B02,Local Wine,1,18.0,4.8,13.2
JUL26-02209,Dinner,B02,Local Wine,1,18.0,4.8,13.2
JUL26-02216,Dinner,B02,Local Wine,1,18.0,4.8,13.2
JUL26-02223,Dinner,B02,Local Wine,1,18.0,4.8,13.2
JUL26-02230,Dinner,B02,Local Wine,1,18.0,4.8,13.2
JUL26-02237,Dinner,B02,Local Wine,1,18.0,4.8,13.2
JUL26-02244,Dinner,B02,Local Wine,1,18.0,4.8,13.2
JUL26-02251,Dinner,B02,Local Wine,1,18.0,4.8,13.2
JUL26-02258,Dinner,B02,Local Wine,1,18.0,4.8,13.2
JUL26-02265,Dinner,B02,Local Wine,1,18.0,4.8,13.2
JUL26-02272,Dinner,B02,Local Wine,1,18.0,4.8,13.2
JUL26-02279,Dinner,B02,Local Wine,1,18.0,4.8,13.2
JUL26-02286,Dinner,B02,Local Wine,1,18.0,4.8,13.2
JUL26-02293,Dinner,B02,Local Wine,1,18.0,4.8,13.2
JUL26-02300,Dinner,B02,Local Wine,1,18.0,4.8,13.2
JUL26-02307,Dinner,B02,Local Wine,1,18.0,4.8,13.2
JUL26-02314,Dinner,B02,Local Wine,1,18.0,4.8,13.2
JUL26-02321,Dinner,B02,Local Wine,1,18.0,4.8,13.2
JUL26-02328,Dinner,B02,Local Wine,1,18.0,4.8,13.2
JUL26-02335,Dinner,B02,Local Wine,1,18.0,4.8,13.2
JUL26-02342,Dinner,B02,Local Wine,1,18.0,4.8,13.2
JUL26-02349,Dinner,B02,Local Wine,1,18.0,4.8,13.2
JUL26-02356,Dinner,B02,Local Wine,1,18.0,4.8,13.2
JUL26-02363,Dinner,B02,Local Wine,1,18.0,4.8,13.2
JUL26-02370,Dinner,B02,Local Wine,1,18.0,4.8,13.2
JUL26-02377,Dinner,B02,Local Wine,1,18.0,4.8,13.2
JUL26-02384,Dinner,B02,Local Wine,1,18.0,4.8,13.2
JUL26-02391,Dinner,B02,Local Wine,1,18.0,4.8,13.2
JUL26-02398,Dinner,B02,Local Wine,1,18.0,4.8,13.2
JUL26-02405,Dinner,B02,Local Wine,1,18.0,4.8,13.2
JUL26-02412,Dinner,B02,Local Wine,1,18.0,4.8,13.2
JUL26-02419,Dinner,B02,Local Wine,1,18.0,4.8,13.2
JUL26-02426,Dinner,B02,Local Wine,1,18.0,4.8,13.2
JUL26-02433,Dinner,B02,Local Wine,1,18.0,4.8,13.2
JUL26-02440,Dinner,B02,Local Wine,1,18.0,4.8,13.2
JUL26-02447,Dinner,B02,Local Wine,1,18.0,4.8,13.2
JUL26-02454,Dinner,B02,Local Wine,1,18.0,4.8,13.2
JUL26-02461,Dinner,B02,Local Wine,1,18.0,4.8,13.2
JUL26-02468,Dinner,B02,Local Wine,1,18.0,4.8,13.2
JUL26-02475,Dinner,B02,Local Wine,1,18.0,4.8,13.2
JUL26-02482,Dinner,B02,Local Wine,1,18.0,4.8,13.2
JUL26-02489,Dinner,B02,Local Wine,1,18.0,4.8,13.2
JUL26-02496,Dinner,B02,Local Wine,1,18.0,4.8,13.2
JUL26-02503,Dinner,B02,Local Wine,1,18.0,4.8,13.2
JUL26-02510,Dinner,B02,Local Wine,1,18.0,4.8,13.2
JUL26-02517,Dinner,B02,Local Wine,1,18.0,4.8,13.2
JUL26-02524,Dinner,B02,Local Wine,1,18.0,4.8,13.2
JUL26-02531,Dinner,B02,Local Wine,1,18.0,4.8,13.2
JUL26-02538,Dinner,B02,Local Wine,1,18.0,4.8,13.2
JUL26-02545,Dinner,B02,Local Wine,1,18.0,4.8,13.2
JUL26-02552,Dinner,B02,Local Wine,1,18.0,4.8,13.2
JUL26-02559,Dinner,B02,Local Wine,1,18.0,4.8,13.2
JUL26-02566,Dinner,B02,Local Wine,1,18.0,4.8,13.2
JUL26-02573,Dinner,B02,Local Wine,1,18.0,4.8,13.2
JUL26-02580,Dinner,B02,Local Wine,1,18.0,4.8,13.2
JUL26-02587,Dinner,B02,Local Wine,1,18.0,4.8,13.2
JUL26-02594,Dinner,B02,Local Wine,1,18.0,4.8,13.2
JUL26-02601,Dinner,B02,Local Wine,1,18.0,4.8,13.2
JUL26-02608,Dinner,B02,Local Wine,1,18.0,4.8,13.2
JUL26-02615,Dinner,B02,Local Wine,1,18.0,4.8,13.2
JUL26-02622,Dinner,B02,Local Wine,1,18.0,4.8,13.2
JUL26-02629,Dinner,B02,Local Wine,1,18.0,4.8,13.2
JUL26-02636,Dinner,B02,Local Wine,1,18.0,4.8,13.2
JUL26-02643,Dinner,B02,Local Wine,1,18.0,4.8,13.2
JUL26-02650,Dinner,B02,Local Wine,1,18.0,4.8,13.2
JUL26-02657,Dinner,B02,Local Wine,1,18.0,4.8,13.2
JUL26-02664,Dinner,B02,Local Wine,1,18.0,4.8,13.2
JUL26-02671,Dinner,B02,Local Wine,1,18.0,4.8,13.2
JUL26-02678,Dinner,B02,Local Wine,1,18.0,4.8,13.2
JUL26-02685,Dinner,B02,Local Wine,1,18.0,4.8,13.2
JUL26-02692,Dinner,B02,Local Wine,1,18.0,4.8,13.2
JUL26-02699,Dinner,B02,Local Wine,1,18.0,4.8,13.2
JUL26-02706,Dinner,B02,Local Wine,1,18.0,4.8,13.2
JUL26-02713,Dinner,B02,Local Wine,1,18.0,4.8,13.2
JUL26-02720,Dinner,B02,Local Wine,1,18.0,4.8,13.2
JUL26-02727,Dinner,B02,Local Wine,1,18.0,4.8,13.2
JUL26-02734,Dinner,B02,Local Wine,1,18.0,4.8,13.2
JUL26-02741,Dinner,B02,Local Wine,1,18.0,4.8,13.2
JUL26-02748,Dinner,B02,Local Wine,1,18.0,4.8,13.2
JUL26-02755,Dinner,B02,Local Wine,1,18.0,4.8,13.2
JUL26-02762,Dinner,B02,Local Wine,1,18.0,4.8,13.2
JUL26-02769,Dinner,B02,Local Wine,1,18.0,4.8,13.2
JUL26-02776,Dinner,B02,Local Wine,1,18.0,4.8,13.2
JUL26-02783,Dinner,B02,Local Wine,1,18.0,4.8,13.2
JUL26-02790,Dinner,B02,Local Wine,1,18.0,4.8,13.2
JUL26-02797,Dinner,B02,Local Wine,1,18.0,4.8,13.2
JUL26-02804,Dinner,B02,Local Wine,1,18.0,4.8,13.2
JUL26-02811,Dinner,B02,Local Wine,1,18.0,4.8,13.2
JUL26-02818,Dinner,B02,Local Wine,1,18.0,4.8,13.2
JUL26-02825,Dinner,B02,Local Wine,1,18.0,4.8,13.2
JUL26-02832,Dinner,B02,Local Wine,1,18.0,4.8,13.2
JUL26-02839,Dinner,B02,Local Wine,1,18.0,4.8,13.2
JUL26-02846,Dinner,B02,Local Wine,1,18.0,4.8,13.2
JUL26-02853,Dinner,B02,Local Wine,1,18.0,4.8,13.2
JUL26-02860,Dinner,B02,Local Wine,1,18.0,4.8,13.2
JUL26-02867,Dinner,B02,Local Wine,1,18.0,4.8,13.2
JUL26-02874,Dinner,B02,Local Wine,1,18.0,4.8,13.2
JUL26-02881,Dinner,B02,Local Wine,1,18.0,4.8,13.2
JUL26-02888,Dinner,B02,Local Wine,1,18.0,4.8,13.2
JUL26-02895,Dinner,B02,Local Wine,1,18.0,4.8,13.2
JUL26-02902,Dinner,B02,Local Wine,1,18.0,4.8,13.2
JUL26-02909,Dinner,B02,Local Wine,1,18.0,4.8,13.2
JUL26-02916,Dinner,B02,Local Wine,1,18.0,4.8,13.2
JUL26-02923,Dinner,B02,Local Wine,1,18.0,4.8,13.2
JUL26-02930,Dinner,B02,Local Wine,1,18.0,4.8,13.2
JUL26-02937,Dinner,B02,Local Wine,1,18.0,4.8,13.2
JUL26-02944,Dinner,B02,Local Wine,1,18.0,4.8,13.2
JUL26-02951,Dinner,B02,Local Wine,1,18.0,4.8,13.2
JUL26-02958,Dinner,B02,Local Wine,1,18.0,4.8,13.2
JUL26-02965,Dinner,B02,Local Wine,1,18.0,4.8,13.2
JUL26-02972,Dinner,B02,Local Wine,1,18.0,4.8,13.2
JUL26-02979,Dinner,B02,Local Wine,1,18.0,4.8,13.2
JUL26-02986,Dinner,B02,Local Wine,1,18.0,4.8,13.2
JUL26-02993,Dinner,B02,Local Wine,1,18.0,4.8,13.2
JUL26-03000,Dinner,B02,Local Wine,1,18.0,4.8,13.2
JUL26-03007,Dinner,B02,Local Wine,1,18.0,4.8,13.2
JUL26-03014,Dinner,B02,Local Wine,1,18.0,4.8,13.2
JUL26-03021,Dinner,B02,Local Wine,1,18.0,4.8,13.2
JUL26-03028,Dinner,B02,Local Wine,1,18.0,4.8,13.2
JUL26-03035,Dinner,B02,Local Wine,1,18.0,4.8,13.2
JUL26-03042,Dinner,B02,Local Wine,1,18.0,4.8,13.2
JUL26-03049,Dinner,B02,Local Wine,1,18.0,4.8,13.2
JUL26-03056,Dinner,B02,Local Wine,1,18.0,4.8,13.2
JUL26-03063,Dinner,B02,Local Wine,1,18.0,4.8,13.2
JUL26-03070,Dinner,B02,Local Wine,1,18.0,4.8,13.2
JUL26-03077,Dinner,B02,Local Wine,1,18.0,4.8,13.2
JUL26-03084,Dinner,B02,Local Wine,1,18.0,4.8,13.2
JUL26-03091,Dinner,B02,Local Wine,1,18.0,4.8,13.2
JUL26-03098,Dinner,B02,Local Wine,1,18.0,4.8,13.2
JUL26-03105,Dinner,B02,Local Wine,1,18.0,4.8,13.2
JUL26-03112,Dinner,B02,Local Wine,1,18.0,4.8,13.2
JUL26-03119,Dinner,B02,Local Wine,1,18.0,4.8,13.2
JUL26-03126,Dinner,B02,Local Wine,1,18.0,4.8,13.2
JUL26-03133,Dinner,B02,Local Wine,1,18.0,4.8,13.2
JUL26-03140,Dinner,B02,Local Wine,1,18.0,4.8,13.2
JUL26-03147,Dinner,B02,Local Wine,1,18.0,4.8,13.2
JUL26-03154,Dinner,B02,Local Wine,1,18.0,4.8,13.2
JUL26-03161,Dinner,B02,Local Wine,1,18.0,4.8,13.2
JUL26-03168,Dinner,B02,Local Wine,1,18.0,4.8,13.2
JUL26-03175,Dinner,B02,Local Wine,1,18.0,4.8,13.2
JUL26-03182,Dinner,B02,Local Wine,1,18.0,4.8,13.2
JUL26-03189,Dinner,B02,Local Wine,1,18.0,4.8,13.2
JUL26-03196,Dinner,B02,Local Wine,1,18.0,4.8,13.2
JUL26-03203,Dinner,B02,Local Wine,1,18.0,4.8,13.2
JUL26-03210,Dinner,B02,Local Wine,1,18.0,4.8,13.2
JUL26-03217,Dinner,B02,Local Wine,1,18.0,4.8,13.2
JUL26-03224,Dinner,B02,Local Wine,1,18.0,4.8,13.2
JUL26-03231,Dinner,B02,Local Wine,1,18.0,4.8,13.2
JUL26-03238,Dinner,B02,Local Wine,1,18.0,4.8,13.2
JUL26-03245,Dinner,B02,Local Wine,1,18.0,4.8,13.2
JUL26-03252,Dinner,B02,Local Wine,1,18.0,4.8,13.2
JUL26-03259,Dinner,B02,Local Wine,1,18.0,4.8,13.2
JUL26-03266,Dinner,B02,Local Wine,1,18.0,4.8,13.2
JUL26-03273,Dinner,B02,Local Wine,1,18.0,4.8,13.2
JUL26-03280,Dinner,B02,Local Wine,1,18.0,4.8,13.2
JUL26-03287,Dinner,B02,Local Wine,1,18.0,4.8,13.2
JUL26-03294,Dinner,B02,Local Wine,1,18.0,4.8,13.2
JUL26-03301,Dinner,B02,Local Wine,1,18.0,4.8,13.2
JUL26-03308,Dinner,B02,Local Wine,1,18.0,4.8,13.2
JUL26-03315,Dinner,B02,Local Wine,1,18.0,4.8,13.2
JUL26-03322,Dinner,B02,Local Wine,1,18.0,4.8,13.2
JUL26-03329,Dinner,B02,Local Wine,1,18.0,4.8,13.2
JUL26-03336,Dinner,B02,Local Wine,1,18.0,4.8,13.2
JUL26-03343,Dinner,B02,Local Wine,1,18.0,4.8,13.2
JUL26-03350,Dinner,B02,Local Wine,1,18.0,4.8,13.2
JUL26-03357,Dinner,B02,Local Wine,1,18.0,4.8,13.2
JUL26-03364,Dinner,B02,Local Wine,1,18.0,4.8,13.2
JUL26-03371,Dinner,B02,Local Wine,1,18.0,4.8,13.2
JUL26-03378,Dinner,B02,Local Wine,1,18.0,4.8,13.2
JUL26-03385,Dinner,B02,Local Wine,1,18.0,4.8,13.2
JUL26-03392,Dinner,B02,Local Wine,1,18.0,4.8,13.2
JUL26-03399,Dinner,B02,Local Wine,1,18.0,4.8,13.2
JUL26-03406,Dinner,B02,Local Wine,1,18.0,4.8,13.2
JUL26-03413,Dinner,B02,Local Wine,1,18.0,4.8,13.2
JUL26-03420,Dinner,B02,Local Wine,1,18.0,4.8,13.2
JUL26-03427,Dinner,B02,Local Wine,1,18.0,4.8,13.2
JUL26-03434,Dinner,B02,Local Wine,1,18.0,4.8,13.2
JUL26-03441,Dinner,B02,Local Wine,1,18.0,4.8,13.2
JUL26-03448,Dinner,B02,Local Wine,1,18.0,4.8,13.2
JUL26-03455,Dinner,B02,Local Wine,1,18.0,4.8,13.2
JUL26-03462,Dinner,B02,Local Wine,1,18.0,4.8,13.2
JUL26-03469,Dinner,B02,Local Wine,1,18.0,4.8,13.2
JUL26-03476,Dinner,B02,Local Wine,1,18.0,4.8,13.2
JUL26-03483,Dinner,B02,Local Wine,1,18.0,4.8,13.2
JUL26-03490,Dinner,B02,Local Wine,1,18.0,4.8,13.2
JUL26-03497,Dinner,B02,Local Wine,1,18.0,4.8,13.2
JUL26-03504,Dinner,B02,Local Wine,1,18.0,4.8,13.2
JUL26-03511,Dinner,B02,Local Wine,1,18.0,4.8,13.2
JUL26-03518,Dinner,B02,Local Wine,1,18.0,4.8,13.2
JUL26-03525,Dinner,B02,Local Wine,1,18.0,4.8,13.2
JUL26-03532,Dinner,B02,Local Wine,1,18.0,4.8,13.2
JUL26-03539,Dinner,B02,Local Wine,1,18.0,4.8,13.2
JUL26-03546,Dinner,B02,Local Wine,1,18.0,4.8,13.2
JUL26-03553,Dinner,B02,Local Wine,1,18.0,4.8,13.2
JUL26-03560,Dinner,B02,Local Wine,1,18.0,4.8,13.2
JUL26-03567,Dinner,B02,Local Wine,1,18.0,4.8,13.2
JUL26-03574,Dinner,B02,Local Wine,1,18.0,4.8,13.2
JUL26-03581,Dinner,B02,Local Wine,1,18.0,4.8,13.2
JUL26-03588,Dinner,B02,Local Wine,1,18.0,4.8,13.2
JUL26-03595,Dinner,B02,Local Wine,1,18.0,4.8,13.2
JUL26-03602,Dinner,B02,Local Wine,1,18.0,4.8,13.2
JUL26-03609,Dinner,B02,Local Wine,1,18.0,4.8,13.2
JUL26-03616,Dinner,B02,Local Wine,1,18.0,4.8,13.2
JUL26-03623,Dinner,B02,Local Wine,1,18.0,4.8,13.2
JUL26-03630,Dinner,B02,Local Wine,1,18.0,4.8,13.2
JUL26-03637,Dinner,B02,Local Wine,1,18.0,4.8,13.2
JUL26-03644,Dinner,B02,Local Wine,1,18.0,4.8,13.2
JUL26-03651,Dinner,B02,Local Wine,1,18.0,4.8,13.2
JUL26-03658,Dinner,B02,Local Wine,1,18.0,4.8,13.2
JUL26-03665,Dinner,B02,Local Wine,1,18.0,4.8,13.2
JUL26-03672,Dinner,B02,Local Wine,1,18.0,4.8,13.2
JUL26-03679,Dinner,B02,Local Wine,1,18.0,4.8,13.2
JUL26-03686,Dinner,B02,Local Wine,1,18.0,4.8,13.2
JUL26-03693,Dinner,B02,Local Wine,1,18.0,4.8,13.2
JUL26-03700,Dinner,B02,Local Wine,1,18.0,4.8,13.2
JUL26-03707,Dinner,B02,Local Wine,1,18.0,4.8,13.2
JUL26-03714,Dinner,B02,Local Wine,1,18.0,4.8,13.2
JUL26-03721,Dinner,B02,Local Wine,1,18.0,4.8,13.2
JUL26-03728,Dinner,B02,Local Wine,1,18.0,4.8,13.2
JUL26-03735,Dinner,B02,Local Wine,1,18.0,4.8,13.2
JUL26-03742,Dinner,B02,Local Wine,1,18.0,4.8,13.2
JUL26-03749,Dinner,B02,Local Wine,1,18.0,4.8,13.2
JUL26-03756,Dinner,B02,Local Wine,1,18.0,4.8,13.2
JUL26-03763,Dinner,B02,Local Wine,1,18.0,4.8,13.2
JUL26-03770,Dinner,B02,Local Wine,1,18.0,4.8,13.2
JUL26-03777,Dinner,B02,Local Wine,1,18.0,4.8,13.2
JUL26-03784,Dinner,B02,Local Wine,1,18.0,4.8,13.2
JUL26-03791,Dinner,B02,Local Wine,1,18.0,4.8,13.2
JUL26-03798,Dinner,B02,Local Wine,1,18.0,4.8,13.2
JUL26-03805,Dinner,B02,Local Wine,1,18.0,4.8,13.2
JUL26-03812,Dinner,B02,Local Wine,1,18.0,4.8,13.2
JUL26-03819,Dinner,B02,Local Wine,1,18.0,4.8,13.2
JUL26-03826,Dinner,B02,Local Wine,1,18.0,4.8,13.2
JUL26-03833,Dinner,B02,Local Wine,1,18.0,4.8,13.2
JUL26-03840,Dinner,B02,Local Wine,1,18.0,4.8,13.2
JUL26-03847,Dinner,B02,Local Wine,1,18.0,4.8,13.2
JUL26-03854,Dinner,B02,Local Wine,1,18.0,4.8,13.2
JUL26-03861,Dinner,B02,Local Wine,1,18.0,4.8,13.2
JUL26-03868,Dinner,B02,Local Wine,1,18.0,4.8,13.2
JUL26-03875,Dinner,B02,Local Wine,1,18.0,4.8,13.2
JUL26-03882,Dinner,B02,Local Wine,1,18.0,4.8,13.2
JUL26-03889,Dinner,B02,Local Wine,1,18.0,4.8,13.2
JUL26-03896,Dinner,B02,Local Wine,1,18.0,4.8,13.2
JUL26-03903,Dinner,B02,Local Wine,1,18.0,4.8,13.2
JUL26-03910,Dinner,B02,Local Wine,1,18.0,4.8,13.2
JUL26-03917,Dinner,B02,Local Wine,1,18.0,4.8,13.2
JUL26-03924,Dinner,B02,Local Wine,1,18.0,4.8,13.2
JUL26-03931,Dinner,B02,Local Wine,1,18.0,4.8,13.2
JUL26-03938,Dinner,B02,Local Wine,1,18.0,4.8,13.2
JUL26-03945,Dinner,B02,Local Wine,1,18.0,4.8,13.2
JUL26-03952,Dinner,B02,Local Wine,1,18.0,4.8,13.2
JUL26-03959,Dinner,B02,Local Wine,1,18.0,4.8,13.2
JUL26-03966,Dinner,B02,Local Wine,1,18.0,4.8,13.2
JUL26-03973,Dinner,B02,Local Wine,1,18.0,4.8,13.2
JUL26-03980,Dinner,B02,Local Wine,1,18.0,4.8,13.2
JUL26-03987,Dinner,B02,Local Wine,1,18.0,4.8,13.2
JUL26-03994,Dinner,B02,Local Wine,1,18.0,4.8,13.2
JUL26-04001,Dinner,B02,Local Wine,1,18.0,4.8,13.2
JUL26-04008,Dinner,B02,Local Wine,1,18.0,4.8,13.2
JUL26-04015,Dinner,B02,Local Wine,1,18.0,4.8,13.2
JUL26-04022,Dinner,B02,Local Wine,1,18.0,4.8,13.2
JUL26-04029,Dinner,B02,Local Wine,1,18.0,4.8,13.2
JUL26-04036,Dinner,B02,Local Wine,1,18.0,4.8,13.2
JUL26-04043,Dinner,B02,Local Wine,1,18.0,4.8,13.2
JUL26-04050,Dinner,B02,Local Wine,1,18.0,4.8,13.2
JUL26-04057,Dinner,B02,Local Wine,1,18.0,4.8,13.2
JUL26-04064,Dinner,B02,Local Wine,1,18.0,4.8,13.2
JUL26-04071,Dinner,B02,Local Wine,1,18.0,4.8,13.2
JUL26-04078,Dinner,B02,Local Wine,1,18.0,4.8,13.2
JUL26-04085,Dinner,B02,Local Wine,1,18.0,4.8,13.2
JUL26-04092,Dinner,B02,Local Wine,1,18.0,4.8,13.2
JUL26-04099,Dinner,B02,Local Wine,1,18.0,4.8,13.2
JUL26-04106,Dinner,B02,Local Wine,1,18.0,4.8,13.2
JUL26-04113,Dinner,B02,Local Wine,1,18.0,4.8,13.2
JUL26-04120,Dinner,B02,Local Wine,1,18.0,4.8,13.2
JUL26-04127,Dinner,B02,Local Wine,1,18.0,4.8,13.2
JUL26-04134,Dinner,B02,Local Wine,1,18.0,4.8,13.2
JUL26-04141,Dinner,B02,Local Wine,1,18.0,4.8,13.2
JUL26-04148,Dinner,B02,Local Wine,1,18.0,4.8,13.2
JUL26-04155,Dinner,B02,Local Wine,1,18.0,4.8,13.2
JUL26-04162,Dinner,B02,Local Wine,1,18.0,4.8,13.2
JUL26-04169,Dinner,B02,Local Wine,1,18.0,4.8,13.2
JUL26-04176,Dinner,B02,Local Wine,1,18.0,4.8,13.2
JUL26-04183,Dinner,B02,Local Wine,1,18.0,4.8,13.2
JUL26-04190,Dinner,B02,Local Wine,1,18.0,4.8,13.2
JUL26-04197,Dinner,B02,Local Wine,1,18.0,4.8,13.2
JUL26-04204,Dinner,B02,Local Wine,1,18.0,4.8,13.2
JUL26-04211,Dinner,B02,Local Wine,1,18.0,4.8,13.2
JUL26-04218,Dinner,B02,Local Wine,1,18.0,4.8,13.2
JUL26-04225,Dinner,B02,Local Wine,1,18.0,4.8,13.2
JUL26-04232,Dinner,B02,Local Wine,1,18.0,4.8,13.2
JUL26-04239,Dinner,B02,Local Wine,1,18.0,4.8,13.2
JUL26-04246,Dinner,B02,Local Wine,1,18.0,4.8,13.2
JUL26-04253,Dinner,B02,Local Wine,1,18.0,4.8,13.2
JUL26-04260,Dinner,B02,Local Wine,1,18.0,4.8,13.2
JUL26-04267,Dinner,B02,Local Wine,1,18.0,4.8,13.2
JUL26-04274,Dinner,B02,Local Wine,1,18.0,4.8,13.2
JUL26-04281,Dinner,B02,Local Wine,1,18.0,4.8,13.2
JUL26-04288,Dinner,B02,Local Wine,1,18.0,4.8,13.2
JUL26-04295,Dinner,B02,Local Wine,1,18.0,4.8,13.2
JUL26-04302,Dinner,B02,Local Wine,1,18.0,4.8,13.2
JUL26-04309,Dinner,B02,Local Wine,1,18.0,4.8,13.2
JUL26-04316,Dinner,B02,Local Wine,1,18.0,4.8,13.2
JUL26-04323,Dinner,B02,Local Wine,1,18.0,4.8,13.2
JUL26-04330,Dinner,B02,Local Wine,1,18.0,4.8,13.2
JUL26-04337,Dinner,B02,Local Wine,1,18.0,4.8,13.2
JUL26-04344,Dinner,B02,Local Wine,1,18.0,4.8,13.2
JUL26-04351,Dinner,B02,Local Wine,1,18.0,4.8,13.2
JUL26-04358,Dinner,B02,Local Wine,1,18.0,4.8,13.2
JUL26-04365,Dinner,B02,Local Wine,1,18.0,4.8,13.2
JUL26-04372,Dinner,B02,Local Wine,1,18.0,4.8,13.2
JUL26-04379,Dinner,B02,Local Wine,1,18.0,4.8,13.2
JUL26-04386,Dinner,B02,Local Wine,1,18.0,4.8,13.2
JUL26-04393,Dinner,B02,Local Wine,1,18.0,4.8,13.2
JUL26-04400,Dinner,B02,Local Wine,1,18.0,4.8,13.2
JUL26-04407,Dinner,B02,Local Wine,1,18.0,4.8,13.2
JUL26-04414,Dinner,B02,Local Wine,1,18.0,4.8,13.2
JUL26-04421,Dinner,B02,Local Wine,1,18.0,4.8,13.2
JUL26-04428,Dinner,B02,Local Wine,1,18.0,4.8,13.2
JUL26-04435,Dinner,B02,Local Wine,1,18.0,4.8,13.2
JUL26-04442,Dinner,B02,Local Wine,1,18.0,4.8,13.2
JUL26-04449,Dinner,B02,Local Wine,1,18.0,4.8,13.2
JUL26-04456,Dinner,B02,Local Wine,1,18.0,4.8,13.2
JUL26-04463,Dinner,B02,Local Wine,1,18.0,4.8,13.2
JUL26-04470,Dinner,B02,Local Wine,1,18.0,4.8,13.2
JUL26-04477,Dinner,B02,Local Wine,1,18.0,4.8,13.2
JUL26-04484,Dinner,B02,Local Wine,1,18.0,4.8,13.2
JUL26-04491,Dinner,B02,Local Wine,1,18.0,4.8,13.2
JUL26-01778,Lunch,B03,Soft Drinks,1,5.0,0.9,4.1
JUL26-01785,Lunch,B03,Soft Drinks,1,5.0,0.9,4.1
JUL26-01792,Lunch,B03,Soft Drinks,1,5.0,0.9,4.1
JUL26-01799,Lunch,B03,Soft Drinks,1,5.0,0.9,4.1
JUL26-01806,Lunch,B03,Soft Drinks,1,5.0,0.9,4.1
JUL26-01813,Lunch,B03,Soft Drinks,1,5.0,0.9,4.1
JUL26-01820,Lunch,B03,Soft Drinks,1,5.0,0.9,4.1
JUL26-01827,Lunch,B03,Soft Drinks,1,5.0,0.9,4.1
JUL26-01834,Lunch,B03,Soft Drinks,1,5.0,0.9,4.1
JUL26-01841,Lunch,B03,Soft Drinks,1,5.0,0.9,4.1
JUL26-01848,Lunch,B03,Soft Drinks,1,5.0,0.9,4.1
JUL26-01855,Lunch,B03,Soft Drinks,1,5.0,0.9,4.1
JUL26-01862,Lunch,B03,Soft Drinks,1,5.0,0.9,4.1
JUL26-01869,Lunch,B03,Soft Drinks,1,5.0,0.9,4.1
JUL26-01876,Lunch,B03,Soft Drinks,1,5.0,0.9,4.1
JUL26-01883,Lunch,B03,Soft Drinks,1,5.0,0.9,4.1
JUL26-01890,Lunch,B03,Soft Drinks,1,5.0,0.9,4.1
JUL26-01897,Lunch,B03,Soft Drinks,1,5.0,0.9,4.1
JUL26-01904,Lunch,B03,Soft Drinks,1,5.0,0.9,4.1
JUL26-01911,Lunch,B03,Soft Drinks,1,5.0,0.9,4.1
JUL26-01918,Lunch,B03,Soft Drinks,1,5.0,0.9,4.1
JUL26-01925,Lunch,B03,Soft Drinks,1,5.0,0.9,4.1
JUL26-01932,Lunch,B03,Soft Drinks,1,5.0,0.9,4.1
JUL26-01939,Lunch,B03,Soft Drinks,1,5.0,0.9,4.1
JUL26-01946,Lunch,B03,Soft Drinks,1,5.0,0.9,4.1
JUL26-01953,Lunch,B03,Soft Drinks,1,5.0,0.9,4.1
JUL26-01960,Lunch,B03,Soft Drinks,1,5.0,0.9,4.1
JUL26-01967,Lunch,B03,Soft Drinks,1,5.0,0.9,4.1
JUL26-01974,Lunch,B03,Soft Drinks,1,5.0,0.9,4.1
JUL26-01981,Lunch,B03,Soft Drinks,1,5.0,0.9,4.1
JUL26-01988,Lunch,B03,Soft Drinks,1,5.0,0.9,4.1
JUL26-01995,Lunch,B03,Soft Drinks,1,5.0,0.9,4.1
JUL26-02002,Lunch,B03,Soft Drinks,1,5.0,0.9,4.1
JUL26-02009,Lunch,B03,Soft Drinks,1,5.0,0.9,4.1
JUL26-02016,Lunch,B03,Soft Drinks,1,5.0,0.9,4.1
JUL26-02023,Lunch,B03,Soft Drinks,1,5.0,0.9,4.1
JUL26-02030,Lunch,B03,Soft Drinks,1,5.0,0.9,4.1
JUL26-02037,Lunch,B03,Soft Drinks,1,5.0,0.9,4.1
JUL26-02044,Lunch,B03,Soft Drinks,1,5.0,0.9,4.1
JUL26-02051,Lunch,B03,Soft Drinks,1,5.0,0.9,4.1
JUL26-02058,Lunch,B03,Soft Drinks,1,5.0,0.9,4.1
JUL26-02065,Lunch,B03,Soft Drinks,1,5.0,0.9,4.1
JUL26-02072,Lunch,B03,Soft Drinks,1,5.0,0.9,4.1
JUL26-02079,Lunch,B03,Soft Drinks,1,5.0,0.9,4.1
JUL26-02086,Lunch,B03,Soft Drinks,1,5.0,0.9,4.1
JUL26-02093,Lunch,B03,Soft Drinks,1,5.0,0.9,4.1
JUL26-02100,Lunch,B03,Soft Drinks,1,5.0,0.9,4.1
JUL26-02107,Lunch,B03,Soft Drinks,1,5.0,0.9,4.1
JUL26-02114,Lunch,B03,Soft Drinks,1,5.0,0.9,4.1
JUL26-02121,Lunch,B03,Soft Drinks,1,5.0,0.9,4.1
JUL26-02128,Lunch,B03,Soft Drinks,1,5.0,0.9,4.1
JUL26-02135,Lunch,B03,Soft Drinks,1,5.0,0.9,4.1
JUL26-02142,Lunch,B03,Soft Drinks,1,5.0,0.9,4.1
JUL26-02149,Lunch,B03,Soft Drinks,1,5.0,0.9,4.1
JUL26-02156,Lunch,B03,Soft Drinks,1,5.0,0.9,4.1
JUL26-02163,Lunch,B03,Soft Drinks,1,5.0,0.9,4.1
JUL26-02170,Lunch,B03,Soft Drinks,1,5.0,0.9,4.1
JUL26-02177,Lunch,B03,Soft Drinks,1,5.0,0.9,4.1
JUL26-02184,Dinner,B03,Soft Drinks,1,5.0,0.9,4.1
JUL26-02191,Dinner,B03,Soft Drinks,1,5.0,0.9,4.1
JUL26-02198,Dinner,B03,Soft Drinks,1,5.0,0.9,4.1
JUL26-02205,Dinner,B03,Soft Drinks,1,5.0,0.9,4.1
JUL26-02212,Dinner,B03,Soft Drinks,1,5.0,0.9,4.1
JUL26-02219,Dinner,B03,Soft Drinks,1,5.0,0.9,4.1
JUL26-02226,Dinner,B03,Soft Drinks,1,5.0,0.9,4.1
JUL26-02233,Dinner,B03,Soft Drinks,1,5.0,0.9,4.1
JUL26-02240,Dinner,B03,Soft Drinks,1,5.0,0.9,4.1
JUL26-02247,Dinner,B03,Soft Drinks,1,5.0,0.9,4.1
JUL26-02254,Dinner,B03,Soft Drinks,1,5.0,0.9,4.1
JUL26-02261,Dinner,B03,Soft Drinks,1,5.0,0.9,4.1
JUL26-02268,Dinner,B03,Soft Drinks,1,5.0,0.9,4.1
JUL26-02275,Dinner,B03,Soft Drinks,1,5.0,0.9,4.1
JUL26-02282,Dinner,B03,Soft Drinks,1,5.0,0.9,4.1
JUL26-02289,Dinner,B03,Soft Drinks,1,5.0,0.9,4.1
JUL26-02296,Dinner,B03,Soft Drinks,1,5.0,0.9,4.1
JUL26-02303,Dinner,B03,Soft Drinks,1,5.0,0.9,4.1
JUL26-02310,Dinner,B03,Soft Drinks,1,5.0,0.9,4.1
JUL26-02317,Dinner,B03,Soft Drinks,1,5.0,0.9,4.1
JUL26-02324,Dinner,B03,Soft Drinks,1,5.0,0.9,4.1
JUL26-02331,Dinner,B03,Soft Drinks,1,5.0,0.9,4.1
JUL26-02338,Dinner,B03,Soft Drinks,1,5.0,0.9,4.1
JUL26-02345,Dinner,B03,Soft Drinks,1,5.0,0.9,4.1
JUL26-02352,Dinner,B03,Soft Drinks,1,5.0,0.9,4.1
JUL26-02359,Dinner,B03,Soft Drinks,1,5.0,0.9,4.1
JUL26-02366,Dinner,B03,Soft Drinks,1,5.0,0.9,4.1
JUL26-02373,Dinner,B03,Soft Drinks,1,5.0,0.9,4.1
JUL26-02380,Dinner,B03,Soft Drinks,1,5.0,0.9,4.1
JUL26-02387,Dinner,B03,Soft Drinks,1,5.0,0.9,4.1
JUL26-02394,Dinner,B03,Soft Drinks,1,5.0,0.9,4.1
JUL26-02401,Dinner,B03,Soft Drinks,1,5.0,0.9,4.1
JUL26-02408,Dinner,B03,Soft Drinks,1,5.0,0.9,4.1
JUL26-02415,Dinner,B03,Soft Drinks,1,5.0,0.9,4.1
JUL26-02422,Dinner,B03,Soft Drinks,1,5.0,0.9,4.1
JUL26-02429,Dinner,B03,Soft Drinks,1,5.0,0.9,4.1
JUL26-02436,Dinner,B03,Soft Drinks,1,5.0,0.9,4.1
JUL26-02443,Dinner,B03,Soft Drinks,1,5.0,0.9,4.1
JUL26-02450,Dinner,B03,Soft Drinks,1,5.0,0.9,4.1
JUL26-02457,Dinner,B03,Soft Drinks,1,5.0,0.9,4.1
JUL26-02464,Dinner,B03,Soft Drinks,1,5.0,0.9,4.1
JUL26-02471,Dinner,B03,Soft Drinks,1,5.0,0.9,4.1
JUL26-02478,Dinner,B03,Soft Drinks,1,5.0,0.9,4.1
JUL26-02485,Dinner,B03,Soft Drinks,1,5.0,0.9,4.1
JUL26-02492,Dinner,B03,Soft Drinks,1,5.0,0.9,4.1
JUL26-02499,Dinner,B03,Soft Drinks,1,5.0,0.9,4.1
JUL26-02506,Dinner,B03,Soft Drinks,1,5.0,0.9,4.1
JUL26-02513,Dinner,B03,Soft Drinks,1,5.0,0.9,4.1
JUL26-02520,Dinner,B03,Soft Drinks,1,5.0,0.9,4.1
JUL26-02527,Dinner,B03,Soft Drinks,1,5.0,0.9,4.1
JUL26-02534,Dinner,B03,Soft Drinks,1,5.0,0.9,4.1
JUL26-02541,Dinner,B03,Soft Drinks,1,5.0,0.9,4.1
JUL26-02548,Dinner,B03,Soft Drinks,1,5.0,0.9,4.1
JUL26-02555,Dinner,B03,Soft Drinks,1,5.0,0.9,4.1
JUL26-02562,Dinner,B03,Soft Drinks,1,5.0,0.9,4.1
JUL26-02569,Dinner,B03,Soft Drinks,1,5.0,0.9,4.1
JUL26-02576,Dinner,B03,Soft Drinks,1,5.0,0.9,4.1
JUL26-02583,Dinner,B03,Soft Drinks,1,5.0,0.9,4.1
JUL26-02590,Dinner,B03,Soft Drinks,1,5.0,0.9,4.1
JUL26-02597,Dinner,B03,Soft Drinks,1,5.0,0.9,4.1
JUL26-02604,Dinner,B03,Soft Drinks,1,5.0,0.9,4.1
JUL26-02611,Dinner,B03,Soft Drinks,1,5.0,0.9,4.1
JUL26-02618,Dinner,B03,Soft Drinks,1,5.0,0.9,4.1
JUL26-02625,Dinner,B03,Soft Drinks,1,5.0,0.9,4.1
JUL26-02632,Dinner,B03,Soft Drinks,1,5.0,0.9,4.1
JUL26-02639,Dinner,B03,Soft Drinks,1,5.0,0.9,4.1
JUL26-02646,Dinner,B03,Soft Drinks,1,5.0,0.9,4.1
JUL26-02653,Dinner,B03,Soft Drinks,1,5.0,0.9,4.1
JUL26-02660,Dinner,B03,Soft Drinks,1,5.0,0.9,4.1
JUL26-02667,Dinner,B03,Soft Drinks,1,5.0,0.9,4.1
JUL26-02674,Dinner,B03,Soft Drinks,1,5.0,0.9,4.1
JUL26-02681,Dinner,B03,Soft Drinks,1,5.0,0.9,4.1
JUL26-02688,Dinner,B03,Soft Drinks,1,5.0,0.9,4.1
JUL26-02695,Dinner,B03,Soft Drinks,1,5.0,0.9,4.1
JUL26-02702,Dinner,B03,Soft Drinks,1,5.0,0.9,4.1
JUL26-02709,Dinner,B03,Soft Drinks,1,5.0,0.9,4.1
JUL26-02716,Dinner,B03,Soft Drinks,1,5.0,0.9,4.1
JUL26-02723,Dinner,B03,Soft Drinks,1,5.0,0.9,4.1
JUL26-02730,Dinner,B03,Soft Drinks,1,5.0,0.9,4.1
JUL26-02737,Dinner,B03,Soft Drinks,1,5.0,0.9,4.1
JUL26-02744,Dinner,B03,Soft Drinks,1,5.0,0.9,4.1
JUL26-02751,Dinner,B03,Soft Drinks,1,5.0,0.9,4.1
JUL26-02758,Dinner,B03,Soft Drinks,1,5.0,0.9,4.1
JUL26-02765,Dinner,B03,Soft Drinks,1,5.0,0.9,4.1
JUL26-02772,Dinner,B03,Soft Drinks,1,5.0,0.9,4.1
JUL26-02779,Dinner,B03,Soft Drinks,1,5.0,0.9,4.1
JUL26-02786,Dinner,B03,Soft Drinks,1,5.0,0.9,4.1
JUL26-02793,Dinner,B03,Soft Drinks,1,5.0,0.9,4.1
JUL26-02800,Dinner,B03,Soft Drinks,1,5.0,0.9,4.1
JUL26-02807,Dinner,B03,Soft Drinks,1,5.0,0.9,4.1
JUL26-02814,Dinner,B03,Soft Drinks,1,5.0,0.9,4.1
JUL26-02821,Dinner,B03,Soft Drinks,1,5.0,0.9,4.1
JUL26-02828,Dinner,B03,Soft Drinks,1,5.0,0.9,4.1
JUL26-02835,Dinner,B03,Soft Drinks,1,5.0,0.9,4.1
JUL26-02842,Dinner,B03,Soft Drinks,1,5.0,0.9,4.1
JUL26-02849,Dinner,B03,Soft Drinks,1,5.0,0.9,4.1
JUL26-02856,Dinner,B03,Soft Drinks,1,5.0,0.9,4.1
JUL26-02863,Dinner,B03,Soft Drinks,1,5.0,0.9,4.1
JUL26-02870,Dinner,B03,Soft Drinks,1,5.0,0.9,4.1
JUL26-02877,Dinner,B03,Soft Drinks,1,5.0,0.9,4.1
JUL26-02884,Dinner,B03,Soft Drinks,1,5.0,0.9,4.1
JUL26-02891,Dinner,B03,Soft Drinks,1,5.0,0.9,4.1
JUL26-02898,Dinner,B03,Soft Drinks,1,5.0,0.9,4.1
JUL26-02905,Dinner,B03,Soft Drinks,1,5.0,0.9,4.1
JUL26-02912,Dinner,B03,Soft Drinks,1,5.0,0.9,4.1
JUL26-02919,Dinner,B03,Soft Drinks,1,5.0,0.9,4.1
JUL26-02926,Dinner,B03,Soft Drinks,1,5.0,0.9,4.1
JUL26-02933,Dinner,B03,Soft Drinks,1,5.0,0.9,4.1
JUL26-02940,Dinner,B03,Soft Drinks,1,5.0,0.9,4.1
JUL26-02947,Dinner,B03,Soft Drinks,1,5.0,0.9,4.1
JUL26-02954,Dinner,B03,Soft Drinks,1,5.0,0.9,4.1
JUL26-02961,Dinner,B03,Soft Drinks,1,5.0,0.9,4.1
JUL26-02968,Dinner,B03,Soft Drinks,1,5.0,0.9,4.1
JUL26-02975,Dinner,B03,Soft Drinks,1,5.0,0.9,4.1
JUL26-02982,Dinner,B03,Soft Drinks,1,5.0,0.9,4.1
JUL26-02989,Dinner,B03,Soft Drinks,1,5.0,0.9,4.1
JUL26-02996,Dinner,B03,Soft Drinks,1,5.0,0.9,4.1
JUL26-03003,Dinner,B03,Soft Drinks,1,5.0,0.9,4.1
JUL26-03010,Dinner,B03,Soft Drinks,1,5.0,0.9,4.1
JUL26-03017,Dinner,B03,Soft Drinks,1,5.0,0.9,4.1
JUL26-03024,Dinner,B03,Soft Drinks,1,5.0,0.9,4.1
JUL26-03031,Dinner,B03,Soft Drinks,1,5.0,0.9,4.1
JUL26-03038,Dinner,B03,Soft Drinks,1,5.0,0.9,4.1
JUL26-03045,Dinner,B03,Soft Drinks,1,5.0,0.9,4.1
JUL26-03052,Dinner,B03,Soft Drinks,1,5.0,0.9,4.1
JUL26-03059,Dinner,B03,Soft Drinks,1,5.0,0.9,4.1
JUL26-03066,Dinner,B03,Soft Drinks,1,5.0,0.9,4.1
JUL26-03073,Dinner,B03,Soft Drinks,1,5.0,0.9,4.1
JUL26-03080,Dinner,B03,Soft Drinks,1,5.0,0.9,4.1
JUL26-03087,Dinner,B03,Soft Drinks,1,5.0,0.9,4.1
JUL26-03094,Dinner,B03,Soft Drinks,1,5.0,0.9,4.1
JUL26-03101,Dinner,B03,Soft Drinks,1,5.0,0.9,4.1
JUL26-03108,Dinner,B03,Soft Drinks,1,5.0,0.9,4.1
JUL26-03115,Dinner,B03,Soft Drinks,1,5.0,0.9,4.1
JUL26-03122,Dinner,B03,Soft Drinks,1,5.0,0.9,4.1
JUL26-03129,Dinner,B03,Soft Drinks,1,5.0,0.9,4.1
JUL26-03136,Dinner,B03,Soft Drinks,1,5.0,0.9,4.1
JUL26-03143,Dinner,B03,Soft Drinks,1,5.0,0.9,4.1
JUL26-03150,Dinner,B03,Soft Drinks,1,5.0,0.9,4.1
JUL26-03157,Dinner,B03,Soft Drinks,1,5.0,0.9,4.1
JUL26-03164,Dinner,B03,Soft Drinks,1,5.0,0.9,4.1
JUL26-03171,Dinner,B03,Soft Drinks,1,5.0,0.9,4.1
JUL26-03178,Dinner,B03,Soft Drinks,1,5.0,0.9,4.1
JUL26-03185,Dinner,B03,Soft Drinks,1,5.0,0.9,4.1
JUL26-03192,Dinner,B03,Soft Drinks,1,5.0,0.9,4.1
JUL26-03199,Dinner,B03,Soft Drinks,1,5.0,0.9,4.1
JUL26-03206,Dinner,B03,Soft Drinks,1,5.0,0.9,4.1
JUL26-03213,Dinner,B03,Soft Drinks,1,5.0,0.9,4.1
JUL26-03220,Dinner,B03,Soft Drinks,1,5.0,0.9,4.1
JUL26-03227,Dinner,B03,Soft Drinks,1,5.0,0.9,4.1
JUL26-03234,Dinner,B03,Soft Drinks,1,5.0,0.9,4.1
JUL26-03241,Dinner,B03,Soft Drinks,1,5.0,0.9,4.1
JUL26-03248,Dinner,B03,Soft Drinks,1,5.0,0.9,4.1
JUL26-03255,Dinner,B03,Soft Drinks,1,5.0,0.9,4.1
JUL26-03262,Dinner,B03,Soft Drinks,1,5.0,0.9,4.1
JUL26-03269,Dinner,B03,Soft Drinks,1,5.0,0.9,4.1
JUL26-03276,Dinner,B03,Soft Drinks,1,5.0,0.9,4.1
JUL26-03283,Dinner,B03,Soft Drinks,1,5.0,0.9,4.1
JUL26-03290,Dinner,B03,Soft Drinks,1,5.0,0.9,4.1
JUL26-03297,Dinner,B03,Soft Drinks,1,5.0,0.9,4.1
JUL26-03304,Dinner,B03,Soft Drinks,1,5.0,0.9,4.1
JUL26-03311,Dinner,B03,Soft Drinks,1,5.0,0.9,4.1
JUL26-03318,Dinner,B03,Soft Drinks,1,5.0,0.9,4.1
JUL26-03325,Dinner,B03,Soft Drinks,1,5.0,0.9,4.1
JUL26-03332,Dinner,B03,Soft Drinks,1,5.0,0.9,4.1
JUL26-03339,Dinner,B03,Soft Drinks,1,5.0,0.9,4.1
JUL26-03346,Dinner,B03,Soft Drinks,1,5.0,0.9,4.1
JUL26-03353,Dinner,B03,Soft Drinks,1,5.0,0.9,4.1
JUL26-03360,Dinner,B03,Soft Drinks,1,5.0,0.9,4.1
JUL26-03367,Dinner,B03,Soft Drinks,1,5.0,0.9,4.1
JUL26-03374,Dinner,B03,Soft Drinks,1,5.0,0.9,4.1
JUL26-03381,Dinner,B03,Soft Drinks,1,5.0,0.9,4.1
JUL26-03388,Dinner,B03,Soft Drinks,1,5.0,0.9,4.1
JUL26-03395,Dinner,B03,Soft Drinks,1,5.0,0.9,4.1
JUL26-03402,Dinner,B03,Soft Drinks,1,5.0,0.9,4.1
JUL26-03409,Dinner,B03,Soft Drinks,1,5.0,0.9,4.1
JUL26-03416,Dinner,B03,Soft Drinks,1,5.0,0.9,4.1
JUL26-03423,Dinner,B03,Soft Drinks,1,5.0,0.9,4.1
JUL26-03430,Dinner,B03,Soft Drinks,1,5.0,0.9,4.1
JUL26-03437,Dinner,B03,Soft Drinks,1,5.0,0.9,4.1
JUL26-03444,Dinner,B03,Soft Drinks,1,5.0,0.9,4.1
JUL26-03451,Dinner,B03,Soft Drinks,1,5.0,0.9,4.1
JUL26-03458,Dinner,B03,Soft Drinks,1,5.0,0.9,4.1
JUL26-03465,Dinner,B03,Soft Drinks,1,5.0,0.9,4.1
JUL26-03472,Dinner,B03,Soft Drinks,1,5.0,0.9,4.1
JUL26-03479,Dinner,B03,Soft Drinks,1,5.0,0.9,4.1
JUL26-03486,Dinner,B03,Soft Drinks,1,5.0,0.9,4.1
JUL26-03493,Dinner,B03,Soft Drinks,1,5.0,0.9,4.1
JUL26-03500,Dinner,B03,Soft Drinks,1,5.0,0.9,4.1
JUL26-03507,Dinner,B03,Soft Drinks,1,5.0,0.9,4.1
JUL26-03514,Dinner,B03,Soft Drinks,1,5.0,0.9,4.1
JUL26-03521,Dinner,B03,Soft Drinks,1,5.0,0.9,4.1
JUL26-03528,Dinner,B03,Soft Drinks,1,5.0,0.9,4.1
JUL26-03535,Dinner,B03,Soft Drinks,1,5.0,0.9,4.1
JUL26-03542,Dinner,B03,Soft Drinks,1,5.0,0.9,4.1
JUL26-03549,Dinner,B03,Soft Drinks,1,5.0,0.9,4.1
JUL26-03556,Dinner,B03,Soft Drinks,1,5.0,0.9,4.1
JUL26-03563,Dinner,B03,Soft Drinks,1,5.0,0.9,4.1
JUL26-03570,Dinner,B03,Soft Drinks,1,5.0,0.9,4.1
JUL26-03577,Dinner,B03,Soft Drinks,1,5.0,0.9,4.1
JUL26-03584,Dinner,B03,Soft Drinks,1,5.0,0.9,4.1
JUL26-03591,Dinner,B03,Soft Drinks,1,5.0,0.9,4.1
JUL26-03598,Dinner,B03,Soft Drinks,1,5.0,0.9,4.1
JUL26-03605,Dinner,B03,Soft Drinks,1,5.0,0.9,4.1
JUL26-03612,Dinner,B03,Soft Drinks,1,5.0,0.9,4.1
JUL26-03619,Dinner,B03,Soft Drinks,1,5.0,0.9,4.1
JUL26-03626,Dinner,B03,Soft Drinks,1,5.0,0.9,4.1
JUL26-03633,Dinner,B03,Soft Drinks,1,5.0,0.9,4.1
JUL26-03640,Dinner,B03,Soft Drinks,1,5.0,0.9,4.1
JUL26-03647,Dinner,B03,Soft Drinks,1,5.0,0.9,4.1
JUL26-03654,Dinner,B03,Soft Drinks,1,5.0,0.9,4.1
JUL26-03661,Dinner,B03,Soft Drinks,1,5.0,0.9,4.1
JUL26-03668,Dinner,B03,Soft Drinks,1,5.0,0.9,4.1
JUL26-03675,Dinner,B03,Soft Drinks,1,5.0,0.9,4.1
JUL26-03682,Dinner,B03,Soft Drinks,1,5.0,0.9,4.1
JUL26-03689,Dinner,B03,Soft Drinks,1,5.0,0.9,4.1
JUL26-03696,Dinner,B03,Soft Drinks,1,5.0,0.9,4.1
JUL26-03703,Dinner,B03,Soft Drinks,1,5.0,0.9,4.1
JUL26-03710,Dinner,B03,Soft Drinks,1,5.0,0.9,4.1
JUL26-03717,Dinner,B03,Soft Drinks,1,5.0,0.9,4.1
JUL26-03724,Dinner,B03,Soft Drinks,1,5.0,0.9,4.1
JUL26-03731,Dinner,B03,Soft Drinks,1,5.0,0.9,4.1
JUL26-03738,Dinner,B03,Soft Drinks,1,5.0,0.9,4.1
JUL26-03745,Dinner,B03,Soft Drinks,1,5.0,0.9,4.1
JUL26-03752,Dinner,B03,Soft Drinks,1,5.0,0.9,4.1
JUL26-03759,Dinner,B03,Soft Drinks,1,5.0,0.9,4.1
JUL26-03766,Dinner,B03,Soft Drinks,1,5.0,0.9,4.1
JUL26-03773,Dinner,B03,Soft Drinks,1,5.0,0.9,4.1
JUL26-03780,Dinner,B03,Soft Drinks,1,5.0,0.9,4.1
JUL26-03787,Dinner,B03,Soft Drinks,1,5.0,0.9,4.1
JUL26-03794,Dinner,B03,Soft Drinks,1,5.0,0.9,4.1
JUL26-03801,Dinner,B03,Soft Drinks,1,5.0,0.9,4.1
JUL26-03808,Dinner,B03,Soft Drinks,1,5.0,0.9,4.1
JUL26-03815,Dinner,B03,Soft Drinks,1,5.0,0.9,4.1
JUL26-03822,Dinner,B03,Soft Drinks,1,5.0,0.9,4.1
JUL26-03829,Dinner,B03,Soft Drinks,1,5.0,0.9,4.1
JUL26-03836,Dinner,B03,Soft Drinks,1,5.0,0.9,4.1
JUL26-03843,Dinner,B03,Soft Drinks,1,5.0,0.9,4.1
JUL26-03850,Dinner,B03,Soft Drinks,1,5.0,0.9,4.1
JUL26-03857,Dinner,B03,Soft Drinks,1,5.0,0.9,4.1
JUL26-03864,Dinner,B03,Soft Drinks,1,5.0,0.9,4.1
JUL26-03871,Dinner,B03,Soft Drinks,1,5.0,0.9,4.1
JUL26-03878,Dinner,B03,Soft Drinks,1,5.0,0.9,4.1
JUL26-03885,Dinner,B03,Soft Drinks,1,5.0,0.9,4.1
JUL26-03892,Dinner,B03,Soft Drinks,1,5.0,0.9,4.1
JUL26-03899,Dinner,B03,Soft Drinks,1,5.0,0.9,4.1
JUL26-03906,Dinner,B03,Soft Drinks,1,5.0,0.9,4.1
JUL26-03913,Dinner,B03,Soft Drinks,1,5.0,0.9,4.1
JUL26-03920,Dinner,B03,Soft Drinks,1,5.0,0.9,4.1
JUL26-03927,Dinner,B03,Soft Drinks,1,5.0,0.9,4.1
JUL26-03934,Dinner,B03,Soft Drinks,1,5.0,0.9,4.1
JUL26-03941,Dinner,B03,Soft Drinks,1,5.0,0.9,4.1
JUL26-03948,Dinner,B03,Soft Drinks,1,5.0,0.9,4.1
JUL26-03955,Dinner,B03,Soft Drinks,1,5.0,0.9,4.1
JUL26-03962,Dinner,B03,Soft Drinks,1,5.0,0.9,4.1
JUL26-03969,Dinner,B03,Soft Drinks,1,5.0,0.9,4.1
JUL26-03976,Dinner,B03,Soft Drinks,1,5.0,0.9,4.1
JUL26-03983,Dinner,B03,Soft Drinks,1,5.0,0.9,4.1
JUL26-03990,Dinner,B03,Soft Drinks,1,5.0,0.9,4.1
JUL26-03997,Dinner,B03,Soft Drinks,1,5.0,0.9,4.1
JUL26-04004,Dinner,B03,Soft Drinks,1,5.0,0.9,4.1
JUL26-04011,Dinner,B03,Soft Drinks,1,5.0,0.9,4.1
JUL26-04018,Dinner,B03,Soft Drinks,1,5.0,0.9,4.1
JUL26-04025,Dinner,B03,Soft Drinks,1,5.0,0.9,4.1
JUL26-04032,Dinner,B03,Soft Drinks,1,5.0,0.9,4.1
JUL26-04039,Dinner,B03,Soft Drinks,1,5.0,0.9,4.1
JUL26-04046,Dinner,B03,Soft Drinks,1,5.0,0.9,4.1
JUL26-04053,Dinner,B03,Soft Drinks,1,5.0,0.9,4.1
JUL26-04060,Dinner,B03,Soft Drinks,1,5.0,0.9,4.1
JUL26-04067,Dinner,B03,Soft Drinks,1,5.0,0.9,4.1
JUL26-04074,Dinner,B03,Soft Drinks,1,5.0,0.9,4.1
JUL26-04081,Dinner,B03,Soft Drinks,1,5.0,0.9,4.1
JUL26-04088,Dinner,B03,Soft Drinks,1,5.0,0.9,4.1
JUL26-04095,Dinner,B03,Soft Drinks,1,5.0,0.9,4.1
JUL26-04102,Dinner,B03,Soft Drinks,1,5.0,0.9,4.1
JUL26-04109,Dinner,B03,Soft Drinks,1,5.0,0.9,4.1
JUL26-04116,Dinner,B03,Soft Drinks,1,5.0,0.9,4.1
JUL26-04123,Dinner,B03,Soft Drinks,1,5.0,0.9,4.1
JUL26-04130,Dinner,B03,Soft Drinks,1,5.0,0.9,4.1
JUL26-04137,Dinner,B03,Soft Drinks,1,5.0,0.9,4.1
JUL26-04144,Dinner,B03,Soft Drinks,1,5.0,0.9,4.1
JUL26-04151,Dinner,B03,Soft Drinks,1,5.0,0.9,4.1
JUL26-04158,Dinner,B03,Soft Drinks,1,5.0,0.9,4.1
JUL26-04165,Dinner,B03,Soft Drinks,1,5.0,0.9,4.1
JUL26-04172,Dinner,B03,Soft Drinks,1,5.0,0.9,4.1
JUL26-04179,Dinner,B03,Soft Drinks,1,5.0,0.9,4.1
JUL26-04186,Dinner,B03,Soft Drinks,1,5.0,0.9,4.1
JUL26-04193,Dinner,B03,Soft Drinks,1,5.0,0.9,4.1
JUL26-04200,Dinner,B03,Soft Drinks,1,5.0,0.9,4.1
JUL26-04207,Dinner,B03,Soft Drinks,1,5.0,0.9,4.1
JUL26-04214,Dinner,B03,Soft Drinks,1,5.0,0.9,4.1
JUL26-04221,Dinner,B03,Soft Drinks,1,5.0,0.9,4.1
JUL26-04228,Dinner,B03,Soft Drinks,1,5.0,0.9,4.1
JUL26-04235,Dinner,B03,Soft Drinks,1,5.0,0.9,4.1
JUL26-04242,Dinner,B03,Soft Drinks,1,5.0,0.9,4.1
JUL26-04249,Dinner,B03,Soft Drinks,1,5.0,0.9,4.1
JUL26-04256,Dinner,B03,Soft Drinks,1,5.0,0.9,4.1
JUL26-04263,Dinner,B03,Soft Drinks,1,5.0,0.9,4.1
JUL26-04270,Dinner,B03,Soft Drinks,1,5.0,0.9,4.1
JUL26-04277,Dinner,B03,Soft Drinks,1,5.0,0.9,4.1
JUL26-04284,Dinner,B03,Soft Drinks,1,5.0,0.9,4.1
JUL26-04291,Dinner,B03,Soft Drinks,1,5.0,0.9,4.1
JUL26-04298,Dinner,B03,Soft Drinks,1,5.0,0.9,4.1
JUL26-04305,Dinner,B03,Soft Drinks,1,5.0,0.9,4.1
JUL26-04312,Dinner,B03,Soft Drinks,1,5.0,0.9,4.1
JUL26-04319,Dinner,B03,Soft Drinks,1,5.0,0.9,4.1
JUL26-04326,Dinner,B03,Soft Drinks,1,5.0,0.9,4.1
JUL26-04333,Dinner,B03,Soft Drinks,1,5.0,0.9,4.1
JUL26-04340,Dinner,B03,Soft Drinks,1,5.0,0.9,4.1
JUL26-04347,Dinner,B03,Soft Drinks,1,5.0,0.9,4.1
JUL26-04354,Dinner,B03,Soft Drinks,1,5.0,0.9,4.1
JUL26-04361,Dinner,B03,Soft Drinks,1,5.0,0.9,4.1
JUL26-04368,Dinner,B03,Soft Drinks,1,5.0,0.9,4.1
JUL26-04375,Dinner,B03,Soft Drinks,1,5.0,0.9,4.1
JUL26-04382,Dinner,B03,Soft Drinks,1,5.0,0.9,4.1
JUL26-04389,Dinner,B03,Soft Drinks,1,5.0,0.9,4.1
JUL26-04396,Dinner,B03,Soft Drinks,1,5.0,0.9,4.1
JUL26-04403,Dinner,B03,Soft Drinks,1,5.0,0.9,4.1
JUL26-04410,Dinner,B03,Soft Drinks,1,5.0,0.9,4.1
JUL26-04417,Dinner,B03,Soft Drinks,1,5.0,0.9,4.1
JUL26-04424,Dinner,B03,Soft Drinks,1,5.0,0.9,4.1
JUL26-04431,Dinner,B03,Soft Drinks,1,5.0,0.9,4.1
JUL26-04438,Dinner,B03,Soft Drinks,1,5.0,0.9,4.1
JUL26-04445,Dinner,B03,Soft Drinks,1,5.0,0.9,4.1
JUL26-04452,Dinner,B03,Soft Drinks,1,5.0,0.9,4.1
JUL26-04459,Dinner,B03,Soft Drinks,1,5.0,0.9,4.1
JUL26-04466,Dinner,B03,Soft Drinks,1,5.0,0.9,4.1
JUL26-04473,Dinner,B03,Soft Drinks,1,5.0,0.9,4.1
JUL26-04480,Dinner,B03,Soft Drinks,1,5.0,0.9,4.1
JUL26-04487,Dinner,B03,Soft Drinks,1,5.0,0.9,4.1
JUL26-04494,Dinner,B03,Soft Drinks,1,5.0,0.9,4.1
JUL26-04501,Dinner,B03,Soft Drinks,1,5.0,0.9,4.1
JUL26-04508,Dinner,B03,Soft Drinks,1,5.0,0.9,4.1
JUL26-04515,Dinner,B03,Soft Drinks,1,5.0,0.9,4.1
JUL26-04522,Dinner,B03,Soft Drinks,1,5.0,0.9,4.1
JUL26-04529,Dinner,B03,Soft Drinks,1,5.0,0.9,4.1
JUL26-04536,Dinner,B03,Soft Drinks,1,5.0,0.9,4.1
JUL26-04543,Dinner,B03,Soft Drinks,1,5.0,0.9,4.1
JUL26-04550,Dinner,B03,Soft Drinks,1,5.0,0.9,4.1
JUL26-04557,Dinner,B03,Soft Drinks,1,5.0,0.9,4.1
JUL26-04564,Dinner,B03,Soft Drinks,1,5.0,0.9,4.1
JUL26-04571,Delivery / Takeaway,B03,Soft Drinks,1,5.0,0.9,4.1
JUL26-04578,Delivery / Takeaway,B03,Soft Drinks,1,5.0,0.9,4.1
JUL26-04585,Delivery / Takeaway,B03,Soft Drinks,1,5.0,0.9,4.1
JUL26-04592,Delivery / Takeaway,B03,Soft Drinks,1,5.0,0.9,4.1
JUL26-04599,Delivery / Takeaway,B03,Soft Drinks,1,5.0,0.9,4.1
JUL26-04606,Delivery / Takeaway,B03,Soft Drinks,1,5.0,0.9,4.1
JUL26-04613,Delivery / Takeaway,B03,Soft Drinks,1,5.0,0.9,4.1
JUL26-04620,Delivery / Takeaway,B03,Soft Drinks,1,5.0,0.9,4.1
JUL26-04627,Delivery / Takeaway,B03,Soft Drinks,1,5.0,0.9,4.1
JUL26-04634,Delivery / Takeaway,B03,Soft Drinks,1,5.0,0.9,4.1
JUL26-04641,Delivery / Takeaway,B03,Soft Drinks,1,5.0,0.9,4.1
JUL26-04648,Delivery / Takeaway,B03,Soft Drinks,1,5.0,0.9,4.1
JUL26-04655,Delivery / Takeaway,B03,Soft Drinks,1,5.0,0.9,4.1
JUL26-04662,Delivery / Takeaway,B03,Soft Drinks,1,5.0,0.9,4.1
JUL26-04669,Delivery / Takeaway,B03,Soft Drinks,1,5.0,0.9,4.1
JUL26-04676,Delivery / Takeaway,B03,Soft Drinks,1,5.0,0.9,4.1
JUL26-04683,Delivery / Takeaway,B03,Soft Drinks,1,5.0,0.9,4.1
JUL26-04690,Delivery / Takeaway,B03,Soft Drinks,1,5.0,0.9,4.1
JUL26-04697,Delivery / Takeaway,B03,Soft Drinks,1,5.0,0.9,4.1
JUL26-04704,Delivery / Takeaway,B03,Soft Drinks,1,5.0,0.9,4.1
JUL26-04711,Delivery / Takeaway,B03,Soft Drinks,1,5.0,0.9,4.1
JUL26-04718,Delivery / Takeaway,B03,Soft Drinks,1,5.0,0.9,4.1
JUL26-04725,Delivery / Takeaway,B03,Soft Drinks,1,5.0,0.9,4.1
JUL26-04732,Delivery / Takeaway,B03,Soft Drinks,1,5.0,0.9,4.1
JUL26-04739,Delivery / Takeaway,B03,Soft Drinks,1,5.0,0.9,4.1
JUL26-04746,Delivery / Takeaway,B03,Soft Drinks,1,5.0,0.9,4.1
JUL26-04753,Delivery / Takeaway,B03,Soft Drinks,1,5.0,0.9,4.1
JUL26-04760,Delivery / Takeaway,B03,Soft Drinks,1,5.0,0.9,4.1
JUL26-04767,Delivery / Takeaway,B03,Soft Drinks,1,5.0,0.9,4.1
JUL26-04774,Delivery / Takeaway,B03,Soft Drinks,1,5.0,0.9,4.1
JUL26-04781,Delivery / Takeaway,B03,Soft Drinks,1,5.0,0.9,4.1
JUL26-04788,Delivery / Takeaway,B03,Soft Drinks,1,5.0,0.9,4.1
JUL26-04795,Delivery / Takeaway,B03,Soft Drinks,1,5.0,0.9,4.1
JUL26-04802,Delivery / Takeaway,B03,Soft Drinks,1,5.0,0.9,4.1
JUL26-04809,Delivery / Takeaway,B03,Soft Drinks,1,5.0,0.9,4.1
JUL26-04816,Delivery / Takeaway,B03,Soft Drinks,1,5.0,0.9,4.1
JUL26-04823,Delivery / Takeaway,B03,Soft Drinks,1,5.0,0.9,4.1
JUL26-04830,Delivery / Takeaway,B03,Soft Drinks,1,5.0,0.9,4.1
JUL26-04837,Delivery / Takeaway,B03,Soft Drinks,1,5.0,0.9,4.1
JUL26-04844,Delivery / Takeaway,B03,Soft Drinks,1,5.0,0.9,4.1
JUL26-04851,Delivery / Takeaway,B03,Soft Drinks,1,5.0,0.9,4.1
JUL26-04858,Delivery / Takeaway,B03,Soft Drinks,1,5.0,0.9,4.1
JUL26-04865,Delivery / Takeaway,B03,Soft Drinks,1,5.0,0.9,4.1
JUL26-04872,Delivery / Takeaway,B03,Soft Drinks,1,5.0,0.9,4.1
JUL26-04879,Delivery / Takeaway,B03,Soft Drinks,1,5.0,0.9,4.1
JUL26-04886,Delivery / Takeaway,B03,Soft Drinks,1,5.0,0.9,4.1
JUL26-04893,Delivery / Takeaway,B03,Soft Drinks,1,5.0,0.9,4.1
JUL26-04900,Delivery / Takeaway,B03,Soft Drinks,1,5.0,0.9,4.1
JUL26-04907,Delivery / Takeaway,B03,Soft Drinks,1,5.0,0.9,4.1
JUL26-04914,Delivery / Takeaway,B03,Soft Drinks,1,5.0,0.9,4.1
JUL26-04921,Delivery / Takeaway,B03,Soft Drinks,1,5.0,0.9,4.1
JUL26-04928,Delivery / Takeaway,B03,Soft Drinks,1,5.0,0.9,4.1
JUL26-04935,Delivery / Takeaway,B03,Soft Drinks,1,5.0,0.9,4.1
JUL26-04942,Delivery / Takeaway,B03,Soft Drinks,1,5.0,0.9,4.1
JUL26-04949,Delivery / Takeaway,B03,Soft Drinks,1,5.0,0.9,4.1
JUL26-04956,Delivery / Takeaway,B03,Soft Drinks,1,5.0,0.9,4.1
JUL26-04963,Delivery / Takeaway,B03,Soft Drinks,1,5.0,0.9,4.1
JUL26-04970,Delivery / Takeaway,B03,Soft Drinks,1,5.0,0.9,4.1
JUL26-04977,Delivery / Takeaway,B03,Soft Drinks,1,5.0,0.9,4.1
JUL26-04984,Delivery / Takeaway,B03,Soft Drinks,1,5.0,0.9,4.1
JUL26-04991,Delivery / Takeaway,B03,Soft Drinks,1,5.0,0.9,4.1
JUL26-04998,Delivery / Takeaway,B03,Soft Drinks,1,5.0,0.9,4.1
JUL26-05005,Delivery / Takeaway,B03,Soft Drinks,1,5.0,0.9,4.1
JUL26-05012,Delivery / Takeaway,B03,Soft Drinks,1,5.0,0.9,4.1
JUL26-05019,Delivery / Takeaway,B03,Soft Drinks,1,5.0,0.9,4.1
JUL26-05026,Delivery / Takeaway,B03,Soft Drinks,1,5.0,0.9,4.1
JUL26-05033,Delivery / Takeaway,B03,Soft Drinks,1,5.0,0.9,4.1
JUL26-05040,Delivery / Takeaway,B03,Soft Drinks,1,5.0,0.9,4.1
JUL26-05047,Delivery / Takeaway,B03,Soft Drinks,1,5.0,0.9,4.1
JUL26-05054,Delivery / Takeaway,B03,Soft Drinks,1,5.0,0.9,4.1
JUL26-05061,Delivery / Takeaway,B03,Soft Drinks,1,5.0,0.9,4.1
JUL26-05068,Delivery / Takeaway,B03,Soft Drinks,1,5.0,0.9,4.1
JUL26-05075,Delivery / Takeaway,B03,Soft Drinks,1,5.0,0.9,4.1
JUL26-05082,Delivery / Takeaway,B03,Soft Drinks,1,5.0,0.9,4.1
JUL26-05089,Delivery / Takeaway,B03,Soft Drinks,1,5.0,0.9,4.1
JUL26-05096,Delivery / Takeaway,B03,Soft Drinks,1,5.0,0.9,4.1
JUL26-05103,Delivery / Takeaway,B03,Soft Drinks,1,5.0,0.9,4.1
JUL26-05110,Delivery / Takeaway,B03,Soft Drinks,1,5.0,0.9,4.1
JUL26-05117,Delivery / Takeaway,B03,Soft Drinks,1,5.0,0.9,4.1
JUL26-05124,Delivery / Takeaway,B03,Soft Drinks,1,5.0,0.9,4.1
JUL26-05131,Delivery / Takeaway,B03,Soft Drinks,1,5.0,0.9,4.1
JUL26-05138,Delivery / Takeaway,B03,Soft Drinks,1,5.0,0.9,4.1
JUL26-05145,Delivery / Takeaway,B03,Soft Drinks,1,5.0,0.9,4.1
JUL26-05152,Delivery / Takeaway,B03,Soft Drinks,1,5.0,0.9,4.1
JUL26-05159,Delivery / Takeaway,B03,Soft Drinks,1,5.0,0.9,4.1
JUL26-05166,Delivery / Takeaway,B03,Soft Drinks,1,5.0,0.9,4.1
JUL26-05173,Delivery / Takeaway,B03,Soft Drinks,1,5.0,0.9,4.1
JUL26-05180,Delivery / Takeaway,B03,Soft Drinks,1,5.0,0.9,4.1
JUL26-05187,Delivery / Takeaway,B03,Soft Drinks,1,5.0,0.9,4.1
JUL26-05194,Delivery / Takeaway,B03,Soft Drinks,1,5.0,0.9,4.1
JUL26-05201,Delivery / Takeaway,B03,Soft Drinks,1,5.0,0.9,4.1
JUL26-05208,Delivery / Takeaway,B03,Soft Drinks,1,5.0,0.9,4.1
JUL26-05215,Delivery / Takeaway,B03,Soft Drinks,1,5.0,0.9,4.1
JUL26-05222,Delivery / Takeaway,B03,Soft Drinks,1,5.0,0.9,4.1
JUL26-05229,Delivery / Takeaway,B03,Soft Drinks,1,5.0,0.9,4.1
JUL26-05236,Delivery / Takeaway,B03,Soft Drinks,1,5.0,0.9,4.1
JUL26-05243,Delivery / Takeaway,B03,Soft Drinks,1,5.0,0.9,4.1
JUL26-05250,Delivery / Takeaway,B03,Soft Drinks,1,5.0,0.9,4.1
JUL26-05257,Delivery / Takeaway,B03,Soft Drinks,1,5.0,0.9,4.1
JUL26-05264,Delivery / Takeaway,B03,Soft Drinks,1,5.0,0.9,4.1
JUL26-05271,Delivery / Takeaway,B03,Soft Drinks,1,5.0,0.9,4.1
JUL26-05278,Delivery / Takeaway,B03,Soft Drinks,1,5.0,0.9,4.1
JUL26-05285,Delivery / Takeaway,B03,Soft Drinks,1,5.0,0.9,4.1
JUL26-05292,Delivery / Takeaway,B03,Soft Drinks,1,5.0,0.9,4.1
JUL26-05299,Delivery / Takeaway,B03,Soft Drinks,1,5.0,0.9,4.1
JUL26-05306,Delivery / Takeaway,B03,Soft Drinks,1,5.0,0.9,4.1
JUL26-05313,Delivery / Takeaway,B03,Soft Drinks,1,5.0,0.9,4.1
JUL26-05320,Delivery / Takeaway,B03,Soft Drinks,1,5.0,0.9,4.1
JUL26-05327,Private Event,B03,Soft Drinks,1,5.0,0.9,4.1
JUL26-05334,Private Event,B03,Soft Drinks,1,5.0,0.9,4.1
JUL26-05341,Private Event,B03,Soft Drinks,1,5.0,0.9,4.1
JUL26-05348,Private Event,B03,Soft Drinks,1,5.0,0.9,4.1
JUL26-05355,Private Event,B03,Soft Drinks,1,5.0,0.9,4.1
JUL26-05362,Private Event,B03,Soft Drinks,1,5.0,0.9,4.1
JUL26-05369,Private Event,B03,Soft Drinks,1,5.0,0.9,4.1
JUL26-05376,Private Event,B03,Soft Drinks,1,5.0,0.9,4.1
JUL26-05383,Private Event,B03,Soft Drinks,1,5.0,0.9,4.1
JUL26-05390,Private Event,B03,Soft Drinks,1,5.0,0.9,4.1
JUL26-05397,Private Event,B03,Soft Drinks,1,5.0,0.9,4.1
JUL26-05404,Private Event,B03,Soft Drinks,1,5.0,0.9,4.1
JUL26-05411,Private Event,B03,Soft Drinks,1,5.0,0.9,4.1
JUL26-05418,Private Event,B03,Soft Drinks,1,5.0,0.9,4.1
JUL26-05425,Private Event,B03,Soft Drinks,1,5.0,0.9,4.1
JUL26-05432,Private Event,B03,Soft Drinks,1,5.0,0.9,4.1
JUL26-05439,Private Event,B03,Soft Drinks,1,5.0,0.9,4.1
JUL26-05446,Private Event,B03,Soft Drinks,1,5.0,0.9,4.1
JUL26-05453,Private Event,B03,Soft Drinks,1,5.0,0.9,4.1
JUL26-05460,Private Event,B03,Soft Drinks,1,5.0,0.9,4.1
JUL26-05467,Private Event,B03,Soft Drinks,1,5.0,0.9,4.1
JUL26-05474,Private Event,B03,Soft Drinks,1,5.0,0.9,4.1
JUL26-05481,Private Event,B03,Soft Drinks,1,5.0,0.9,4.1
JUL26-05488,Private Event,B03,Soft Drinks,1,5.0,0.9,4.1
JUL26-05495,Private Event,B03,Soft Drinks,1,5.0,0.9,4.1
JUL26-05502,Private Event,B03,Soft Drinks,1,5.0,0.9,4.1
JUL26-05509,Private Event,B03,Soft Drinks,1,5.0,0.9,4.1
JUL26-05516,Private Event,B03,Soft Drinks,1,5.0,0.9,4.1
JUL26-05523,Private Event,B03,Soft Drinks,1,5.0,0.9,4.1
JUL26-05530,Private Event,B03,Soft Drinks,1,5.0,0.9,4.1
JUL26-05537,Private Event,B03,Soft Drinks,1,5.0,0.9,4.1
JUL26-05544,Private Event,B03,Soft Drinks,1,5.0,0.9,4.1
JUL26-05551,Private Event,B03,Soft Drinks,1,5.0,0.9,4.1
JUL26-05558,Private Event,B03,Soft Drinks,1,5.0,0.9,4.1
JUL26-05565,Corporate / Group,B03,Soft Drinks,1,5.0,0.9,4.1
JUL26-05572,Corporate / Group,B03,Soft Drinks,1,5.0,0.9,4.1
JUL26-05579,Corporate / Group,B03,Soft Drinks,1,5.0,0.9,4.1
JUL26-05586,Corporate / Group,B03,Soft Drinks,1,5.0,0.9,4.1
JUL26-05593,Corporate / Group,B03,Soft Drinks,1,5.0,0.9,4.1
JUL26-05600,Corporate / Group,B03,Soft Drinks,1,5.0,0.9,4.1
JUL26-05607,Corporate / Group,B03,Soft Drinks,1,5.0,0.9,4.1
JUL26-05614,Corporate / Group,B03,Soft Drinks,1,5.0,0.9,4.1
JUL26-05621,Corporate / Group,B03,Soft Drinks,1,5.0,0.9,4.1
JUL26-05628,Corporate / Group,B03,Soft Drinks,1,5.0,0.9,4.1
JUL26-05635,Corporate / Group,B03,Soft Drinks,1,5.0,0.9,4.1
JUL26-05642,Corporate / Group,B03,Soft Drinks,1,5.0,0.9,4.1
JUL26-05649,Corporate / Group,B03,Soft Drinks,1,5.0,0.9,4.1
JUL26-00006,Brunch,B03,Soft Drinks,1,5.0,0.9,4.1
JUL26-00013,Brunch,B03,Soft Drinks,1,5.0,0.9,4.1
JUL26-00020,Brunch,B03,Soft Drinks,1,5.0,0.9,4.1
JUL26-00027,Brunch,B03,Soft Drinks,1,5.0,0.9,4.1
JUL26-00034,Brunch,B03,Soft Drinks,1,5.0,0.9,4.1
JUL26-00041,Brunch,B03,Soft Drinks,1,5.0,0.9,4.1
JUL26-00048,Brunch,B03,Soft Drinks,1,5.0,0.9,4.1
JUL26-00055,Brunch,B03,Soft Drinks,1,5.0,0.9,4.1
JUL26-00062,Brunch,B03,Soft Drinks,1,5.0,0.9,4.1
JUL26-00069,Brunch,B03,Soft Drinks,1,5.0,0.9,4.1
JUL26-00076,Brunch,B03,Soft Drinks,1,5.0,0.9,4.1
JUL26-00083,Brunch,B03,Soft Drinks,1,5.0,0.9,4.1
JUL26-00090,Brunch,B03,Soft Drinks,1,5.0,0.9,4.1
JUL26-00097,Brunch,B03,Soft Drinks,1,5.0,0.9,4.1
JUL26-00104,Brunch,B03,Soft Drinks,1,5.0,0.9,4.1
JUL26-00111,Brunch,B03,Soft Drinks,1,5.0,0.9,4.1
JUL26-00118,Brunch,B03,Soft Drinks,1,5.0,0.9,4.1
JUL26-00125,Brunch,B03,Soft Drinks,1,5.0,0.9,4.1
JUL26-00132,Brunch,B03,Soft Drinks,1,5.0,0.9,4.1
JUL26-00139,Brunch,B03,Soft Drinks,1,5.0,0.9,4.1
JUL26-00146,Brunch,B03,Soft Drinks,1,5.0,0.9,4.1
JUL26-00153,Brunch,B03,Soft Drinks,1,5.0,0.9,4.1
JUL26-00160,Brunch,B03,Soft Drinks,1,5.0,0.9,4.1
JUL26-00167,Brunch,B03,Soft Drinks,1,5.0,0.9,4.1
JUL26-00174,Brunch,B03,Soft Drinks,1,5.0,0.9,4.1
JUL26-00181,Brunch,B03,Soft Drinks,1,5.0,0.9,4.1
JUL26-00188,Brunch,B03,Soft Drinks,1,5.0,0.9,4.1
JUL26-00195,Brunch,B03,Soft Drinks,1,5.0,0.9,4.1
JUL26-00202,Brunch,B03,Soft Drinks,1,5.0,0.9,4.1
JUL26-00209,Brunch,B03,Soft Drinks,1,5.0,0.9,4.1
JUL26-00216,Brunch,B03,Soft Drinks,1,5.0,0.9,4.1
JUL26-00223,Brunch,B03,Soft Drinks,1,5.0,0.9,4.1
JUL26-00230,Brunch,B03,Soft Drinks,1,5.0,0.9,4.1
JUL26-00237,Brunch,B03,Soft Drinks,1,5.0,0.9,4.1
JUL26-00244,Brunch,B03,Soft Drinks,1,5.0,0.9,4.1
JUL26-00251,Brunch,B03,Soft Drinks,1,5.0,0.9,4.1
JUL26-00258,Brunch,B03,Soft Drinks,1,5.0,0.9,4.1
JUL26-00265,Brunch,B03,Soft Drinks,1,5.0,0.9,4.1
JUL26-00272,Brunch,B03,Soft Drinks,1,5.0,0.9,4.1
JUL26-00279,Brunch,B03,Soft Drinks,1,5.0,0.9,4.1
JUL26-00286,Brunch,B03,Soft Drinks,1,5.0,0.9,4.1
JUL26-00293,Brunch,B03,Soft Drinks,1,5.0,0.9,4.1
JUL26-00300,Brunch,B03,Soft Drinks,1,5.0,0.9,4.1
JUL26-00307,Brunch,B03,Soft Drinks,1,5.0,0.9,4.1
JUL26-00314,Brunch,B03,Soft Drinks,1,5.0,0.9,4.1
JUL26-00321,Brunch,B03,Soft Drinks,1,5.0,0.9,4.1
JUL26-00328,Brunch,B03,Soft Drinks,1,5.0,0.9,4.1
JUL26-00335,Brunch,B03,Soft Drinks,1,5.0,0.9,4.1
JUL26-00342,Brunch,B03,Soft Drinks,1,5.0,0.9,4.1
JUL26-00349,Brunch,B03,Soft Drinks,1,5.0,0.9,4.1
JUL26-00356,Brunch,B03,Soft Drinks,1,5.0,0.9,4.1
JUL26-00363,Brunch,B03,Soft Drinks,1,5.0,0.9,4.1
JUL26-00370,Brunch,B03,Soft Drinks,1,5.0,0.9,4.1
JUL26-00377,Brunch,B03,Soft Drinks,1,5.0,0.9,4.1
JUL26-00384,Brunch,B03,Soft Drinks,1,5.0,0.9,4.1
JUL26-00391,Brunch,B03,Soft Drinks,1,5.0,0.9,4.1
JUL26-00398,Brunch,B03,Soft Drinks,1,5.0,0.9,4.1
JUL26-00405,Brunch,B03,Soft Drinks,1,5.0,0.9,4.1
JUL26-00412,Brunch,B03,Soft Drinks,1,5.0,0.9,4.1
JUL26-00419,Brunch,B03,Soft Drinks,1,5.0,0.9,4.1
JUL26-00426,Brunch,B03,Soft Drinks,1,5.0,0.9,4.1
JUL26-00433,Brunch,B03,Soft Drinks,1,5.0,0.9,4.1
JUL26-00440,Brunch,B03,Soft Drinks,1,5.0,0.9,4.1
JUL26-00447,Brunch,B03,Soft Drinks,1,5.0,0.9,4.1
JUL26-00454,Brunch,B03,Soft Drinks,1,5.0,0.9,4.1
JUL26-00461,Brunch,B03,Soft Drinks,1,5.0,0.9,4.1
JUL26-00468,Brunch,B03,Soft Drinks,1,5.0,0.9,4.1
JUL26-00475,Brunch,B03,Soft Drinks,1,5.0,0.9,4.1
JUL26-00482,Brunch,B03,Soft Drinks,1,5.0,0.9,4.1
JUL26-00489,Brunch,B03,Soft Drinks,1,5.0,0.9,4.1
JUL26-00496,Brunch,B03,Soft Drinks,1,5.0,0.9,4.1
JUL26-00503,Brunch,B03,Soft Drinks,1,5.0,0.9,4.1
JUL26-00510,Brunch,B03,Soft Drinks,1,5.0,0.9,4.1
JUL26-00517,Brunch,B03,Soft Drinks,1,5.0,0.9,4.1
JUL26-00524,Brunch,B03,Soft Drinks,1,5.0,0.9,4.1
JUL26-00531,Brunch,B03,Soft Drinks,1,5.0,0.9,4.1
JUL26-00538,Brunch,B03,Soft Drinks,1,5.0,0.9,4.1
JUL26-00545,Brunch,B03,Soft Drinks,1,5.0,0.9,4.1
JUL26-00552,Brunch,B03,Soft Drinks,1,5.0,0.9,4.1
JUL26-00559,Brunch,B03,Soft Drinks,1,5.0,0.9,4.1
JUL26-00566,Brunch,B03,Soft Drinks,1,5.0,0.9,4.1
JUL26-00573,Brunch,B03,Soft Drinks,1,5.0,0.9,4.1
JUL26-00580,Brunch,B03,Soft Drinks,1,5.0,0.9,4.1
JUL26-00587,Brunch,B03,Soft Drinks,1,5.0,0.9,4.1
JUL26-00594,Brunch,B03,Soft Drinks,1,5.0,0.9,4.1
JUL26-00601,Brunch,B03,Soft Drinks,1,5.0,0.9,4.1
JUL26-00608,Brunch,B03,Soft Drinks,1,5.0,0.9,4.1
JUL26-00615,Brunch,B03,Soft Drinks,1,5.0,0.9,4.1
JUL26-00622,Brunch,B03,Soft Drinks,1,5.0,0.9,4.1
JUL26-00629,Brunch,B03,Soft Drinks,1,5.0,0.9,4.1
JUL26-00636,Brunch,B03,Soft Drinks,1,5.0,0.9,4.1
JUL26-00643,Brunch,B03,Soft Drinks,1,5.0,0.9,4.1
JUL26-00650,Brunch,B03,Soft Drinks,1,5.0,0.9,4.1
JUL26-00657,Brunch,B03,Soft Drinks,1,5.0,0.9,4.1
JUL26-00664,Brunch,B03,Soft Drinks,1,5.0,0.9,4.1
JUL26-00671,Brunch,B03,Soft Drinks,1,5.0,0.9,4.1
JUL26-00678,Brunch,B03,Soft Drinks,1,5.0,0.9,4.1
JUL26-00685,Brunch,B03,Soft Drinks,1,5.0,0.9,4.1
JUL26-00692,Brunch,B03,Soft Drinks,1,5.0,0.9,4.1
JUL26-00699,Brunch,B03,Soft Drinks,1,5.0,0.9,4.1
JUL26-00706,Lunch,B03,Soft Drinks,1,5.0,0.9,4.1
JUL26-00713,Lunch,B03,Soft Drinks,1,5.0,0.9,4.1
JUL26-00720,Lunch,B03,Soft Drinks,1,5.0,0.9,4.1
JUL26-00727,Lunch,B03,Soft Drinks,1,5.0,0.9,4.1
JUL26-00734,Lunch,B03,Soft Drinks,1,5.0,0.9,4.1
JUL26-00741,Lunch,B03,Soft Drinks,1,5.0,0.9,4.1
JUL26-00748,Lunch,B03,Soft Drinks,1,5.0,0.9,4.1
JUL26-00755,Lunch,B03,Soft Drinks,1,5.0,0.9,4.1
JUL26-00762,Lunch,B03,Soft Drinks,1,5.0,0.9,4.1
JUL26-00769,Lunch,B03,Soft Drinks,1,5.0,0.9,4.1
JUL26-00776,Lunch,B03,Soft Drinks,1,5.0,0.9,4.1
JUL26-00783,Lunch,B03,Soft Drinks,1,5.0,0.9,4.1
JUL26-00790,Lunch,B03,Soft Drinks,1,5.0,0.9,4.1
JUL26-00797,Lunch,B03,Soft Drinks,1,5.0,0.9,4.1
JUL26-00804,Lunch,B03,Soft Drinks,1,5.0,0.9,4.1
JUL26-00811,Lunch,B03,Soft Drinks,1,5.0,0.9,4.1
JUL26-00818,Lunch,B03,Soft Drinks,1,5.0,0.9,4.1
JUL26-00825,Lunch,B03,Soft Drinks,1,5.0,0.9,4.1
JUL26-00832,Lunch,B03,Soft Drinks,1,5.0,0.9,4.1
JUL26-00839,Lunch,B03,Soft Drinks,1,5.0,0.9,4.1
JUL26-00846,Lunch,B03,Soft Drinks,1,5.0,0.9,4.1
JUL26-00853,Lunch,B03,Soft Drinks,1,5.0,0.9,4.1
JUL26-00860,Lunch,B03,Soft Drinks,1,5.0,0.9,4.1
JUL26-00867,Lunch,B03,Soft Drinks,1,5.0,0.9,4.1
JUL26-00874,Lunch,B03,Soft Drinks,1,5.0,0.9,4.1
JUL26-00881,Lunch,B03,Soft Drinks,1,5.0,0.9,4.1
JUL26-00888,Lunch,B03,Soft Drinks,1,5.0,0.9,4.1
JUL26-00895,Lunch,B03,Soft Drinks,1,5.0,0.9,4.1
JUL26-00902,Lunch,B03,Soft Drinks,1,5.0,0.9,4.1
JUL26-00909,Lunch,B03,Soft Drinks,1,5.0,0.9,4.1
JUL26-00916,Lunch,B03,Soft Drinks,1,5.0,0.9,4.1
JUL26-00923,Lunch,B03,Soft Drinks,1,5.0,0.9,4.1
JUL26-00930,Lunch,B03,Soft Drinks,1,5.0,0.9,4.1
JUL26-00937,Lunch,B03,Soft Drinks,1,5.0,0.9,4.1
JUL26-00944,Lunch,B03,Soft Drinks,1,5.0,0.9,4.1
JUL26-00951,Lunch,B03,Soft Drinks,1,5.0,0.9,4.1
JUL26-00958,Lunch,B03,Soft Drinks,1,5.0,0.9,4.1
JUL26-00965,Lunch,B03,Soft Drinks,1,5.0,0.9,4.1
JUL26-00972,Lunch,B03,Soft Drinks,1,5.0,0.9,4.1
JUL26-00979,Lunch,B03,Soft Drinks,1,5.0,0.9,4.1
JUL26-00986,Lunch,B03,Soft Drinks,1,5.0,0.9,4.1
JUL26-00993,Lunch,B03,Soft Drinks,1,5.0,0.9,4.1
JUL26-01000,Lunch,B03,Soft Drinks,1,5.0,0.9,4.1
JUL26-01007,Lunch,B03,Soft Drinks,1,5.0,0.9,4.1
JUL26-01014,Lunch,B03,Soft Drinks,1,5.0,0.9,4.1
JUL26-01021,Lunch,B03,Soft Drinks,1,5.0,0.9,4.1
JUL26-01028,Lunch,B03,Soft Drinks,1,5.0,0.9,4.1
JUL26-01035,Lunch,B03,Soft Drinks,1,5.0,0.9,4.1
JUL26-01042,Lunch,B03,Soft Drinks,1,5.0,0.9,4.1
JUL26-01049,Lunch,B03,Soft Drinks,1,5.0,0.9,4.1
JUL26-01056,Lunch,B03,Soft Drinks,1,5.0,0.9,4.1
JUL26-01063,Lunch,B03,Soft Drinks,1,5.0,0.9,4.1
JUL26-01070,Lunch,B03,Soft Drinks,1,5.0,0.9,4.1
JUL26-01077,Lunch,B03,Soft Drinks,1,5.0,0.9,4.1
JUL26-01084,Lunch,B03,Soft Drinks,1,5.0,0.9,4.1
JUL26-01091,Lunch,B03,Soft Drinks,1,5.0,0.9,4.1
JUL26-01098,Lunch,B03,Soft Drinks,1,5.0,0.9,4.1
JUL26-01105,Lunch,B03,Soft Drinks,1,5.0,0.9,4.1
JUL26-01112,Lunch,B03,Soft Drinks,1,5.0,0.9,4.1
JUL26-01119,Lunch,B03,Soft Drinks,1,5.0,0.9,4.1
JUL26-01126,Lunch,B03,Soft Drinks,1,5.0,0.9,4.1
JUL26-01133,Lunch,B03,Soft Drinks,1,5.0,0.9,4.1
JUL26-01140,Lunch,B03,Soft Drinks,1,5.0,0.9,4.1
JUL26-01147,Lunch,B03,Soft Drinks,1,5.0,0.9,4.1
JUL26-01154,Lunch,B03,Soft Drinks,1,5.0,0.9,4.1
JUL26-01161,Lunch,B03,Soft Drinks,1,5.0,0.9,4.1
JUL26-01168,Lunch,B03,Soft Drinks,1,5.0,0.9,4.1
JUL26-01175,Lunch,B03,Soft Drinks,1,5.0,0.9,4.1
JUL26-01182,Lunch,B03,Soft Drinks,1,5.0,0.9,4.1
JUL26-01189,Lunch,B03,Soft Drinks,1,5.0,0.9,4.1
JUL26-01196,Lunch,B03,Soft Drinks,1,5.0,0.9,4.1
JUL26-01203,Lunch,B03,Soft Drinks,1,5.0,0.9,4.1
JUL26-01210,Lunch,B03,Soft Drinks,1,5.0,0.9,4.1
JUL26-01217,Lunch,B03,Soft Drinks,1,5.0,0.9,4.1
JUL26-01224,Lunch,B03,Soft Drinks,1,5.0,0.9,4.1
JUL26-01231,Lunch,B03,Soft Drinks,1,5.0,0.9,4.1
JUL26-01238,Lunch,B03,Soft Drinks,1,5.0,0.9,4.1
JUL26-01245,Lunch,B03,Soft Drinks,1,5.0,0.9,4.1
JUL26-01252,Lunch,B03,Soft Drinks,1,5.0,0.9,4.1
JUL26-01259,Lunch,B03,Soft Drinks,1,5.0,0.9,4.1
JUL26-01266,Lunch,B03,Soft Drinks,1,5.0,0.9,4.1
JUL26-01273,Lunch,B03,Soft Drinks,1,5.0,0.9,4.1
JUL26-01280,Lunch,B03,Soft Drinks,1,5.0,0.9,4.1
JUL26-01287,Lunch,B03,Soft Drinks,1,5.0,0.9,4.1
JUL26-01294,Lunch,B03,Soft Drinks,1,5.0,0.9,4.1
JUL26-01301,Lunch,B03,Soft Drinks,1,5.0,0.9,4.1
JUL26-01308,Lunch,B03,Soft Drinks,1,5.0,0.9,4.1
JUL26-01315,Lunch,B03,Soft Drinks,1,5.0,0.9,4.1
JUL26-01322,Lunch,B03,Soft Drinks,1,5.0,0.9,4.1
JUL26-01329,Lunch,B03,Soft Drinks,1,5.0,0.9,4.1
JUL26-01336,Lunch,B03,Soft Drinks,1,5.0,0.9,4.1
JUL26-01343,Lunch,B03,Soft Drinks,1,5.0,0.9,4.1
JUL26-01350,Lunch,B03,Soft Drinks,1,5.0,0.9,4.1
JUL26-01357,Lunch,B03,Soft Drinks,1,5.0,0.9,4.1
JUL26-01364,Lunch,B03,Soft Drinks,1,5.0,0.9,4.1
JUL26-01371,Lunch,B03,Soft Drinks,1,5.0,0.9,4.1
JUL26-01378,Lunch,B03,Soft Drinks,1,5.0,0.9,4.1
JUL26-01385,Lunch,B03,Soft Drinks,1,5.0,0.9,4.1
JUL26-01392,Lunch,B03,Soft Drinks,1,5.0,0.9,4.1
JUL26-01399,Lunch,B03,Soft Drinks,1,5.0,0.9,4.1
JUL26-01406,Lunch,B03,Soft Drinks,1,5.0,0.9,4.1
JUL26-01413,Lunch,B03,Soft Drinks,1,5.0,0.9,4.1
JUL26-01420,Lunch,B03,Soft Drinks,1,5.0,0.9,4.1
JUL26-01427,Lunch,B03,Soft Drinks,1,5.0,0.9,4.1
JUL26-01434,Lunch,B03,Soft Drinks,1,5.0,0.9,4.1
JUL26-01441,Lunch,B03,Soft Drinks,1,5.0,0.9,4.1
JUL26-01448,Lunch,B03,Soft Drinks,1,5.0,0.9,4.1
JUL26-01455,Lunch,B03,Soft Drinks,1,5.0,0.9,4.1
JUL26-01462,Lunch,B03,Soft Drinks,1,5.0,0.9,4.1
JUL26-01469,Lunch,B03,Soft Drinks,1,5.0,0.9,4.1
JUL26-01476,Lunch,B03,Soft Drinks,1,5.0,0.9,4.1
JUL26-01483,Lunch,B03,Soft Drinks,1,5.0,0.9,4.1
JUL26-01490,Lunch,B03,Soft Drinks,1,5.0,0.9,4.1
JUL26-01497,Lunch,B03,Soft Drinks,1,5.0,0.9,4.1
JUL26-01504,Lunch,B03,Soft Drinks,1,5.0,0.9,4.1
JUL26-01511,Lunch,B03,Soft Drinks,1,5.0,0.9,4.1
JUL26-01518,Lunch,B03,Soft Drinks,1,5.0,0.9,4.1
JUL26-01525,Lunch,B03,Soft Drinks,1,5.0,0.9,4.1
JUL26-01532,Lunch,B03,Soft Drinks,1,5.0,0.9,4.1
JUL26-01539,Lunch,B03,Soft Drinks,1,5.0,0.9,4.1
JUL26-01546,Lunch,B03,Soft Drinks,1,5.0,0.9,4.1
JUL26-01553,Lunch,B03,Soft Drinks,1,5.0,0.9,4.1
JUL26-01560,Lunch,B03,Soft Drinks,1,5.0,0.9,4.1
JUL26-01567,Lunch,B03,Soft Drinks,1,5.0,0.9,4.1
JUL26-01574,Lunch,B03,Soft Drinks,1,5.0,0.9,4.1
JUL26-01581,Lunch,B03,Soft Drinks,1,5.0,0.9,4.1
JUL26-01588,Lunch,B03,Soft Drinks,1,5.0,0.9,4.1
JUL26-01595,Lunch,B03,Soft Drinks,1,5.0,0.9,4.1
JUL26-01602,Lunch,B03,Soft Drinks,1,5.0,0.9,4.1
JUL26-01609,Lunch,B03,Soft Drinks,1,5.0,0.9,4.1
JUL26-01616,Lunch,B03,Soft Drinks,1,5.0,0.9,4.1
JUL26-01623,Lunch,B03,Soft Drinks,1,5.0,0.9,4.1
JUL26-01630,Lunch,B03,Soft Drinks,1,5.0,0.9,4.1
JUL26-01637,Lunch,B03,Soft Drinks,1,5.0,0.9,4.1
JUL26-01644,Lunch,B03,Soft Drinks,1,5.0,0.9,4.1
JUL26-01651,Lunch,B03,Soft Drinks,1,5.0,0.9,4.1
JUL26-01658,Lunch,B03,Soft Drinks,1,5.0,0.9,4.1
JUL26-01665,Lunch,B03,Soft Drinks,1,5.0,0.9,4.1
JUL26-01672,Lunch,B03,Soft Drinks,1,5.0,0.9,4.1
JUL26-01679,Lunch,B03,Soft Drinks,1,5.0,0.9,4.1
JUL26-01686,Lunch,B03,Soft Drinks,1,5.0,0.9,4.1
JUL26-01693,Lunch,B03,Soft Drinks,1,5.0,0.9,4.1
JUL26-01700,Lunch,B03,Soft Drinks,1,5.0,0.9,4.1
JUL26-01707,Lunch,B03,Soft Drinks,1,5.0,0.9,4.1
JUL26-01714,Lunch,B03,Soft Drinks,1,5.0,0.9,4.1
JUL26-01721,Lunch,B03,Soft Drinks,1,5.0,0.9,4.1
JUL26-03002,Dinner,B04,Cocktails,1,18.0,3.6,14.4
JUL26-03009,Dinner,B04,Cocktails,1,18.0,3.6,14.4
JUL26-03016,Dinner,B04,Cocktails,1,18.0,3.6,14.4
JUL26-03023,Dinner,B04,Cocktails,1,18.0,3.6,14.4
JUL26-03030,Dinner,B04,Cocktails,1,18.0,3.6,14.4
JUL26-03037,Dinner,B04,Cocktails,1,18.0,3.6,14.4
JUL26-03044,Dinner,B04,Cocktails,1,18.0,3.6,14.4
JUL26-03051,Dinner,B04,Cocktails,1,18.0,3.6,14.4
JUL26-03058,Dinner,B04,Cocktails,1,18.0,3.6,14.4
JUL26-03065,Dinner,B04,Cocktails,1,18.0,3.6,14.4
JUL26-03072,Dinner,B04,Cocktails,1,18.0,3.6,14.4
JUL26-03079,Dinner,B04,Cocktails,1,18.0,3.6,14.4
JUL26-03086,Dinner,B04,Cocktails,1,18.0,3.6,14.4
JUL26-03093,Dinner,B04,Cocktails,1,18.0,3.6,14.4
JUL26-03100,Dinner,B04,Cocktails,1,18.0,3.6,14.4
JUL26-03107,Dinner,B04,Cocktails,1,18.0,3.6,14.4
JUL26-03114,Dinner,B04,Cocktails,1,18.0,3.6,14.4
JUL26-03121,Dinner,B04,Cocktails,1,18.0,3.6,14.4
JUL26-03128,Dinner,B04,Cocktails,1,18.0,3.6,14.4
JUL26-03135,Dinner,B04,Cocktails,1,18.0,3.6,14.4
JUL26-03142,Dinner,B04,Cocktails,1,18.0,3.6,14.4
JUL26-03149,Dinner,B04,Cocktails,1,18.0,3.6,14.4
JUL26-03156,Dinner,B04,Cocktails,1,18.0,3.6,14.4
JUL26-03163,Dinner,B04,Cocktails,1,18.0,3.6,14.4
JUL26-03170,Dinner,B04,Cocktails,1,18.0,3.6,14.4
JUL26-03177,Dinner,B04,Cocktails,1,18.0,3.6,14.4
JUL26-03184,Dinner,B04,Cocktails,1,18.0,3.6,14.4
JUL26-03191,Dinner,B04,Cocktails,1,18.0,3.6,14.4
JUL26-03198,Dinner,B04,Cocktails,1,18.0,3.6,14.4
JUL26-03205,Dinner,B04,Cocktails,1,18.0,3.6,14.4
JUL26-03212,Dinner,B04,Cocktails,1,18.0,3.6,14.4
JUL26-03219,Dinner,B04,Cocktails,1,18.0,3.6,14.4
JUL26-03226,Dinner,B04,Cocktails,1,18.0,3.6,14.4
JUL26-03233,Dinner,B04,Cocktails,1,18.0,3.6,14.4
JUL26-03240,Dinner,B04,Cocktails,1,18.0,3.6,14.4
JUL26-03247,Dinner,B04,Cocktails,1,18.0,3.6,14.4
JUL26-03254,Dinner,B04,Cocktails,1,18.0,3.6,14.4
JUL26-03261,Dinner,B04,Cocktails,1,18.0,3.6,14.4
JUL26-03268,Dinner,B04,Cocktails,1,18.0,3.6,14.4
JUL26-03275,Dinner,B04,Cocktails,1,18.0,3.6,14.4
JUL26-03282,Dinner,B04,Cocktails,1,18.0,3.6,14.4
JUL26-03289,Dinner,B04,Cocktails,1,18.0,3.6,14.4
JUL26-03296,Dinner,B04,Cocktails,1,18.0,3.6,14.4
JUL26-03303,Dinner,B04,Cocktails,1,18.0,3.6,14.4
JUL26-03310,Dinner,B04,Cocktails,1,18.0,3.6,14.4
JUL26-03317,Dinner,B04,Cocktails,1,18.0,3.6,14.4
JUL26-03324,Dinner,B04,Cocktails,1,18.0,3.6,14.4
JUL26-03331,Dinner,B04,Cocktails,1,18.0,3.6,14.4
JUL26-03338,Dinner,B04,Cocktails,1,18.0,3.6,14.4
JUL26-03345,Dinner,B04,Cocktails,1,18.0,3.6,14.4
JUL26-03352,Dinner,B04,Cocktails,1,18.0,3.6,14.4
JUL26-03359,Dinner,B04,Cocktails,1,18.0,3.6,14.4
JUL26-03366,Dinner,B04,Cocktails,1,18.0,3.6,14.4
JUL26-03373,Dinner,B04,Cocktails,1,18.0,3.6,14.4
JUL26-03380,Dinner,B04,Cocktails,1,18.0,3.6,14.4
JUL26-03387,Dinner,B04,Cocktails,1,18.0,3.6,14.4
JUL26-03394,Dinner,B04,Cocktails,1,18.0,3.6,14.4
JUL26-03401,Dinner,B04,Cocktails,1,18.0,3.6,14.4
JUL26-03408,Dinner,B04,Cocktails,1,18.0,3.6,14.4
JUL26-03415,Dinner,B04,Cocktails,1,18.0,3.6,14.4
JUL26-03422,Dinner,B04,Cocktails,1,18.0,3.6,14.4
JUL26-03429,Dinner,B04,Cocktails,1,18.0,3.6,14.4
JUL26-03436,Dinner,B04,Cocktails,1,18.0,3.6,14.4
JUL26-03443,Dinner,B04,Cocktails,1,18.0,3.6,14.4
JUL26-03450,Dinner,B04,Cocktails,1,18.0,3.6,14.4
JUL26-03457,Dinner,B04,Cocktails,1,18.0,3.6,14.4
JUL26-03464,Dinner,B04,Cocktails,1,18.0,3.6,14.4
JUL26-03471,Dinner,B04,Cocktails,1,18.0,3.6,14.4
JUL26-03478,Dinner,B04,Cocktails,1,18.0,3.6,14.4
JUL26-03485,Dinner,B04,Cocktails,1,18.0,3.6,14.4
JUL26-03492,Dinner,B04,Cocktails,1,18.0,3.6,14.4
JUL26-03499,Dinner,B04,Cocktails,1,18.0,3.6,14.4
JUL26-03506,Dinner,B04,Cocktails,1,18.0,3.6,14.4
JUL26-03513,Dinner,B04,Cocktails,1,18.0,3.6,14.4
JUL26-03520,Dinner,B04,Cocktails,1,18.0,3.6,14.4
JUL26-03527,Dinner,B04,Cocktails,1,18.0,3.6,14.4
JUL26-03534,Dinner,B04,Cocktails,1,18.0,3.6,14.4
JUL26-03541,Dinner,B04,Cocktails,1,18.0,3.6,14.4
JUL26-03548,Dinner,B04,Cocktails,1,18.0,3.6,14.4
JUL26-03555,Dinner,B04,Cocktails,1,18.0,3.6,14.4
JUL26-03562,Dinner,B04,Cocktails,1,18.0,3.6,14.4
JUL26-03569,Dinner,B04,Cocktails,1,18.0,3.6,14.4
JUL26-03576,Dinner,B04,Cocktails,1,18.0,3.6,14.4
JUL26-03583,Dinner,B04,Cocktails,1,18.0,3.6,14.4
JUL26-03590,Dinner,B04,Cocktails,1,18.0,3.6,14.4
JUL26-03597,Dinner,B04,Cocktails,1,18.0,3.6,14.4
JUL26-03604,Dinner,B04,Cocktails,1,18.0,3.6,14.4
JUL26-03611,Dinner,B04,Cocktails,1,18.0,3.6,14.4
JUL26-03618,Dinner,B04,Cocktails,1,18.0,3.6,14.4
JUL26-03625,Dinner,B04,Cocktails,1,18.0,3.6,14.4
JUL26-03632,Dinner,B04,Cocktails,1,18.0,3.6,14.4
JUL26-03639,Dinner,B04,Cocktails,1,18.0,3.6,14.4
JUL26-03646,Dinner,B04,Cocktails,1,18.0,3.6,14.4
JUL26-03653,Dinner,B04,Cocktails,1,18.0,3.6,14.4
JUL26-03660,Dinner,B04,Cocktails,1,18.0,3.6,14.4
JUL26-03667,Dinner,B04,Cocktails,1,18.0,3.6,14.4
JUL26-03674,Dinner,B04,Cocktails,1,18.0,3.6,14.4
JUL26-03681,Dinner,B04,Cocktails,1,18.0,3.6,14.4
JUL26-03688,Dinner,B04,Cocktails,1,18.0,3.6,14.4
JUL26-03695,Dinner,B04,Cocktails,1,18.0,3.6,14.4
JUL26-03702,Dinner,B04,Cocktails,1,18.0,3.6,14.4
JUL26-03709,Dinner,B04,Cocktails,1,18.0,3.6,14.4
JUL26-03716,Dinner,B04,Cocktails,1,18.0,3.6,14.4
JUL26-03723,Dinner,B04,Cocktails,1,18.0,3.6,14.4
JUL26-03730,Dinner,B04,Cocktails,1,18.0,3.6,14.4
JUL26-03737,Dinner,B04,Cocktails,1,18.0,3.6,14.4
JUL26-03744,Dinner,B04,Cocktails,1,18.0,3.6,14.4
JUL26-03751,Dinner,B04,Cocktails,1,18.0,3.6,14.4
JUL26-03758,Dinner,B04,Cocktails,1,18.0,3.6,14.4
JUL26-03765,Dinner,B04,Cocktails,1,18.0,3.6,14.4
JUL26-03772,Dinner,B04,Cocktails,1,18.0,3.6,14.4
JUL26-03779,Dinner,B04,Cocktails,1,18.0,3.6,14.4
JUL26-03786,Dinner,B04,Cocktails,1,18.0,3.6,14.4
JUL26-03793,Dinner,B04,Cocktails,1,18.0,3.6,14.4
JUL26-03800,Dinner,B04,Cocktails,1,18.0,3.6,14.4
JUL26-03807,Dinner,B04,Cocktails,1,18.0,3.6,14.4
JUL26-03814,Dinner,B04,Cocktails,1,18.0,3.6,14.4
JUL26-03821,Dinner,B04,Cocktails,1,18.0,3.6,14.4
JUL26-03828,Dinner,B04,Cocktails,1,18.0,3.6,14.4
JUL26-03835,Dinner,B04,Cocktails,1,18.0,3.6,14.4
JUL26-03842,Dinner,B04,Cocktails,1,18.0,3.6,14.4
JUL26-03849,Dinner,B04,Cocktails,1,18.0,3.6,14.4
JUL26-03856,Dinner,B04,Cocktails,1,18.0,3.6,14.4
JUL26-03863,Dinner,B04,Cocktails,1,18.0,3.6,14.4
JUL26-03870,Dinner,B04,Cocktails,1,18.0,3.6,14.4
JUL26-03877,Dinner,B04,Cocktails,1,18.0,3.6,14.4
JUL26-03884,Dinner,B04,Cocktails,1,18.0,3.6,14.4
JUL26-03891,Dinner,B04,Cocktails,1,18.0,3.6,14.4
JUL26-03898,Dinner,B04,Cocktails,1,18.0,3.6,14.4
JUL26-03905,Dinner,B04,Cocktails,1,18.0,3.6,14.4
JUL26-03912,Dinner,B04,Cocktails,1,18.0,3.6,14.4
JUL26-03919,Dinner,B04,Cocktails,1,18.0,3.6,14.4
JUL26-03926,Dinner,B04,Cocktails,1,18.0,3.6,14.4
JUL26-03933,Dinner,B04,Cocktails,1,18.0,3.6,14.4
JUL26-03940,Dinner,B04,Cocktails,1,18.0,3.6,14.4
JUL26-03947,Dinner,B04,Cocktails,1,18.0,3.6,14.4
JUL26-03954,Dinner,B04,Cocktails,1,18.0,3.6,14.4
JUL26-03961,Dinner,B04,Cocktails,1,18.0,3.6,14.4
JUL26-03968,Dinner,B04,Cocktails,1,18.0,3.6,14.4
JUL26-03975,Dinner,B04,Cocktails,1,18.0,3.6,14.4
JUL26-03982,Dinner,B04,Cocktails,1,18.0,3.6,14.4
JUL26-03989,Dinner,B04,Cocktails,1,18.0,3.6,14.4
JUL26-03996,Dinner,B04,Cocktails,1,18.0,3.6,14.4
JUL26-04003,Dinner,B04,Cocktails,1,18.0,3.6,14.4
JUL26-04010,Dinner,B04,Cocktails,1,18.0,3.6,14.4
JUL26-04017,Dinner,B04,Cocktails,1,18.0,3.6,14.4
JUL26-04024,Dinner,B04,Cocktails,1,18.0,3.6,14.4
JUL26-04031,Dinner,B04,Cocktails,1,18.0,3.6,14.4
JUL26-04038,Dinner,B04,Cocktails,1,18.0,3.6,14.4
JUL26-04045,Dinner,B04,Cocktails,1,18.0,3.6,14.4
JUL26-04052,Dinner,B04,Cocktails,1,18.0,3.6,14.4
JUL26-04059,Dinner,B04,Cocktails,1,18.0,3.6,14.4
JUL26-04066,Dinner,B04,Cocktails,1,18.0,3.6,14.4
JUL26-04073,Dinner,B04,Cocktails,1,18.0,3.6,14.4
JUL26-04080,Dinner,B04,Cocktails,1,18.0,3.6,14.4
JUL26-04087,Dinner,B04,Cocktails,1,18.0,3.6,14.4
JUL26-04094,Dinner,B04,Cocktails,1,18.0,3.6,14.4
JUL26-04101,Dinner,B04,Cocktails,1,18.0,3.6,14.4
JUL26-04108,Dinner,B04,Cocktails,1,18.0,3.6,14.4
JUL26-04115,Dinner,B04,Cocktails,1,18.0,3.6,14.4
JUL26-04122,Dinner,B04,Cocktails,1,18.0,3.6,14.4
JUL26-04129,Dinner,B04,Cocktails,1,18.0,3.6,14.4
JUL26-04136,Dinner,B04,Cocktails,1,18.0,3.6,14.4
JUL26-04143,Dinner,B04,Cocktails,1,18.0,3.6,14.4
JUL26-04150,Dinner,B04,Cocktails,1,18.0,3.6,14.4
JUL26-04157,Dinner,B04,Cocktails,1,18.0,3.6,14.4
JUL26-04164,Dinner,B04,Cocktails,1,18.0,3.6,14.4
JUL26-04171,Dinner,B04,Cocktails,1,18.0,3.6,14.4
JUL26-04178,Dinner,B04,Cocktails,1,18.0,3.6,14.4
JUL26-04185,Dinner,B04,Cocktails,1,18.0,3.6,14.4
JUL26-04192,Dinner,B04,Cocktails,1,18.0,3.6,14.4
JUL26-04199,Dinner,B04,Cocktails,1,18.0,3.6,14.4
JUL26-04206,Dinner,B04,Cocktails,1,18.0,3.6,14.4
JUL26-04213,Dinner,B04,Cocktails,1,18.0,3.6,14.4
JUL26-04220,Dinner,B04,Cocktails,1,18.0,3.6,14.4
JUL26-04227,Dinner,B04,Cocktails,1,18.0,3.6,14.4
JUL26-04234,Dinner,B04,Cocktails,1,18.0,3.6,14.4
JUL26-04241,Dinner,B04,Cocktails,1,18.0,3.6,14.4
JUL26-04248,Dinner,B04,Cocktails,1,18.0,3.6,14.4
JUL26-04255,Dinner,B04,Cocktails,1,18.0,3.6,14.4
JUL26-04262,Dinner,B04,Cocktails,1,18.0,3.6,14.4
JUL26-04269,Dinner,B04,Cocktails,1,18.0,3.6,14.4
JUL26-04276,Dinner,B04,Cocktails,1,18.0,3.6,14.4
JUL26-04283,Dinner,B04,Cocktails,1,18.0,3.6,14.4
JUL26-04290,Dinner,B04,Cocktails,1,18.0,3.6,14.4
JUL26-04297,Dinner,B04,Cocktails,1,18.0,3.6,14.4
JUL26-04304,Dinner,B04,Cocktails,1,18.0,3.6,14.4
JUL26-04311,Dinner,B04,Cocktails,1,18.0,3.6,14.4
JUL26-04318,Dinner,B04,Cocktails,1,18.0,3.6,14.4
JUL26-04325,Dinner,B04,Cocktails,1,18.0,3.6,14.4
JUL26-04332,Dinner,B04,Cocktails,1,18.0,3.6,14.4
JUL26-04339,Dinner,B04,Cocktails,1,18.0,3.6,14.4
JUL26-04346,Dinner,B04,Cocktails,1,18.0,3.6,14.4
JUL26-04353,Dinner,B04,Cocktails,1,18.0,3.6,14.4
JUL26-04360,Dinner,B04,Cocktails,1,18.0,3.6,14.4
JUL26-04367,Dinner,B04,Cocktails,1,18.0,3.6,14.4
JUL26-04374,Dinner,B04,Cocktails,1,18.0,3.6,14.4
JUL26-04381,Dinner,B04,Cocktails,1,18.0,3.6,14.4
JUL26-04388,Dinner,B04,Cocktails,1,18.0,3.6,14.4
JUL26-04395,Dinner,B04,Cocktails,1,18.0,3.6,14.4
JUL26-04402,Dinner,B04,Cocktails,1,18.0,3.6,14.4
JUL26-04409,Dinner,B04,Cocktails,1,18.0,3.6,14.4
JUL26-04416,Dinner,B04,Cocktails,1,18.0,3.6,14.4
JUL26-04423,Dinner,B04,Cocktails,1,18.0,3.6,14.4
JUL26-04430,Dinner,B04,Cocktails,1,18.0,3.6,14.4
JUL26-04437,Dinner,B04,Cocktails,1,18.0,3.6,14.4
JUL26-04444,Dinner,B04,Cocktails,1,18.0,3.6,14.4
JUL26-04451,Dinner,B04,Cocktails,1,18.0,3.6,14.4
JUL26-04458,Dinner,B04,Cocktails,1,18.0,3.6,14.4
JUL26-04465,Dinner,B04,Cocktails,1,18.0,3.6,14.4
JUL26-04472,Dinner,B04,Cocktails,1,18.0,3.6,14.4
JUL26-04479,Dinner,B04,Cocktails,1,18.0,3.6,14.4
JUL26-04486,Dinner,B04,Cocktails,1,18.0,3.6,14.4
JUL26-04493,Dinner,B04,Cocktails,1,18.0,3.6,14.4
JUL26-04500,Dinner,B04,Cocktails,1,18.0,3.6,14.4
JUL26-04507,Dinner,B04,Cocktails,1,18.0,3.6,14.4
JUL26-04514,Dinner,B04,Cocktails,1,18.0,3.6,14.4
JUL26-04521,Dinner,B04,Cocktails,1,18.0,3.6,14.4
JUL26-04528,Dinner,B04,Cocktails,1,18.0,3.6,14.4
JUL26-04535,Dinner,B04,Cocktails,1,18.0,3.6,14.4
JUL26-04542,Dinner,B04,Cocktails,1,18.0,3.6,14.4
JUL26-04549,Dinner,B04,Cocktails,1,18.0,3.6,14.4
JUL26-04556,Dinner,B04,Cocktails,1,18.0,3.6,14.4
JUL26-04563,Dinner,B04,Cocktails,1,18.0,3.6,14.4
JUL26-04570,Dinner,B04,Cocktails,1,18.0,3.6,14.4
JUL26-04577,Delivery / Takeaway,B04,Cocktails,1,18.0,3.6,14.4
JUL26-04584,Delivery / Takeaway,B04,Cocktails,1,18.0,3.6,14.4
JUL26-04591,Delivery / Takeaway,B04,Cocktails,1,18.0,3.6,14.4
JUL26-04598,Delivery / Takeaway,B04,Cocktails,1,18.0,3.6,14.4
JUL26-04605,Delivery / Takeaway,B04,Cocktails,1,18.0,3.6,14.4
JUL26-04612,Delivery / Takeaway,B04,Cocktails,1,18.0,3.6,14.4
JUL26-04619,Delivery / Takeaway,B04,Cocktails,1,18.0,3.6,14.4
JUL26-04626,Delivery / Takeaway,B04,Cocktails,1,18.0,3.6,14.4
JUL26-04633,Delivery / Takeaway,B04,Cocktails,1,18.0,3.6,14.4
JUL26-04640,Delivery / Takeaway,B04,Cocktails,1,18.0,3.6,14.4
JUL26-04647,Delivery / Takeaway,B04,Cocktails,1,18.0,3.6,14.4
JUL26-04654,Delivery / Takeaway,B04,Cocktails,1,18.0,3.6,14.4
JUL26-04661,Delivery / Takeaway,B04,Cocktails,1,18.0,3.6,14.4
JUL26-04668,Delivery / Takeaway,B04,Cocktails,1,18.0,3.6,14.4
JUL26-04675,Delivery / Takeaway,B04,Cocktails,1,18.0,3.6,14.4
JUL26-04682,Delivery / Takeaway,B04,Cocktails,1,18.0,3.6,14.4
JUL26-04689,Delivery / Takeaway,B04,Cocktails,1,18.0,3.6,14.4
JUL26-04696,Delivery / Takeaway,B04,Cocktails,1,18.0,3.6,14.4
JUL26-04703,Delivery / Takeaway,B04,Cocktails,1,18.0,3.6,14.4
JUL26-04710,Delivery / Takeaway,B04,Cocktails,1,18.0,3.6,14.4
JUL26-04717,Delivery / Takeaway,B04,Cocktails,1,18.0,3.6,14.4
JUL26-04724,Delivery / Takeaway,B04,Cocktails,1,18.0,3.6,14.4
JUL26-04731,Delivery / Takeaway,B04,Cocktails,1,18.0,3.6,14.4
JUL26-04738,Delivery / Takeaway,B04,Cocktails,1,18.0,3.6,14.4
JUL26-04745,Delivery / Takeaway,B04,Cocktails,1,18.0,3.6,14.4
JUL26-04752,Delivery / Takeaway,B04,Cocktails,1,18.0,3.6,14.4
JUL26-04759,Delivery / Takeaway,B04,Cocktails,1,18.0,3.6,14.4
JUL26-04766,Delivery / Takeaway,B04,Cocktails,1,18.0,3.6,14.4
JUL26-04773,Delivery / Takeaway,B04,Cocktails,1,18.0,3.6,14.4
JUL26-04780,Delivery / Takeaway,B04,Cocktails,1,18.0,3.6,14.4
JUL26-04787,Delivery / Takeaway,B04,Cocktails,1,18.0,3.6,14.4
JUL26-04794,Delivery / Takeaway,B04,Cocktails,1,18.0,3.6,14.4
JUL26-04801,Delivery / Takeaway,B04,Cocktails,1,18.0,3.6,14.4
JUL26-04808,Delivery / Takeaway,B04,Cocktails,1,18.0,3.6,14.4
JUL26-04815,Delivery / Takeaway,B04,Cocktails,1,18.0,3.6,14.4
JUL26-04822,Delivery / Takeaway,B04,Cocktails,1,18.0,3.6,14.4
JUL26-04829,Delivery / Takeaway,B04,Cocktails,1,18.0,3.6,14.4
JUL26-04836,Delivery / Takeaway,B04,Cocktails,1,18.0,3.6,14.4
JUL26-04843,Delivery / Takeaway,B04,Cocktails,1,18.0,3.6,14.4
JUL26-04850,Delivery / Takeaway,B04,Cocktails,1,18.0,3.6,14.4
JUL26-04857,Delivery / Takeaway,B04,Cocktails,1,18.0,3.6,14.4
JUL26-04864,Delivery / Takeaway,B04,Cocktails,1,18.0,3.6,14.4
JUL26-04871,Delivery / Takeaway,B04,Cocktails,1,18.0,3.6,14.4
JUL26-04878,Delivery / Takeaway,B04,Cocktails,1,18.0,3.6,14.4
JUL26-04885,Delivery / Takeaway,B04,Cocktails,1,18.0,3.6,14.4
JUL26-04892,Delivery / Takeaway,B04,Cocktails,1,18.0,3.6,14.4
JUL26-04899,Delivery / Takeaway,B04,Cocktails,1,18.0,3.6,14.4
JUL26-04906,Delivery / Takeaway,B04,Cocktails,1,18.0,3.6,14.4
JUL26-04913,Delivery / Takeaway,B04,Cocktails,1,18.0,3.6,14.4
JUL26-04920,Delivery / Takeaway,B04,Cocktails,1,18.0,3.6,14.4
JUL26-04927,Delivery / Takeaway,B04,Cocktails,1,18.0,3.6,14.4
JUL26-04934,Delivery / Takeaway,B04,Cocktails,1,18.0,3.6,14.4
JUL26-04941,Delivery / Takeaway,B04,Cocktails,1,18.0,3.6,14.4
JUL26-04948,Delivery / Takeaway,B04,Cocktails,1,18.0,3.6,14.4
JUL26-04955,Delivery / Takeaway,B04,Cocktails,1,18.0,3.6,14.4
JUL26-04962,Delivery / Takeaway,B04,Cocktails,1,18.0,3.6,14.4
JUL26-04969,Delivery / Takeaway,B04,Cocktails,1,18.0,3.6,14.4
JUL26-04976,Delivery / Takeaway,B04,Cocktails,1,18.0,3.6,14.4
JUL26-04983,Delivery / Takeaway,B04,Cocktails,1,18.0,3.6,14.4
JUL26-04990,Delivery / Takeaway,B04,Cocktails,1,18.0,3.6,14.4
JUL26-04997,Delivery / Takeaway,B04,Cocktails,1,18.0,3.6,14.4
JUL26-05004,Delivery / Takeaway,B04,Cocktails,1,18.0,3.6,14.4
JUL26-05011,Delivery / Takeaway,B04,Cocktails,1,18.0,3.6,14.4
JUL26-05018,Delivery / Takeaway,B04,Cocktails,1,18.0,3.6,14.4
JUL26-05025,Delivery / Takeaway,B04,Cocktails,1,18.0,3.6,14.4
JUL26-05032,Delivery / Takeaway,B04,Cocktails,1,18.0,3.6,14.4
JUL26-05039,Delivery / Takeaway,B04,Cocktails,1,18.0,3.6,14.4
JUL26-05046,Delivery / Takeaway,B04,Cocktails,1,18.0,3.6,14.4
JUL26-05053,Delivery / Takeaway,B04,Cocktails,1,18.0,3.6,14.4
JUL26-05060,Delivery / Takeaway,B04,Cocktails,1,18.0,3.6,14.4
JUL26-05067,Delivery / Takeaway,B04,Cocktails,1,18.0,3.6,14.4
JUL26-05074,Delivery / Takeaway,B04,Cocktails,1,18.0,3.6,14.4
JUL26-05081,Delivery / Takeaway,B04,Cocktails,1,18.0,3.6,14.4
JUL26-05088,Delivery / Takeaway,B04,Cocktails,1,18.0,3.6,14.4
JUL26-05095,Delivery / Takeaway,B04,Cocktails,1,18.0,3.6,14.4
JUL26-05102,Delivery / Takeaway,B04,Cocktails,1,18.0,3.6,14.4
JUL26-05109,Delivery / Takeaway,B04,Cocktails,1,18.0,3.6,14.4
JUL26-05116,Delivery / Takeaway,B04,Cocktails,1,18.0,3.6,14.4
JUL26-05123,Delivery / Takeaway,B04,Cocktails,1,18.0,3.6,14.4
JUL26-05130,Delivery / Takeaway,B04,Cocktails,1,18.0,3.6,14.4
JUL26-05137,Delivery / Takeaway,B04,Cocktails,1,18.0,3.6,14.4
JUL26-05144,Delivery / Takeaway,B04,Cocktails,1,18.0,3.6,14.4
JUL26-05151,Delivery / Takeaway,B04,Cocktails,1,18.0,3.6,14.4
JUL26-05158,Delivery / Takeaway,B04,Cocktails,1,18.0,3.6,14.4
JUL26-05165,Delivery / Takeaway,B04,Cocktails,1,18.0,3.6,14.4
JUL26-05172,Delivery / Takeaway,B04,Cocktails,1,18.0,3.6,14.4
JUL26-05179,Delivery / Takeaway,B04,Cocktails,1,18.0,3.6,14.4
JUL26-05186,Delivery / Takeaway,B04,Cocktails,1,18.0,3.6,14.4
JUL26-05193,Delivery / Takeaway,B04,Cocktails,1,18.0,3.6,14.4
JUL26-05200,Delivery / Takeaway,B04,Cocktails,1,18.0,3.6,14.4
JUL26-05207,Delivery / Takeaway,B04,Cocktails,1,18.0,3.6,14.4
JUL26-05214,Delivery / Takeaway,B04,Cocktails,1,18.0,3.6,14.4
JUL26-05221,Delivery / Takeaway,B04,Cocktails,1,18.0,3.6,14.4
JUL26-05228,Delivery / Takeaway,B04,Cocktails,1,18.0,3.6,14.4
JUL26-05235,Delivery / Takeaway,B04,Cocktails,1,18.0,3.6,14.4
JUL26-05242,Delivery / Takeaway,B04,Cocktails,1,18.0,3.6,14.4
JUL26-05249,Delivery / Takeaway,B04,Cocktails,1,18.0,3.6,14.4
JUL26-05256,Delivery / Takeaway,B04,Cocktails,1,18.0,3.6,14.4
JUL26-05263,Delivery / Takeaway,B04,Cocktails,1,18.0,3.6,14.4
JUL26-05270,Delivery / Takeaway,B04,Cocktails,1,18.0,3.6,14.4
JUL26-05277,Delivery / Takeaway,B04,Cocktails,1,18.0,3.6,14.4
JUL26-05284,Delivery / Takeaway,B04,Cocktails,1,18.0,3.6,14.4
JUL26-05291,Delivery / Takeaway,B04,Cocktails,1,18.0,3.6,14.4
JUL26-05298,Delivery / Takeaway,B04,Cocktails,1,18.0,3.6,14.4
JUL26-05305,Delivery / Takeaway,B04,Cocktails,1,18.0,3.6,14.4
JUL26-05312,Delivery / Takeaway,B04,Cocktails,1,18.0,3.6,14.4
JUL26-05319,Delivery / Takeaway,B04,Cocktails,1,18.0,3.6,14.4
JUL26-05326,Private Event,B04,Cocktails,1,18.0,3.6,14.4
JUL26-05333,Private Event,B04,Cocktails,1,18.0,3.6,14.4
JUL26-05340,Private Event,B04,Cocktails,1,18.0,3.6,14.4
JUL26-05347,Private Event,B04,Cocktails,1,18.0,3.6,14.4
JUL26-05354,Private Event,B04,Cocktails,1,18.0,3.6,14.4
JUL26-05361,Private Event,B04,Cocktails,1,18.0,3.6,14.4
JUL26-05368,Private Event,B04,Cocktails,1,18.0,3.6,14.4
JUL26-05375,Private Event,B04,Cocktails,1,18.0,3.6,14.4
JUL26-05382,Private Event,B04,Cocktails,1,18.0,3.6,14.4
JUL26-05389,Private Event,B04,Cocktails,1,18.0,3.6,14.4
JUL26-05396,Private Event,B04,Cocktails,1,18.0,3.6,14.4
JUL26-05403,Private Event,B04,Cocktails,1,18.0,3.6,14.4
JUL26-05410,Private Event,B04,Cocktails,1,18.0,3.6,14.4
JUL26-05417,Private Event,B04,Cocktails,1,18.0,3.6,14.4
JUL26-05424,Private Event,B04,Cocktails,1,18.0,3.6,14.4
JUL26-05431,Private Event,B04,Cocktails,1,18.0,3.6,14.4
JUL26-05438,Private Event,B04,Cocktails,1,18.0,3.6,14.4
JUL26-05445,Private Event,B04,Cocktails,1,18.0,3.6,14.4
JUL26-05452,Private Event,B04,Cocktails,1,18.0,3.6,14.4
JUL26-05459,Private Event,B04,Cocktails,1,18.0,3.6,14.4
JUL26-05466,Private Event,B04,Cocktails,1,18.0,3.6,14.4
JUL26-05473,Private Event,B04,Cocktails,1,18.0,3.6,14.4
JUL26-05480,Private Event,B04,Cocktails,1,18.0,3.6,14.4
JUL26-05487,Private Event,B04,Cocktails,1,18.0,3.6,14.4
JUL26-05494,Private Event,B04,Cocktails,1,18.0,3.6,14.4
JUL26-05501,Private Event,B04,Cocktails,1,18.0,3.6,14.4
JUL26-05508,Private Event,B04,Cocktails,1,18.0,3.6,14.4
JUL26-05515,Private Event,B04,Cocktails,1,18.0,3.6,14.4
JUL26-05522,Private Event,B04,Cocktails,1,18.0,3.6,14.4
JUL26-05529,Private Event,B04,Cocktails,1,18.0,3.6,14.4
JUL26-05536,Private Event,B04,Cocktails,1,18.0,3.6,14.4
JUL26-05543,Private Event,B04,Cocktails,1,18.0,3.6,14.4
JUL26-05550,Private Event,B04,Cocktails,1,18.0,3.6,14.4
JUL26-05557,Private Event,B04,Cocktails,1,18.0,3.6,14.4
JUL26-05564,Corporate / Group,B04,Cocktails,1,18.0,3.6,14.4
JUL26-05571,Corporate / Group,B04,Cocktails,1,18.0,3.6,14.4
JUL26-05578,Corporate / Group,B04,Cocktails,1,18.0,3.6,14.4
JUL26-05585,Corporate / Group,B04,Cocktails,1,18.0,3.6,14.4
JUL26-05592,Corporate / Group,B04,Cocktails,1,18.0,3.6,14.4
JUL26-05599,Corporate / Group,B04,Cocktails,1,18.0,3.6,14.4
JUL26-05606,Corporate / Group,B04,Cocktails,1,18.0,3.6,14.4
JUL26-05613,Corporate / Group,B04,Cocktails,1,18.0,3.6,14.4
JUL26-05620,Corporate / Group,B04,Cocktails,1,18.0,3.6,14.4
JUL26-05627,Corporate / Group,B04,Cocktails,1,18.0,3.6,14.4
JUL26-05634,Corporate / Group,B04,Cocktails,1,18.0,3.6,14.4
JUL26-05641,Corporate / Group,B04,Cocktails,1,18.0,3.6,14.4
JUL26-05648,Corporate / Group,B04,Cocktails,1,18.0,3.6,14.4
JUL26-00005,Brunch,B04,Cocktails,1,18.0,3.6,14.4
JUL26-00012,Brunch,B04,Cocktails,1,18.0,3.6,14.4
JUL26-00019,Brunch,B04,Cocktails,1,18.0,3.6,14.4
JUL26-00026,Brunch,B04,Cocktails,1,18.0,3.6,14.4
JUL26-00033,Brunch,B04,Cocktails,1,18.0,3.6,14.4
JUL26-00040,Brunch,B04,Cocktails,1,18.0,3.6,14.4
JUL26-00047,Brunch,B04,Cocktails,1,18.0,3.6,14.4
JUL26-00054,Brunch,B04,Cocktails,1,18.0,3.6,14.4
JUL26-00061,Brunch,B04,Cocktails,1,18.0,3.6,14.4
JUL26-00068,Brunch,B04,Cocktails,1,18.0,3.6,14.4
JUL26-00075,Brunch,B04,Cocktails,1,18.0,3.6,14.4
JUL26-00082,Brunch,B04,Cocktails,1,18.0,3.6,14.4
JUL26-00089,Brunch,B04,Cocktails,1,18.0,3.6,14.4
JUL26-00096,Brunch,B04,Cocktails,1,18.0,3.6,14.4
JUL26-00103,Brunch,B04,Cocktails,1,18.0,3.6,14.4
JUL26-00110,Brunch,B04,Cocktails,1,18.0,3.6,14.4
JUL26-00117,Brunch,B04,Cocktails,1,18.0,3.6,14.4
JUL26-00124,Brunch,B04,Cocktails,1,18.0,3.6,14.4
JUL26-00131,Brunch,B04,Cocktails,1,18.0,3.6,14.4
JUL26-00138,Brunch,B04,Cocktails,1,18.0,3.6,14.4
JUL26-00145,Brunch,B04,Cocktails,1,18.0,3.6,14.4
